Participant_ID,Age,Gender,Site,Block_Number,Trial_Number,Trial_Type,SOA,Side,Response,Reaction_Time,Adjusted_RT,AV_Sync_Correction,Timestamp,Experiment
002,19,m,vandy,1,1,audiovisual,-300,,1,6.9108857999090105,6.890885799909011,-20.0,74.49025419983082,sj
002,19,m,vandy,1,2,audiovisual,50,,1,1.6944757997989655,1.6744757997989654,-20.0,82.69356439984404,sj
002,19,m,vandy,1,3,audiovisual,50,,1,1.0808333000168204,1.0608333000168204,-20.0,86.4007540999446,sj
002,19,m,vandy,1,4,audiovisual,-300,,2,1.2411092000547796,1.2211092000547796,-20.0,89.4153503999114,sj
002,19,m,vandy,1,5,audiovisual,300,,2,1.0296300000045449,1.0096300000045448,-20.0,92.58981069992296,sj
002,19,m,vandy,1,6,audiovisual,-300,,2,1.0135693999473006,0.9935693999473005,-20.0,94.75269929994829,sj
002,19,m,vandy,1,7,audiovisual,-50,,2,0.8531609999481589,0.8331609999481588,-20.0,97.13885289989412,sj
002,19,m,vandy,1,8,audiovisual,50,,1,1.4003558000549674,1.3803558000549674,-20.0,99.41898279986344,sj
002,19,m,vandy,1,9,audiovisual,-100,,1,1.3614496998488903,1.3414496998488903,-20.0,101.87273679999635,sj
002,19,m,vandy,1,10,audiovisual,100,,1,1.3247074999380857,1.3047074999380857,-20.0,104.35458949999884,sj
002,19,m,vandy,1,11,audiovisual,0,,1,1.1075130999088287,1.0875130999088287,-20.0,107.57316399994306,sj
002,19,m,vandy,1,12,audiovisual,200,,2,1.5079713000450283,1.4879713000450283,-20.0,110.4630368000362,sj
002,19,m,vandy,1,13,audiovisual,150,,1,2.0674894000403583,2.0474894000403583,-20.0,113.74428780004382,sj
002,19,m,vandy,1,14,audiovisual,250,,2,0.9466347000561655,0.9266347000561654,-20.0,117.29224539990537,sj
002,19,m,vandy,1,15,audiovisual,50,,2,7.270113700069487,7.2501137000694875,-20.0,119.90631200000644,sj
002,19,m,vandy,1,16,audiovisual,-100,,2,0.8824031997937709,0.8624031997937709,-20.0,128.5366944000125,sj
002,19,m,vandy,1,17,audiovisual,-100,,2,1.9460199000313878,1.9260199000313878,-20.0,130.95221209991723,sj
002,19,m,vandy,1,18,audiovisual,-100,,2,2.188556500012055,2.168556500012055,-20.0,134.8179766999092,sj
002,19,m,vandy,1,19,audiovisual,250,,2,0.9345026998780668,0.9145026998780668,-20.0,138.15263949986547,sj
002,19,m,vandy,1,20,audiovisual,-100,,2,1.4816904000472277,1.4616904000472277,-20.0,140.35402609989978,sj
002,19,m,vandy,1,21,audiovisual,50,,1,4.084393199998885,4.064393199998886,-20.0,143.23513889987953,sj
002,19,m,vandy,1,22,audiovisual,150,,1,1.8545697000809014,1.8345697000809014,-20.0,149.17215660004877,sj
002,19,m,vandy,1,23,audiovisual,-300,,2,0.9879000000655651,0.9679000000655651,-20.0,152.6382120999042,sj
002,19,m,vandy,1,24,audiovisual,150,,2,3.14856499992311,3.12856499992311,-20.0,155.22612020000815,sj
002,19,m,vandy,1,25,audiovisual,-100,,1,2.6976248000282794,2.6776248000282794,-20.0,160.08066279999912,sj
002,19,m,vandy,1,26,audiovisual,0,,1,1.85448980005458,1.83448980005458,-20.0,164.5124649000354,sj
002,19,m,vandy,1,27,audiovisual,-100,,1,3.0018758000805974,2.9818758000805974,-20.0,168.01748449984007,sj
002,19,m,vandy,1,28,audiovisual,-250,,2,1.0935446000657976,1.0735446000657975,-20.0,172.60535699990578,sj
002,19,m,vandy,1,29,audiovisual,150,,2,2.5626047998666763,2.5426047998666763,-20.0,174.8067913998384,sj
002,19,m,vandy,1,30,audiovisual,-250,,2,0.9341117001604289,0.9141117001604289,-20.0,179.1550177000463,sj
002,19,m,vandy,1,31,audiovisual,300,,2,0.947409600019455,0.9274096000194549,-20.0,181.35604840004817,sj
002,19,m,vandy,1,32,audiovisual,-150,,2,1.0002605998888612,0.9802605998888612,-20.0,184.2231697998941,sj
002,19,m,vandy,1,33,audiovisual,-250,,2,0.9069107999093831,0.886910799909383,-20.0,186.6241251998581,sj
002,19,m,vandy,1,34,audiovisual,-300,,2,0.7605722998268902,0.7405722998268902,-20.0,189.10500340000726,sj
002,19,m,vandy,1,35,audiovisual,-100,,1,1.6811456999275833,1.6611456999275833,-20.0,191.47949970001355,sj
002,19,m,vandy,1,36,audiovisual,-300,,1,3.8551236998755485,3.8351236998755485,-20.0,194.96170890005305,sj
002,19,m,vandy,1,37,audiovisual,300,,2,0.774084199918434,0.754084199918434,-20.0,200.11004729988053,sj
002,19,m,vandy,1,38,audiovisual,250,,1,1.705548900179565,1.685548900179565,-20.0,202.6033142998349,sj
002,19,m,vandy,1,39,audiovisual,200,,2,0.840275099966675,0.820275099966675,-20.0,205.33770000003278,sj
002,19,m,vandy,1,40,audiovisual,200,,1,0.9072488001547754,0.8872488001547754,-20.0,207.31244580005296,sj
002,19,m,vandy,1,41,audiovisual,150,,1,1.7214739001356065,1.7014739001356065,-20.0,209.32603949983604,sj
002,19,m,vandy,1,42,audiovisual,-100,,1,8.336341000162065,8.316341000162065,-20.0,212.807110699825,sj
002,19,m,vandy,1,43,audiovisual,-150,,1,1.3470267998054624,1.3270267998054623,-20.0,222.54409900004975,sj
002,19,m,vandy,1,44,audiovisual,-250,,1,1.4282686999067664,1.4082686999067664,-20.0,225.06470569991507,sj
002,19,m,vandy,1,45,audiovisual,-300,,1,10.164564299862832,10.144564299862832,-20.0,228.38646660000086,sj
002,19,m,vandy,1,46,audiovisual,-100,,1,0.9083565000910312,0.8883565000910312,-20.0,239.77718229987659,sj
002,19,m,vandy,1,47,audiovisual,-50,,1,0.8935293999966234,0.8735293999966234,-20.0,241.752141200006,sj
002,19,m,vandy,1,48,audiovisual,150,,2,2.414438100066036,2.394438100066036,-20.0,244.67195670004003,sj
002,19,m,vandy,1,49,audiovisual,-200,,2,1.747912700055167,1.727912700055167,-20.0,248.5400541999843,sj
002,19,m,vandy,1,50,audiovisual,250,,2,0.8134324999991804,0.7934324999991804,-20.0,251.8215043998789,sj
002,19,m,vandy,1,51,audiovisual,250,,2,1.4563743998296559,1.4363743998296559,-20.0,254.11534020002,sj
002,19,m,vandy,1,52,audiovisual,-50,,1,0.6704432000406086,0.6504432000406086,-20.0,256.8126272999216,sj
002,19,m,vandy,1,53,audiovisual,200,,1,1.3066072000656277,1.2866072000656277,-20.0,259.01413200004026,sj
002,19,m,vandy,1,54,audiovisual,100,,1,0.707551899831742,0.687551899831742,-20.0,261.62504149996676,sj
002,19,m,vandy,1,55,audiovisual,250,,2,0.8684523000847548,0.8484523000847548,-20.0,263.91895490000024,sj
002,19,m,vandy,1,56,audiovisual,300,,2,0.9201954000163823,0.9001954000163823,-20.0,266.48019479983486,sj
002,19,m,vandy,1,57,audiovisual,250,,1,2.0150200000498444,1.9950200000498444,-20.0,268.49418519996107,sj
002,19,m,vandy,1,58,audiovisual,200,,1,1.6946080999914557,1.6746080999914557,-20.0,272.3621117998846,sj
002,19,m,vandy,1,59,audiovisual,-150,,1,4.200092600192875,4.180092600192875,-20.0,276.0302530999761,sj
002,19,m,vandy,1,60,audiovisual,-250,,1,1.0006176000460982,0.9806176000460982,-20.0,281.35225549992174,sj
002,19,m,vandy,1,61,audiovisual,100,,1,0.5873093998525292,0.5673093998525292,-20.0,283.7528480000328,sj
002,19,m,vandy,1,62,audiovisual,0,,1,0.6941376000177115,0.6741376000177115,-20.0,286.26048829988576,sj
002,19,m,vandy,1,63,audiovisual,-300,,1,1.2102435999549925,1.1902435999549925,-20.0,288.68787419982255,sj
002,19,m,vandy,1,64,audiovisual,300,,2,0.8808561000041664,0.8608561000041663,-20.0,291.02230469998904,sj
002,19,m,vandy,1,65,audiovisual,0,,1,0.8672305000945926,0.8472305000945926,-20.0,293.7035278000403,sj
002,19,m,vandy,1,66,audiovisual,-150,,1,2.4412887999787927,2.4212887999787926,-20.0,296.18407479999587,sj
002,19,m,vandy,1,67,audiovisual,-250,,1,0.9066596000920981,0.8866596000920981,-20.0,300.1459433999844,sj
002,19,m,vandy,1,68,audiovisual,250,,2,0.6405237000435591,0.6205237000435591,-20.0,302.46585779986344,sj
002,19,m,vandy,1,69,audiovisual,300,,2,1.3517752999905497,1.3317752999905497,-20.0,304.4671151000075,sj
002,19,m,vandy,1,70,audiovisual,250,,1,1.3760031999554485,1.3560031999554485,-20.0,307.7518414000515,sj
002,19,m,vandy,1,71,audiovisual,-250,,1,1.40074329986237,1.3807432998623699,-20.0,310.55197559995577,sj
002,19,m,vandy,1,72,audiovisual,50,,1,0.7325347000733018,0.7125347000733018,-20.0,313.12350420001894,sj
002,19,m,vandy,1,73,audiovisual,100,,1,0.8405977999791503,0.8205977999791503,-20.0,315.3648530000355,sj
002,19,m,vandy,1,74,audiovisual,200,,1,0.787254499970004,0.767254499970004,-20.0,317.6319911000319,sj
002,19,m,vandy,1,75,audiovisual,-50,,1,0.5729259999934584,0.5529259999934584,-20.0,319.47289439989254,sj
002,19,m,vandy,1,76,audiovisual,250,,2,0.6145013999193907,0.5945013999193907,-20.0,321.5929562000092,sj
002,19,m,vandy,1,77,audiovisual,250,,1,0.8004536000080407,0.7804536000080406,-20.0,323.96749920002185,sj
002,19,m,vandy,1,78,audiovisual,50,,1,0.600124399876222,0.580124399876222,-20.0,326.26196719985455,sj
002,19,m,vandy,1,79,audiovisual,-100,,1,0.4959761998616159,0.4759761998616159,-20.0,328.42233669990674,sj
002,19,m,vandy,1,80,audiovisual,-150,,1,0.6677382001653314,0.6477382001653313,-20.0,330.81170139997266,sj
002,19,m,vandy,1,81,audiovisual,-200,,1,0.5203089001588523,0.5003089001588523,-20.0,333.1581784998998,sj
002,19,m,vandy,1,82,audiovisual,100,,1,0.5341918999329209,0.5141918999329209,-20.0,335.19880699994974,sj
002,19,m,vandy,1,83,audiovisual,-200,,1,0.599634800106287,0.579634800106287,-20.0,337.5460294999648,sj
002,19,m,vandy,1,84,audiovisual,-150,,1,0.547927999868989,0.527927999868989,-20.0,339.3199683998246,sj
002,19,m,vandy,1,85,audiovisual,-300,,2,0.8000576000194997,0.7800576000194996,-20.0,341.04090579994954,sj
002,19,m,vandy,1,86,audiovisual,0,,1,0.40070150000974536,0.38070150000974534,-20.0,343.20135829993524,sj
002,19,m,vandy,1,87,audiovisual,-50,,1,0.4160879999399185,0.3960879999399185,-20.0,344.76203250000253,sj
002,19,m,vandy,1,88,audiovisual,-50,,1,0.6009190001059324,0.5809190001059323,-20.0,346.552629499929,sj
002,19,m,vandy,1,89,audiovisual,-150,,1,1.3086518000345677,1.2886518000345677,-20.0,348.85666809999384,sj
002,19,m,vandy,1,90,audiovisual,250,,2,0.6809064000844955,0.6609064000844955,-20.0,351.51233739987947,sj
002,19,m,vandy,1,91,audiovisual,300,,2,0.8273136001080275,0.8073136001080274,-20.0,353.2980787998531,sj
002,19,m,vandy,1,92,audiovisual,0,,1,0.720103400060907,0.700103400060907,-20.0,355.67299119988456,sj
002,19,m,vandy,1,93,audiovisual,100,,1,1.1608170999679714,1.1408170999679714,-20.0,357.57986739999615,sj
002,19,m,vandy,1,94,audiovisual,-50,,1,1.2809542000759393,1.2609542000759393,-20.0,360.2208465000149,sj
002,19,m,vandy,1,95,audiovisual,-200,,2,1.0298166999127716,1.0098166999127716,-20.0,363.19513459992595,sj
002,19,m,vandy,1,96,audiovisual,250,,2,1.121428299928084,1.101428299928084,-20.0,365.37196259992197,sj
002,19,m,vandy,1,97,audiovisual,-300,,1,1.5325768000911921,1.512576800091192,-20.0,368.30410569999367,sj
002,19,m,vandy,1,98,audiovisual,250,,2,0.6678626998327672,0.6478626998327672,-20.0,371.0645850999281,sj
002,19,m,vandy,1,99,audiovisual,-150,,1,1.0548384999856353,1.0348384999856353,-20.0,372.8525630000513,sj
002,19,m,vandy,1,100,audiovisual,-300,,1,0.7201115000061691,0.7001115000061691,-20.0,375.26689129997976,sj
002,19,m,vandy,1,101,audiovisual,150,,1,0.8006439001765102,0.7806439001765102,-20.0,377.5205927998759,sj
002,19,m,vandy,1,102,audiovisual,-200,,1,0.813530300045386,0.7935303000453859,-20.0,379.96132729994133,sj
002,19,m,vandy,1,103,audiovisual,0,,1,0.669159899931401,0.649159899931401,-20.0,382.20238949987106,sj
002,19,m,vandy,1,104,audiovisual,100,,1,0.5757442000322044,0.5557442000322044,-20.0,384.1520231999457,sj
002,19,m,vandy,1,105,audiovisual,200,,2,0.826904600020498,0.806904600020498,-20.0,386.71201679995283,sj
002,19,m,vandy,1,106,audiovisual,-100,,1,0.6139257999602705,0.5939257999602705,-20.0,388.7378201999236,sj
002,19,m,vandy,1,107,audiovisual,200,,1,0.8677449999377131,0.8477449999377131,-20.0,390.89901329996064,sj
002,19,m,vandy,1,108,audiovisual,300,,2,1.2141373998019844,1.1941373998019844,-20.0,393.0866698999889,sj
002,19,m,vandy,1,109,audiovisual,200,,1,0.7195870000869036,0.6995870000869036,-20.0,396.20762540004216,sj
002,19,m,vandy,1,110,audiovisual,200,,1,0.5567823001183569,0.5367823001183569,-20.0,398.2340528999921,sj
002,19,m,vandy,1,111,audiovisual,-300,,1,0.8942989001516253,0.8742989001516253,-20.0,400.60885920003057,sj
002,19,m,vandy,1,112,audiovisual,-200,,1,0.641101700020954,0.621101700020954,-20.0,402.9568171999417,sj
002,19,m,vandy,1,113,audiovisual,-50,,1,0.4943858999758959,0.47438589997589586,-20.0,405.4779934999533,sj
002,19,m,vandy,1,114,audiovisual,-150,,1,0.2148621000815183,0.1948621000815183,-20.0,407.61168659990653,sj
002,19,m,vandy,1,115,audiovisual,-250,,1,0.36053659999743104,0.340536599997431,-20.0,409.6128431998659,sj
002,19,m,vandy,1,116,audiovisual,300,,2,0.6008103999774903,0.5808103999774903,-20.0,411.359993299935,sj
002,19,m,vandy,1,117,audiovisual,100,,1,0.49372030002996325,0.47372030002996324,-20.0,413.6006732999813,sj
002,19,m,vandy,1,118,audiovisual,-300,,1,3.214881399879232,3.194881399879232,-20.0,415.5211236998439,sj
002,19,m,vandy,1,119,audiovisual,-50,,1,0.6814019000157714,0.6614019000157714,-20.0,420.0656001998577,sj
002,19,m,vandy,1,120,audiovisual,-200,,1,1.0279620001092553,1.0079620001092553,-20.0,422.39039830002,sj
002,19,m,vandy,1,121,audiovisual,-50,,1,0.9735447999555618,0.9535447999555617,-20.0,425.04453459987417,sj
002,19,m,vandy,1,122,audiovisual,300,,2,0.6406577997840941,0.6206577997840941,-20.0,427.138751699822,sj
002,19,m,vandy,1,123,audiovisual,-300,,1,1.8933778000064194,1.8733778000064194,-20.0,429.0326663998421,sj
002,19,m,vandy,1,124,audiovisual,-150,,1,0.7469983000773937,0.7269983000773936,-20.0,432.0387124000117,sj
002,19,m,vandy,1,125,audiovisual,300,,2,0.7877948000095785,0.7677948000095784,-20.0,434.84118019999005,sj
002,19,m,vandy,1,126,audiovisual,200,,1,0.7474084999412298,0.7274084999412298,-20.0,437.6954655998852,sj
002,19,m,vandy,1,127,audiovisual,-150,,1,0.788153100060299,0.768153100060299,-20.0,439.9037605000194,sj
002,19,m,vandy,1,128,audiovisual,300,,2,0.7076653998810798,0.6876653998810798,-20.0,442.4244585998822,sj
002,19,m,vandy,1,129,audiovisual,-200,,1,0.8134127000812441,0.7934127000812441,-20.0,445.05299369990826,sj
002,19,m,vandy,1,130,audiovisual,-250,,1,0.7474760999903083,0.7274760999903083,-20.0,447.75945029989816,sj
002,19,m,vandy,1,131,audiovisual,0,,1,0.6003104001283646,0.5803104001283645,-20.0,449.9742550998926,sj
002,19,m,vandy,1,132,audiovisual,50,,1,0.6175795998424292,0.5975795998424291,-20.0,452.01508100004867,sj
002,19,m,vandy,1,133,audiovisual,200,,1,0.5894519998691976,0.5694519998691976,-20.0,454.3736552998889,sj
002,19,m,vandy,1,134,audiovisual,-200,,1,0.5336800999939442,0.5136800999939442,-20.0,456.67859270004556,sj
002,19,m,vandy,1,135,audiovisual,-150,,1,0.4786070000845939,0.4586070000845939,-20.0,458.4968707000371,sj
002,19,m,vandy,1,136,audiovisual,-250,,1,0.6939584999345243,0.6739584999345243,-20.0,460.19033190002665,sj
002,19,m,vandy,1,137,audiovisual,-150,,1,0.5728553000371903,0.5528553000371903,-20.0,462.8450362998992,sj
002,19,m,vandy,1,138,audiovisual,-100,,1,0.4264662000350654,0.4064662000350654,-20.0,465.0192175998818,sj
002,19,m,vandy,1,139,audiovisual,50,,1,0.5205827997997403,0.5005827997997403,-20.0,467.2470900998451,sj
002,19,m,vandy,1,140,audiovisual,100,,1,0.6147387002129108,0.5947387002129108,-20.0,469.5939563999418,sj
002,19,m,vandy,1,141,audiovisual,-100,,1,0.4694445999339223,0.4494445999339223,-20.0,471.3556423999835,sj
002,19,m,vandy,1,142,audiovisual,-100,,1,0.6157261999323964,0.5957261999323964,-20.0,473.41235889983363,sj
002,19,m,vandy,1,143,audiovisual,-150,,1,0.69349420000799,0.67349420000799,-20.0,475.41157420002855,sj
002,19,m,vandy,1,144,audiovisual,-100,,1,0.6941279999446124,0.6741279999446124,-20.0,477.45030499994755,sj
002,19,m,vandy,1,145,audiovisual,-200,,1,0.7865270001348108,0.7665270001348108,-20.0,479.3844353000168,sj
002,19,m,vandy,1,146,audiovisual,0,,1,1.2402832000516355,1.2202832000516355,-20.0,481.198496399913,sj
002,19,m,vandy,1,147,audiovisual,-100,,1,0.854201499838382,0.834201499838382,-20.0,483.67950099986047,sj
002,19,m,vandy,1,148,audiovisual,0,,1,0.7344162000808865,0.7144162000808865,-20.0,485.640124599915,sj
002,19,m,vandy,1,149,audiovisual,-150,,1,0.5997701999731362,0.5797701999731362,-20.0,488.16143610002473,sj
002,19,m,vandy,1,150,audiovisual,-250,,2,0.8005711999721825,0.7805711999721825,-20.0,489.81459630001336,sj
002,19,m,vandy,1,151,audiovisual,250,,2,1.3210083998274058,1.3010083998274058,-20.0,492.60286349989474,sj
002,19,m,vandy,1,152,audiovisual,50,,1,0.4934498998336494,0.4734498998336494,-20.0,495.2172731999308,sj
002,19,m,vandy,1,153,audiovisual,0,,1,0.8547932000365108,0.8347932000365108,-20.0,497.2706591999158,sj
002,19,m,vandy,1,154,audiovisual,50,,1,0.5605081999674439,0.5405081999674439,-20.0,499.8187744000461,sj
002,19,m,vandy,1,155,audiovisual,-200,,1,0.7207363999914378,0.7007363999914378,-20.0,501.6725163999945,sj
002,19,m,vandy,1,156,audiovisual,150,,2,0.6411250000819564,0.6211250000819564,-20.0,503.9933139998466,sj
002,19,m,vandy,1,157,audiovisual,300,,2,0.8575858999975026,0.8375858999975025,-20.0,506.03473489987664,sj
002,19,m,vandy,1,158,audiovisual,-100,,1,1.690756400115788,1.670756400115788,-20.0,508.3719388998579,sj
002,19,m,vandy,1,159,audiovisual,0,,1,0.6941575999371707,0.6741575999371707,-20.0,511.6225177999586,sj
002,19,m,vandy,1,160,audiovisual,100,,1,0.559808200225234,0.539808200225234,-20.0,514.2110804000404,sj
002,19,m,vandy,1,161,audiovisual,-300,,1,0.9600837000180036,0.9400837000180036,-20.0,516.1177447000518,sj
002,19,m,vandy,1,162,audiovisual,0,,1,0.6936546000652015,0.6736546000652015,-20.0,518.1586712000426,sj
002,19,m,vandy,1,163,audiovisual,150,,1,0.8006547000259161,0.7806547000259161,-20.0,520.7061709000263,sj
002,19,m,vandy,1,164,audiovisual,250,,1,1.013744599884376,0.9937445998843759,-20.0,523.3601944998372,sj
002,19,m,vandy,1,165,audiovisual,250,,2,0.7334237000904977,0.7134237000904977,-20.0,525.441236600047,sj
002,19,m,vandy,1,166,audiovisual,-150,,1,0.7204847999382764,0.7004847999382764,-20.0,527.5352178998291,sj
002,19,m,vandy,1,167,audiovisual,0,,1,0.5465651000849903,0.5265651000849902,-20.0,529.8161016998347,sj
002,19,m,vandy,1,168,audiovisual,200,,1,0.9215957000851631,0.9015957000851631,-20.0,531.789970099926,sj
002,19,m,vandy,1,169,audiovisual,-300,,1,0.7331383000127971,0.7131383000127971,-20.0,534.112486799946,sj
002,19,m,vandy,1,170,audiovisual,300,,2,1.6280881999991834,1.6080881999991834,-20.0,536.1381710998248,sj
002,19,m,vandy,1,171,audiovisual,150,,1,0.6538531999103725,0.6338531999103725,-20.0,539.6464125998318,sj
002,19,m,vandy,1,172,audiovisual,-250,,1,0.6270507001318038,0.6070507001318037,-20.0,542.0741732998285,sj
002,19,m,vandy,1,173,audiovisual,-200,,1,0.5478918000590056,0.5278918000590056,-20.0,543.7811012999155,sj
002,19,m,vandy,1,174,audiovisual,100,,1,0.3874989999458194,0.36749899994581936,-20.0,545.9425156998914,sj
002,19,m,vandy,1,175,audiovisual,-50,,1,0.34695130004547536,0.32695130004547535,-20.0,548.0762524998281,sj
002,19,m,vandy,1,176,audiovisual,-50,,1,0.2944291001185775,0.27442910011857746,-20.0,550.4238446999807,sj
002,19,m,vandy,1,177,audiovisual,-300,,2,0.8137162001803517,0.7937162001803517,-20.0,552.3981005998794,sj
002,19,m,vandy,1,178,audiovisual,250,,2,0.9203378001693636,0.9003378001693636,-20.0,554.385192599846,sj
002,19,m,vandy,1,179,audiovisual,200,,1,0.8006076000165194,0.7806076000165194,-20.0,556.5195237000007,sj
002,19,m,vandy,1,180,audiovisual,0,,1,0.5604854000266641,0.5404854000266641,-20.0,559.2268099999055,sj
002,19,m,vandy,1,181,audiovisual,250,,1,0.8406883000861853,0.8206883000861853,-20.0,560.9342449000105,sj
002,19,m,vandy,1,182,audiovisual,-50,,1,0.6802342999726534,0.6602342999726534,-20.0,563.6950000999495,sj
002,19,m,vandy,1,183,audiovisual,100,,1,0.6003930999431759,0.5803930999431759,-20.0,566.016762000043,sj
002,19,m,vandy,1,184,audiovisual,0,,1,0.6941857000347227,0.6741857000347227,-20.0,567.7900874998886,sj
002,19,m,vandy,1,185,audiovisual,250,,1,0.8403507000766695,0.8203507000766694,-20.0,570.2580690998584,sj
002,19,m,vandy,1,186,audiovisual,300,,1,0.7470998999197036,0.7270998999197036,-20.0,572.3921880000271,sj
002,19,m,vandy,1,187,audiovisual,-250,,1,0.48001580010168254,0.4600158001016825,-20.0,574.3528561999556,sj
002,19,m,vandy,1,188,audiovisual,250,,2,0.7873440999537706,0.7673440999537706,-20.0,576.1398536998313,sj
002,19,m,vandy,1,189,audiovisual,0,,1,0.4007615998852998,0.3807615998852998,-20.0,578.1674847998656,sj
002,19,m,vandy,1,190,audiovisual,-250,,2,0.6806392001453787,0.6606392001453787,-20.0,580.4344285998959,sj
002,19,m,vandy,1,191,audiovisual,0,,1,0.4268493000417948,0.40684930004179476,-20.0,582.8355846998747,sj
002,19,m,vandy,1,192,audiovisual,100,,1,0.81201700004749,0.79201700004749,-20.0,585.4513385999016,sj
002,19,m,vandy,1,193,audiovisual,200,,1,0.826757799834013,0.806757799834013,-20.0,587.7834611998405,sj
002,19,m,vandy,1,194,audiovisual,-200,,1,0.6272247999440879,0.6072247999440878,-20.0,590.0648511999752,sj
002,19,m,vandy,1,195,audiovisual,100,,1,0.8413211000151932,0.8213211000151932,-20.0,591.9056752999313,sj
002,19,m,vandy,1,196,audiovisual,200,,1,0.6403459999710321,0.6203459999710321,-20.0,594.6002350999042,sj
002,19,m,vandy,1,197,audiovisual,50,,1,0.4786127000115812,0.45861270001158116,-20.0,596.4410551998299,sj
002,19,m,vandy,1,198,audiovisual,300,,2,0.84064060007222,0.82064060007222,-20.0,598.23025100003,sj
002,19,m,vandy,1,199,audiovisual,-200,,2,1.251236299984157,1.231236299984157,-20.0,600.8157271998934,sj
002,19,m,vandy,1,200,audiovisual,-300,,1,0.5198095999658108,0.49980959996581076,-20.0,603.1229756998364,sj
002,19,m,vandy,1,201,audiovisual,150,,1,1.3196201999671757,1.2996201999671757,-20.0,604.9515229999088,sj
002,19,m,vandy,1,202,audiovisual,-50,,1,0.4511414000298828,0.43114140002988277,-20.0,607.3911829998251,sj
002,19,m,vandy,1,203,audiovisual,0,,1,0.8664621999487281,0.8464621999487281,-20.0,609.0855220998637,sj
002,19,m,vandy,1,204,audiovisual,100,,1,0.6536594999488443,0.6336594999488443,-20.0,611.686209899839,sj
002,19,m,vandy,1,205,audiovisual,300,,1,3.402084199944511,3.382084199944511,-20.0,613.7538693000097,sj
002,19,m,vandy,1,206,audiovisual,-150,,1,1.3196239999961108,1.2996239999961108,-20.0,618.2627630999777,sj
002,19,m,vandy,1,207,audiovisual,50,,1,0.8804656998254359,0.8604656998254359,-20.0,620.9557782998309,sj
002,19,m,vandy,1,208,audiovisual,100,,1,0.5464539001695812,0.5264539001695812,-20.0,623.2242302999366,sj
002,19,m,vandy,1,209,audiovisual,-200,,1,0.41350809996947646,0.39350809996947644,-20.0,625.3181433000136,sj
002,19,m,vandy,1,210,audiovisual,-250,,1,0.6953511000610888,0.6753511000610888,-20.0,627.3588447999209,sj
002,19,m,vandy,1,211,audiovisual,250,,2,1.627636400051415,1.607636400051415,-20.0,629.227885699831,sj
002,19,m,vandy,1,212,audiovisual,50,,1,0.7470438999589533,0.7270438999589532,-20.0,632.5470553999767,sj
002,19,m,vandy,1,213,audiovisual,-200,,1,0.9207061000633985,0.9007061000633985,-20.0,634.3744258999359,sj
002,19,m,vandy,1,214,audiovisual,-50,,1,0.7995905999559909,0.7795905999559909,-20.0,637.175590199884,sj
002,19,m,vandy,1,215,audiovisual,50,,1,1.5751823999453336,1.5551823999453336,-20.0,639.7763556998689,sj
002,19,m,vandy,1,216,audiovisual,300,,2,1.5481113998685032,1.5281113998685032,-20.0,642.9116570998449,sj
002,19,m,vandy,1,217,audiovisual,150,,1,0.7876435001380742,0.7676435001380741,-20.0,645.5119054999668,sj
002,19,m,vandy,1,218,audiovisual,100,,1,0.5871529001742601,0.5671529001742601,-20.0,648.1664342000149,sj
002,19,m,vandy,1,219,audiovisual,150,,1,0.6532956999726593,0.6332956999726593,-20.0,650.0208677998744,sj
002,19,m,vandy,1,220,audiovisual,100,,1,0.4939594001043588,0.4739594001043588,-20.0,652.0076317000203,sj
002,19,m,vandy,1,221,audiovisual,-50,,1,0.4803181001916528,0.46031810019165276,-20.0,653.9555408998858,sj
002,19,m,vandy,1,222,audiovisual,150,,1,0.6299924999475479,0.6099924999475479,-20.0,655.9428848000243,sj
002,19,m,vandy,1,223,audiovisual,250,,2,0.6273225999902934,0.6073225999902934,-20.0,658.1733819998335,sj
002,19,m,vandy,1,224,audiovisual,-150,,1,0.7743210999760777,0.7543210999760777,-20.0,660.7312757000327,sj
002,19,m,vandy,1,225,audiovisual,100,,1,0.7067424000706524,0.6867424000706523,-20.0,663.3054752999451,sj
002,19,m,vandy,1,226,audiovisual,150,,1,0.7471441000234336,0.7271441000234335,-20.0,665.9727995998692,sj
002,19,m,vandy,1,227,audiovisual,-250,,1,0.5606154999695718,0.5406154999695718,-20.0,667.8402553999331,sj
002,19,m,vandy,1,228,audiovisual,300,,2,0.7224187001120299,0.7024187001120299,-20.0,670.0149351998698,sj
002,19,m,vandy,1,229,audiovisual,100,,1,0.45333570009097457,0.43333570009097455,-20.0,672.5115425998811,sj
002,19,m,vandy,1,230,audiovisual,-200,,1,0.5470888998825103,0.5270888998825103,-20.0,674.4956981998403,sj
002,19,m,vandy,1,231,audiovisual,-200,,1,0.46754100010730326,0.44754100010730324,-20.0,676.7770848998334,sj
002,19,m,vandy,1,232,audiovisual,-100,,1,0.36082649999298155,0.34082649999298154,-20.0,678.8980419998989,sj
002,19,m,vandy,1,233,audiovisual,-300,,1,0.6270739999599755,0.6070739999599755,-20.0,681.2584265000187,sj
002,19,m,vandy,1,234,audiovisual,-250,,1,0.8397625999059528,0.8197625999059528,-20.0,683.1123935999349,sj
002,19,m,vandy,1,235,audiovisual,250,,2,0.8407191999722272,0.8207191999722272,-20.0,684.9923757000361,sj
002,19,m,vandy,1,236,audiovisual,-100,,1,0.47630159999243915,0.45630159999243913,-20.0,687.4874597999733,sj
002,19,m,vandy,1,237,audiovisual,200,,1,1.4401718999724835,1.4201718999724835,-20.0,689.4878547999542,sj
002,19,m,vandy,1,238,audiovisual,200,,1,2.8290973999537528,2.8090973999537527,-20.0,692.262496399926,sj
002,19,m,vandy,1,239,audiovisual,100,,1,0.6538936998695135,0.6338936998695135,-20.0,696.1315484999213,sj
002,19,m,vandy,1,240,audiovisual,100,,1,0.9075466000940651,0.887546600094065,-20.0,698.7846438998822,sj
002,19,m,vandy,1,241,audiovisual,-100,,1,0.6271631999406964,0.6071631999406963,-20.0,701.0391355999745,sj
002,19,m,vandy,1,242,audiovisual,300,,2,0.8540648000780493,0.8340648000780493,-20.0,703.266016199952,sj
002,19,m,vandy,1,243,audiovisual,-300,,2,0.8007726999931037,0.7807726999931037,-20.0,705.3606830998324,sj
002,19,m,vandy,1,244,audiovisual,0,,1,0.7864471001084894,0.7664471001084894,-20.0,707.4949272999074,sj
002,19,m,vandy,1,245,audiovisual,0,,1,0.5893757999874651,0.5693757999874651,-20.0,709.3215168998577,sj
002,19,m,vandy,1,246,audiovisual,200,,1,0.7222126999404281,0.7022126999404281,-20.0,710.9513518000022,sj
002,19,m,vandy,1,247,audiovisual,150,,1,0.5054632001556456,0.4854632001556456,-20.0,713.3117259000428,sj
002,19,m,vandy,1,248,audiovisual,-300,,1,0.374141100095585,0.35414110009558497,-20.0,715.056917599868,sj
002,19,m,vandy,1,249,audiovisual,-300,,1,0.5468033000361174,0.5268033000361174,-20.0,717.2178380999248,sj
002,19,m,vandy,1,250,audiovisual,200,,1,0.6279074000194669,0.6079074000194669,-20.0,719.045372699853,sj
002,19,m,vandy,1,251,audiovisual,300,,1,1.067019100068137,1.047019100068137,-20.0,720.7133480999619,sj
002,19,m,vandy,1,252,audiovisual,150,,1,0.7070617000572383,0.6870617000572383,-20.0,722.9935598999728,sj
002,19,m,vandy,1,253,audiovisual,-50,,1,0.5070336000062525,0.4870336000062525,-20.0,724.9275152999908,sj
002,19,m,vandy,1,254,audiovisual,-300,,2,0.6959722999017686,0.6759722999017685,-20.0,726.8218084999826,sj
002,19,m,vandy,1,255,audiovisual,150,,2,0.667305100010708,0.647305100010708,-20.0,728.6510274999309,sj
002,19,m,vandy,1,256,audiovisual,200,,2,1.4406476998701692,1.4206476998701691,-20.0,730.983275800012,sj
002,19,m,vandy,1,257,audiovisual,-250,,1,0.6532521001063287,0.6332521001063287,-20.0,734.4241551000159,sj
002,19,m,vandy,1,258,audiovisual,300,,2,0.9199930999893695,0.8999930999893695,-20.0,736.1587173000444,sj
002,19,m,vandy,1,259,audiovisual,50,,1,0.4673838000744581,0.4473838000744581,-20.0,738.5725211999379,sj
002,19,m,vandy,1,260,audiovisual,300,,2,0.6815025999676436,0.6615025999676436,-20.0,740.9203317000065,sj
002,19,m,vandy,1,261,audiovisual,-50,,1,0.5601286001037806,0.5401286001037806,-20.0,743.4018733999692,sj
002,19,m,vandy,1,262,audiovisual,-200,,1,0.7888267000671476,0.7688267000671476,-20.0,745.1617616999429,sj
002,19,m,vandy,1,263,audiovisual,200,,1,1.3884115000255406,1.3684115000255406,-20.0,747.6710454998538,sj
002,19,m,vandy,1,264,audiovisual,50,,1,0.5867530999239534,0.5667530999239534,-20.0,750.2316672999877,sj
002,19,m,vandy,1,265,audiovisual,300,,2,0.5873024000320584,0.5673024000320583,-20.0,752.2845896999352,sj
002,19,m,vandy,1,266,audiovisual,-100,,1,0.6005591999273747,0.5805591999273747,-20.0,754.8720169998705,sj
002,19,m,vandy,1,267,audiovisual,50,,1,3.2280486000236124,3.2080486000236124,-20.0,757.1271555998828,sj
002,19,m,vandy,1,268,audiovisual,-150,,1,0.855879999930039,0.835879999930039,-20.0,761.5811532998923,sj
002,19,m,vandy,1,269,audiovisual,100,,1,0.6266957998741418,0.6066957998741418,-20.0,764.411141499877,sj
002,19,m,vandy,1,270,audiovisual,200,,1,0.7889170998241752,0.7689170998241752,-20.0,766.1976673000026,sj
002,19,m,vandy,1,271,audiovisual,50,,1,0.5611308000516146,0.5411308000516146,-20.0,768.0514008000027,sj
002,19,m,vandy,1,272,audiovisual,-50,,1,0.640037699835375,0.6200376998353749,-20.0,770.371290500043,sj
002,19,m,vandy,1,273,audiovisual,-200,,1,0.7743689999915659,0.7543689999915659,-20.0,772.5450460000429,sj
002,19,m,vandy,1,274,audiovisual,-50,,1,0.5734623000025749,0.5534623000025749,-20.0,774.5337632000446,sj
002,19,m,vandy,1,275,audiovisual,100,,1,0.49342820001766086,0.47342820001766084,-20.0,776.3465291999746,sj
002,19,m,vandy,1,276,audiovisual,200,,1,0.6833690002094954,0.6633690002094954,-20.0,778.6409223999362,sj
002,19,m,vandy,1,277,audiovisual,-250,,1,0.5492094999644905,0.5292094999644905,-20.0,780.6709638000466,sj
002,19,m,vandy,1,278,audiovisual,-50,,1,0.45393519988283515,0.43393519988283513,-20.0,782.3109988998622,sj
002,19,m,vandy,1,279,audiovisual,-200,,1,0.4533907000441104,0.4333907000441104,-20.0,784.1763267000206,sj
002,19,m,vandy,1,280,audiovisual,-150,,1,0.5739164999686182,0.5539164999686181,-20.0,785.7899543000385,sj
002,19,m,vandy,1,281,audiovisual,150,,1,0.7604533999692649,0.7404533999692648,-20.0,787.9772157999687,sj
002,19,m,vandy,1,282,audiovisual,50,,1,0.5200000000186265,0.5000000000186264,-20.0,789.9247707000468,sj
002,19,m,vandy,1,283,audiovisual,-100,,1,0.49321270012296736,0.47321270012296734,-20.0,792.2322412999347,sj
002,19,m,vandy,1,284,audiovisual,-300,,1,0.6001056998502463,0.5801056998502463,-20.0,794.0064184998628,sj
002,19,m,vandy,1,285,audiovisual,-100,,1,0.6270668001379818,0.6070668001379818,-20.0,795.7935876999982,sj
002,19,m,vandy,1,286,audiovisual,150,,1,1.3740361998789012,1.3540361998789012,-20.0,798.274523,sj
002,19,m,vandy,1,287,audiovisual,-150,,1,0.6398988999426365,0.6198988999426365,-20.0,800.8752327000257,sj
002,19,m,vandy,1,288,audiovisual,-150,,1,0.6005470000673085,0.5805470000673085,-20.0,802.7711658999324,sj
002,19,m,vandy,1,289,audiovisual,-100,,1,0.507214899873361,0.487214899873361,-20.0,804.4118466000073,sj
002,19,m,vandy,1,290,audiovisual,-250,,1,0.5465408999007195,0.5265408999007195,-20.0,806.0241570998915,sj
002,19,m,vandy,1,291,audiovisual,200,,1,0.46725780004635453,0.4472578000463545,-20.0,807.984684899915,sj
002,19,m,vandy,1,292,audiovisual,-200,,1,0.5999417998827994,0.5799417998827994,-20.0,810.2657239998225,sj
002,19,m,vandy,1,293,audiovisual,250,,1,1.2420890999492258,1.2220890999492258,-20.0,812.8264215998352,sj
002,19,m,vandy,1,294,audiovisual,-250,,1,0.8665584998670965,0.8465584998670965,-20.0,815.2024622999597,sj
002,19,m,vandy,1,295,audiovisual,150,,1,0.9743282999843359,0.9543282999843359,-20.0,817.2812900999561,sj
002,19,m,vandy,1,296,audiovisual,-300,,1,0.5597910000942647,0.5397910000942647,-20.0,819.5365921000484,sj
002,19,m,vandy,1,297,audiovisual,-200,,1,0.7328416998498142,0.7128416998498142,-20.0,821.9364848998375,sj
002,19,m,vandy,1,298,audiovisual,-150,,1,0.9068573000840843,0.8868573000840843,-20.0,823.7240176999476,sj
002,19,m,vandy,1,299,audiovisual,200,,1,1.1203456001821905,1.1003456001821905,-20.0,825.9383212998509,sj
002,19,m,vandy,1,300,audiovisual,-300,,1,0.6399812998715788,0.6199812998715788,-20.0,828.6983384999912,sj
002,19,m,vandy,1,301,audiovisual,-250,,1,0.3195091001689434,0.2995091001689434,-20.0,830.7528715999797,sj
002,19,m,vandy,1,302,audiovisual,-250,,1,0.7101780998054892,0.6901780998054892,-20.0,832.2331868000329,sj
002,19,m,vandy,1,303,audiovisual,150,,1,0.5999948000535369,0.5799948000535369,-20.0,834.3713483999018,sj
002,19,m,vandy,1,304,audiovisual,0,,1,0.5062983001116663,0.4862983001116663,-20.0,836.3150686000008,sj
002,19,m,vandy,1,305,audiovisual,50,,1,0.6114747000392526,0.5914747000392526,-20.0,838.7427783999592,sj
002,19,m,vandy,1,306,audiovisual,50,,1,0.5606207000091672,0.5406207000091672,-20.0,840.6228491000365,sj
002,19,m,vandy,1,307,audiovisual,-250,,1,0.6670876999851316,0.6470876999851316,-20.0,842.9841889999807,sj
002,19,m,vandy,1,308,audiovisual,-100,,1,0.7600998999550939,0.7400998999550938,-20.0,845.038184999954,sj
002,19,m,vandy,1,309,audiovisual,-150,,1,0.8415373000316322,0.8215373000316322,-20.0,847.2521686998662,sj
002,19,m,vandy,1,310,audiovisual,50,,1,1.2407197998836637,1.2207197998836636,-20.0,849.6806667000055,sj
002,19,m,vandy,1,311,audiovisual,-150,,1,0.6270316001027822,0.6070316001027822,-20.0,851.9744808999822,sj
002,19,m,vandy,1,312,audiovisual,250,,1,0.8953319999855012,0.8753319999855012,-20.0,854.4016113998368,sj
002,19,m,vandy,1,313,audiovisual,-150,,1,0.7339620999991894,0.7139620999991894,-20.0,856.6309913999867,sj
002,19,m,vandy,1,314,audiovisual,100,,1,0.7336602997966111,0.713660299796611,-20.0,859.2965579000302,sj
002,19,m,vandy,1,315,audiovisual,0,,1,0.7465705999638885,0.7265705999638885,-20.0,861.257522800006,sj
002,19,m,vandy,1,316,audiovisual,150,,1,0.666788199916482,0.646788199916482,-20.0,863.0311120999977,sj
002,19,m,vandy,1,317,audiovisual,100,,1,0.7332433999981731,0.7132433999981731,-20.0,865.2995146999601,sj
002,19,m,vandy,1,318,audiovisual,-150,,1,0.6673550000414252,0.6473550000414252,-20.0,867.13955169986,sj
002,19,m,vandy,1,319,audiovisual,50,,1,0.3772954000160098,0.3572954000160098,-20.0,869.5003128000535,sj
002,19,m,vandy,1,320,audiovisual,50,,1,0.6112947000656277,0.5912947000656277,-20.0,871.7712530000135,sj
002,19,m,vandy,1,321,audiovisual,0,,1,0.3997311000712216,0.3797311000712216,-20.0,873.8625988999847,sj
002,19,m,vandy,1,322,audiovisual,150,,1,0.6537903998978436,0.6337903998978436,-20.0,876.2511564998422,sj
002,19,m,vandy,1,323,audiovisual,100,,1,0.6933695999905467,0.6733695999905467,-20.0,878.6904875000473,sj
002,19,m,vandy,1,324,audiovisual,-100,,1,0.734591499902308,0.714591499902308,-20.0,880.411375500029,sj
002,19,m,vandy,1,325,audiovisual,-50,,1,0.3071119000669569,0.28711190006695686,-20.0,882.3592411000282,sj
002,19,m,vandy,1,326,audiovisual,150,,1,0.5871271998621523,0.5671271998621523,-20.0,884.5994051999878,sj
002,19,m,vandy,1,327,audiovisual,300,,2,0.640423099976033,0.620423099976033,-20.0,886.6269916999154,sj
002,19,m,vandy,1,328,audiovisual,0,,1,0.42682670010253787,0.40682670010253785,-20.0,888.72164350003,sj
002,19,m,vandy,1,329,audiovisual,-50,,1,0.7069498000200838,0.6869498000200838,-20.0,890.7212121000048,sj
002,19,m,vandy,1,330,audiovisual,200,,1,1.1999311000108719,1.1799311000108719,-20.0,893.2821072998922,sj
002,19,m,vandy,1,331,audiovisual,150,,1,11.898249000078067,11.878249000078068,-20.0,895.8034726998303,sj
002,19,m,vandy,1,332,audiovisual,50,,1,0.6287714999634773,0.6087714999634772,-20.0,909.2752814998385,sj
002,19,m,vandy,1,333,audiovisual,200,,1,1.0270342000294477,1.0070342000294477,-20.0,911.0107426999602,sj
002,19,m,vandy,1,334,audiovisual,150,,1,0.7069667000323534,0.6869667000323534,-20.0,913.0634293998592,sj
002,19,m,vandy,1,335,audiovisual,50,,1,0.6673365000169724,0.6473365000169724,-20.0,915.3836401998997,sj
002,19,m,vandy,1,336,audiovisual,-300,,1,0.6133541001472622,0.5933541001472622,-20.0,918.0122346999124,sj
002,19,m,vandy,1,337,audiovisual,-50,,1,0.6269337001722306,0.6069337001722306,-20.0,920.092284000013,sj
002,19,m,vandy,1,338,audiovisual,-250,,1,0.9741680999286473,0.9541680999286473,-20.0,922.3730343999341,sj
002,19,m,vandy,1,339,audiovisual,-200,,1,0.6236475999467075,0.6036475999467075,-20.0,924.7612206998747,sj
002,19,m,vandy,1,340,audiovisual,-50,,1,0.48025269992649555,0.46025269992649553,-20.0,927.0946380000096,sj
002,19,m,vandy,1,341,audiovisual,300,,2,0.8142633999232203,0.7942633999232203,-20.0,929.1890334000345,sj
002,19,m,vandy,1,342,audiovisual,150,,1,0.5065558000933379,0.4865558000933379,-20.0,931.7640964998864,sj
002,19,m,vandy,1,343,audiovisual,-50,,1,0.4007927000056952,0.3807927000056952,-20.0,933.5903930000495,sj
002,19,m,vandy,1,344,audiovisual,-200,,1,0.6793215998914093,0.6593215998914093,-20.0,935.8980703998823,sj
002,19,m,vandy,1,345,audiovisual,100,,1,0.7200219999067485,0.7000219999067485,-20.0,938.112531799823,sj
002,19,m,vandy,1,346,audiovisual,-200,,1,0.7200604998506606,0.7000604998506605,-20.0,940.3662521999795,sj
002,19,m,vandy,1,347,audiovisual,-200,,1,0.4232133999466896,0.4032133999466896,-20.0,942.2872154999059,sj
002,19,m,vandy,1,348,audiovisual,-250,,1,0.535702999914065,0.515702999914065,-20.0,943.8744715000503,sj
002,19,m,vandy,1,349,audiovisual,-250,,1,0.7334994000848383,0.7134994000848383,-20.0,945.5706580998376,sj
002,19,m,vandy,1,350,audiovisual,-150,,1,0.651635600021109,0.631635600021109,-20.0,947.435489699943,sj
002,19,m,vandy,1,351,audiovisual,0,,1,0.6147584000136703,0.5947584000136703,-20.0,949.3828445000108,sj
002,19,m,vandy,1,352,audiovisual,0,,1,0.5199444000609219,0.4999444000609219,-20.0,951.6513274000026,sj
002,19,m,vandy,1,353,audiovisual,250,,2,0.6540496998932213,0.6340496998932212,-20.0,953.7044505998492,sj
002,19,m,vandy,1,354,audiovisual,-200,,1,0.5334985998924822,0.5134985998924821,-20.0,956.3462374999654,sj
002,19,m,vandy,1,355,audiovisual,0,,1,0.5198546999599785,0.49985469995997844,-20.0,958.1995212000329,sj
002,19,m,vandy,1,356,audiovisual,100,,1,0.3732254998758435,0.3532254998758435,-20.0,960.0403195000254,sj
002,19,m,vandy,1,357,audiovisual,150,,1,0.7707267000805587,0.7507267000805586,-20.0,962.3744800998829,sj
002,19,m,vandy,1,358,audiovisual,-50,,1,0.4153742000926286,0.3953742000926286,-20.0,964.9216519999318,sj
002,19,m,vandy,1,359,audiovisual,-300,,1,0.35973390005528927,0.33973390005528925,-20.0,966.6316090000328,sj
002,19,m,vandy,1,360,audiovisual,-50,,1,0.32049809978343546,0.30049809978343545,-20.0,968.5765968998894,sj
002,19,m,vandy,1,361,audiovisual,-100,,1,0.5464220999274403,0.5264220999274403,-20.0,970.8851431999356,sj
002,19,m,vandy,1,362,audiovisual,0,,1,0.4279044000431895,0.4079044000431895,-20.0,973.0052978999447,sj
002,19,m,vandy,1,363,audiovisual,300,,2,0.7076675000134856,0.6876675000134855,-20.0,974.9668645998463,sj
002,19,m,vandy,1,364,audiovisual,50,,1,0.5599353997968137,0.5399353997968137,-20.0,977.58007799997,sj
002,19,m,vandy,1,365,audiovisual,100,,1,0.6940987999550998,0.6740987999550998,-20.0,979.1670583998784,sj
002,19,m,vandy,1,366,audiovisual,-200,,1,0.4509863001294434,0.4309863001294434,-20.0,981.7952071998734,sj
002,19,m,vandy,1,367,audiovisual,-300,,1,1.2269772000145167,1.2069772000145167,-20.0,983.8356570999604,sj
002,19,m,vandy,1,368,audiovisual,-250,,1,0.8280352998990566,0.8080352998990565,-20.0,986.2231729000341,sj
002,19,m,vandy,1,369,audiovisual,50,,1,0.40008369996212423,0.3800836999621242,-20.0,988.1719026998617,sj
002,19,m,vandy,1,370,audiovisual,-200,,1,0.4687153999693692,0.44871539996936916,-20.0,989.811301099835,sj
002,19,m,vandy,1,371,audiovisual,200,,2,0.6401498999912292,0.6201498999912292,-20.0,992.2002230000217,sj
002,19,m,vandy,1,372,audiovisual,250,,2,0.5738794999197125,0.5538794999197125,-20.0,994.6794196998235,sj
002,19,m,vandy,1,373,audiovisual,-250,,1,0.5462912998627871,0.5262912998627871,-20.0,997.0269911000505,sj
002,19,m,vandy,1,374,audiovisual,200,,2,0.5359527999535203,0.5159527999535203,-20.0,999.040812100051,sj
002,19,m,vandy,1,375,audiovisual,250,,1,1.2140001999214292,1.1940001999214291,-20.0,1000.9108875999227,sj
002,19,m,vandy,1,376,audiovisual,50,,1,0.8128154999576509,0.7928154999576509,-20.0,1003.8036046000198,sj
002,19,m,vandy,1,377,audiovisual,-100,,1,0.5469805998727679,0.5269805998727679,-20.0,1005.9641901999712,sj
002,19,m,vandy,1,378,audiovisual,-150,,1,1.2946910001337528,1.2746910001337528,-20.0,1007.7246936999727,sj
002,19,m,vandy,1,379,audiovisual,-100,,1,0.7205709000118077,0.7005709000118077,-20.0,1010.8194677999709,sj
002,19,m,vandy,1,380,audiovisual,300,,2,0.6967100000474602,0.6767100000474602,-20.0,1013.4995962998364,sj
002,19,m,vandy,1,381,audiovisual,300,,2,0.7306135999970138,0.7106135999970138,-20.0,1016.2117929998785,sj
002,19,m,vandy,1,382,audiovisual,300,,2,0.6411253998521715,0.6211253998521715,-20.0,1018.0618455999065,sj
002,19,m,vandy,1,383,audiovisual,-50,,1,0.8935390999540687,0.8735390999540686,-20.0,1020.529639299959,sj
002,19,m,vandy,1,384,audiovisual,250,,2,0.6267542000859976,0.6067542000859976,-20.0,1022.7835178000387,sj
002,19,m,vandy,1,385,audiovisual,-150,,1,0.7995770999696106,0.7795770999696106,-20.0,1025.1310026999563,sj
002,19,m,vandy,1,386,audiovisual,-50,,1,0.5336834001354873,0.5136834001354873,-20.0,1027.1309664999135,sj
002,19,m,vandy,1,387,audiovisual,150,,1,0.8806367998477072,0.8606367998477071,-20.0,1029.3186218000483,sj
002,19,m,vandy,1,388,audiovisual,0,,1,0.5202230999711901,0.5002230999711901,-20.0,1032.0801582999993,sj
002,19,m,vandy,1,389,audiovisual,-250,,1,0.6006335997954011,0.5806335997954011,-20.0,1033.9511404000223,sj
002,19,m,vandy,1,390,audiovisual,-300,,2,1.1605567000806332,1.1405567000806331,-20.0,1036.2815717998892,sj
002,19,m,vandy,2,1,visual,nan,,nan,0.5341488001868129,0.5341488001868129,-20.0,1067.1854230999015,srt
002,19,m,vandy,2,2,audio,nan,,nan,0.6812229000497609,0.6612229000497609,-20.0,1070.6366732998285,srt
002,19,m,vandy,2,3,audio,nan,,nan,0.39919350016862154,0.3791935001686215,-20.0,1072.9943140000105,srt
002,19,m,vandy,2,4,audiovisual,nan,,nan,0.26718159997835755,0.24718159997835756,-20.0,1074.9780017000157,srt
002,19,m,vandy,2,5,audio,nan,,nan,0.5742405999917537,0.5542405999917537,-20.0,1078.0855276999064,srt
002,19,m,vandy,2,6,audiovisual,nan,,nan,0.2683795001357794,0.2483795001357794,-20.0,1080.4469208000228,srt
002,19,m,vandy,2,7,audio,nan,,nan,0.2808330000843853,0.26083300008438526,-20.0,1082.2606307000387,srt
002,19,m,vandy,2,8,audiovisual,nan,,nan,0.22727709985338151,0.20727709985338152,-20.0,1085.290557499975,srt
002,19,m,vandy,2,9,audio,nan,,nan,0.32033810019493103,0.300338100194931,-20.0,1087.875711799832,srt
002,19,m,vandy,2,10,audio,nan,,nan,0.4912985998671502,0.47129859986715017,-20.0,1090.9842216998804,srt
002,19,m,vandy,2,11,visual,nan,,nan,0.38830599980428815,0.38830599980428815,-20.0,1093.0248944999184,srt
002,19,m,vandy,2,12,audiovisual,nan,,nan,0.2671062999870628,0.24710629998706282,-20.0,1095.8126642999705,srt
002,19,m,vandy,2,13,visual,nan,,nan,0.694090100005269,0.694090100005269,-20.0,1099.0666139000095,srt
002,19,m,vandy,2,14,visual,nan,,nan,0.30704519990831614,0.30704519990831614,-20.0,1101.2127322999295,srt
002,19,m,vandy,2,15,audiovisual,nan,,nan,0.42772419983521104,0.407724199835211,-20.0,1103.948361299932,srt
002,19,m,vandy,2,16,audiovisual,nan,,nan,0.33654780010692775,0.31654780010692773,-20.0,1106.602603700012,srt
002,19,m,vandy,2,17,audiovisual,nan,,nan,0.28053880017250776,0.26053880017250775,-20.0,1108.4336930999998,srt
002,19,m,vandy,2,18,audiovisual,nan,,nan,0.33525380003266037,0.31525380003266035,-20.0,1110.5774495999794,srt
002,19,m,vandy,2,19,audiovisual,nan,,nan,0.37402809993363917,0.35402809993363915,-20.0,1112.274558099918,srt
002,19,m,vandy,2,20,audiovisual,nan,,nan,0.2938433000817895,0.2738433000817895,-20.0,1115.4599907998927,srt
002,19,m,vandy,2,21,audio,nan,,nan,0.56088209990412,0.54088209990412,-20.0,1118.1804269999266,srt
002,19,m,vandy,2,22,audiovisual,nan,,nan,0.28080439986661077,0.26080439986661075,-20.0,1121.2090640999377,srt
002,19,m,vandy,2,23,visual,nan,,nan,0.5367697000037879,0.5367697000037879,-20.0,1123.9558754998725,srt
002,19,m,vandy,2,24,visual,nan,,nan,0.47966499999165535,0.47966499999165535,-20.0,1127.2128781999927,srt
002,19,m,vandy,2,25,visual,nan,,nan,0.4404784000944346,0.4404784000944346,-20.0,1129.1834245999344,srt
002,19,m,vandy,2,26,audio,nan,,nan,0.5732831000350416,0.5532831000350416,-20.0,1132.6132125000004,srt
002,19,m,vandy,2,27,audio,nan,,nan,0.26745639997534454,0.24745639997534455,-20.0,1135.4265703000128,srt
002,19,m,vandy,2,28,audio,nan,,nan,0.29337200010195374,0.2733720001019537,-20.0,1136.8805618998595,srt
002,19,m,vandy,2,29,visual,nan,,nan,0.4133343000430614,0.4133343000430614,-20.0,1139.3208928999957,srt
002,19,m,vandy,2,30,audio,nan,,nan,0.6539181999396533,0.6339181999396533,-20.0,1142.5218672000337,srt
002,19,m,vandy,2,31,audiovisual,nan,,nan,0.20069659990258515,0.18069659990258516,-20.0,1144.4421627998818,srt
002,19,m,vandy,2,32,visual,nan,,nan,0.35949199995957315,0.35949199995957315,-20.0,1147.4980323000345,srt
002,19,m,vandy,2,33,audio,nan,,nan,0.494007800007239,0.47400780000723897,-20.0,1149.8744425999466,srt
002,19,m,vandy,2,34,audiovisual,nan,,nan,0.4004275999031961,0.3804275999031961,-20.0,1152.0725032000337,srt
002,19,m,vandy,2,35,audio,nan,,nan,0.29500430007465184,0.2750043000746518,-20.0,1154.1128014000133,srt
002,19,m,vandy,2,36,audio,nan,,nan,,,-20.0,1156.448000999866,srt
002,19,m,vandy,2,37,audio,nan,,nan,0.4932943000458181,0.4732943000458181,-20.0,1158.9421137999743,srt
002,19,m,vandy,2,38,audio,nan,,nan,0.40053520002402365,0.38053520002402363,-20.0,1161.395940499846,srt
002,19,m,vandy,2,39,audiovisual,nan,,nan,0.2001175000332296,0.1801175000332296,-20.0,1163.7566794999875,srt
002,19,m,vandy,2,40,audio,nan,,nan,0.2828385999891907,0.2628385999891907,-20.0,1166.3447215999477,srt
002,19,m,vandy,2,41,visual,nan,,nan,0.45391079992987216,0.45391079992987216,-20.0,1169.3356232999358,srt
002,19,m,vandy,2,42,audiovisual,nan,,nan,0.30784510006196797,0.28784510006196795,-20.0,1171.613093700027,srt
002,19,m,vandy,2,43,audiovisual,nan,,nan,0.2543713999912143,0.23437139999121429,-20.0,1174.2688295999542,srt
002,19,m,vandy,2,44,audiovisual,nan,,nan,0.28086040006019175,0.26086040006019173,-20.0,1177.547979899915,srt
002,19,m,vandy,2,45,audio,nan,,nan,0.3866359998937696,0.3666359998937696,-20.0,1179.722787699895,srt
002,19,m,vandy,2,46,audio,nan,,nan,0.2681976999156177,0.24819769991561771,-20.0,1182.1370603998657,srt
002,19,m,vandy,2,47,audio,nan,,nan,0.3868807000108063,0.3668807000108063,-20.0,1184.9393474999815,srt
002,19,m,vandy,2,48,visual,nan,,nan,0.5205560999456793,0.5205560999456793,-20.0,1188.3526073999237,srt
002,19,m,vandy,2,49,audio,nan,,nan,0.26724199997261167,0.24724199997261168,-20.0,1190.7407447998412,srt
002,19,m,vandy,2,50,visual,nan,,nan,0.3734390998724848,0.3734390998724848,-20.0,1193.8466531999875,srt
002,19,m,vandy,2,51,audiovisual,nan,,nan,0.25350679992698133,0.23350679992698134,-20.0,1195.5139979999512,srt
002,19,m,vandy,2,52,audio,nan,,nan,0.2679485999979079,0.2479485999979079,-20.0,1197.5963477999903,srt
002,19,m,vandy,2,53,audiovisual,nan,,nan,0.2005415998864919,0.1805415998864919,-20.0,1199.7840791998897,srt
002,19,m,vandy,2,54,audio,nan,,nan,0.4665568999480456,0.4465568999480456,-20.0,1202.3435324998572,srt
002,19,m,vandy,2,55,audio,nan,,nan,0.26688929996453226,0.24688929996453227,-20.0,1205.678500500042,srt
002,19,m,vandy,2,56,audiovisual,nan,,nan,0.21377089992165565,0.19377089992165566,-20.0,1208.5330099998973,srt
002,19,m,vandy,2,57,visual,nan,,nan,1.4403431999962777,1.4403431999962777,-20.0,1211.5473910998553,srt
002,19,m,vandy,2,58,visual,nan,,nan,0.3371908001136035,0.3371908001136035,-20.0,1214.0279127999675,srt
002,19,m,vandy,2,59,audiovisual,nan,,nan,0.46947969985194504,0.449479699851945,-20.0,1215.9524691000115,srt
002,19,m,vandy,2,60,visual,nan,,nan,0.373331299982965,0.373331299982965,-20.0,1217.9123376000207,srt
002,19,m,vandy,2,61,audio,nan,,nan,0.5338934999890625,0.5138934999890625,-20.0,1221.0031522000208,srt
002,19,m,vandy,2,62,audio,nan,,nan,0.4935377000365406,0.4735377000365406,-20.0,1224.4457214998547,srt
002,19,m,vandy,2,63,audio,nan,,nan,0.4264665001537651,0.40646650015376506,-20.0,1227.433526699897,srt
002,19,m,vandy,2,64,audiovisual,nan,,nan,0.2932343001011759,0.2732343001011759,-20.0,1229.1939695999026,srt
002,19,m,vandy,2,65,audiovisual,nan,,nan,0.3637153999879956,0.3437153999879956,-20.0,1232.1286452000495,srt
002,19,m,vandy,2,66,audio,nan,,nan,0.5227247001603246,0.5027247001603246,-20.0,1234.2124316999689,srt
002,19,m,vandy,2,67,audio,nan,,nan,0.3341084998100996,0.3141084998100996,-20.0,1236.2124665998854,srt
002,19,m,vandy,2,68,audiovisual,nan,,nan,0.32023720000870526,0.30023720000870524,-20.0,1239.3046817998402,srt
002,19,m,vandy,2,69,audio,nan,,nan,0.5474465999286622,0.5274465999286622,-20.0,1241.5049554000143,srt
002,19,m,vandy,2,70,audiovisual,nan,,nan,0.3341876999475062,0.31418769994750617,-20.0,1245.0144559999462,srt
002,19,m,vandy,2,71,visual,nan,,nan,0.49325920012779534,0.49325920012779534,-20.0,1246.520645600045,srt
002,19,m,vandy,2,72,visual,nan,,nan,0.27614139998331666,0.27614139998331666,-20.0,1249.0020595998503,srt
002,19,m,vandy,2,73,audio,nan,,nan,0.5060758001636714,0.48607580016367136,-20.0,1251.1084280998912,srt
002,19,m,vandy,2,74,audio,nan,,nan,0.38716110005043447,0.36716110005043445,-20.0,1252.803310399875,srt
002,19,m,vandy,2,75,visual,nan,,nan,0.45328709995374084,0.45328709995374084,-20.0,1254.8162829000503,srt
002,19,m,vandy,2,76,audiovisual,nan,,nan,0.3602396999485791,0.34023969994857906,-20.0,1257.4976053999271,srt
002,19,m,vandy,2,77,audiovisual,nan,,nan,0.2804860998876393,0.26048609988763927,-20.0,1259.5650495998561,srt
002,19,m,vandy,2,78,visual,nan,,nan,0.3339596001897007,0.3339596001897007,-20.0,1261.9932990998495,srt
002,19,m,vandy,2,79,audiovisual,nan,,nan,0.2938215001486242,0.27382150014862416,-20.0,1265.0478747999296,srt
002,19,m,vandy,2,80,audio,nan,,nan,0.38854820001870394,0.3685482000187039,-20.0,1267.7817009999417,srt
002,19,m,vandy,2,81,visual,nan,,nan,0.34766580001451075,0.34766580001451075,-20.0,1269.8908152000513,srt
002,19,m,vandy,2,82,audiovisual,nan,,nan,0.25368790002539754,0.23368790002539755,-20.0,1273.0370220998302,srt
002,19,m,vandy,2,83,visual,nan,,nan,0.3870058997999877,0.3870058997999877,-20.0,1276.1846212998498,srt
002,19,m,vandy,2,84,audiovisual,nan,,nan,0.2537634000182152,0.2337634000182152,-20.0,1279.5056385998614,srt
002,19,m,vandy,2,85,audio,nan,,nan,0.5345351002179086,0.5145351002179086,-20.0,1282.41362389992,srt
002,19,m,vandy,2,86,visual,nan,,nan,0.3201685000676662,0.3201685000676662,-20.0,1284.068316299934,srt
002,19,m,vandy,2,87,visual,nan,,nan,0.29345440003089607,0.29345440003089607,-20.0,1285.8020570999943,srt
002,19,m,vandy,2,88,audiovisual,nan,,nan,0.21424389979802072,0.19424389979802073,-20.0,1287.8016437999904,srt
002,19,m,vandy,2,89,audio,nan,,nan,0.25240950006991625,0.23240950006991626,-20.0,1290.656961399829,srt
002,19,m,vandy,2,90,audiovisual,nan,,nan,0.24045240017585456,0.22045240017585457,-20.0,1293.2853844000492,srt
002,19,m,vandy,2,91,visual,nan,,nan,0.5862956000491977,0.5862956000491977,-20.0,1296.538437299896,srt
002,19,m,vandy,2,92,audio,nan,,nan,0.28043239982798696,0.26043239982798694,-20.0,1298.3526451999787,srt
002,19,m,vandy,2,93,audio,nan,,nan,0.24411039985716343,0.22411039985716344,-20.0,1300.3408631999046,srt
002,19,m,vandy,2,94,audio,nan,,nan,0.22790359985083342,0.20790359985083343,-20.0,1302.4514959000517,srt
002,19,m,vandy,2,95,audio,nan,,nan,0.4403934001456946,0.4203934001456946,-20.0,1305.1827435998712,srt
002,19,m,vandy,2,96,audio,nan,,nan,0.22811100003309548,0.2081110000330955,-20.0,1307.3562200998422,srt
002,19,m,vandy,2,97,audiovisual,nan,,nan,0.34566579991951585,0.32566579991951583,-20.0,1310.5849645000417,srt
002,19,m,vandy,2,98,visual,nan,,nan,0.3076367999892682,0.3076367999892682,-20.0,1311.9973883999046,srt
002,19,m,vandy,2,99,audiovisual,nan,,nan,0.21483509987592697,0.19483509987592698,-20.0,1314.8123106998391,srt
002,19,m,vandy,2,100,audio,nan,,nan,0.33432789985090494,0.3143278998509049,-20.0,1317.2002916999627,srt
002,19,m,vandy,2,101,audio,nan,,nan,0.22671020007692277,0.20671020007692278,-20.0,1318.695685399929,srt
002,19,m,vandy,2,102,audiovisual,nan,,nan,0.2540152999572456,0.2340152999572456,-20.0,1321.7479693999048,srt
002,19,m,vandy,2,103,audio,nan,,nan,0.25419120001606643,0.23419120001606644,-20.0,1323.5106640998274,srt
002,19,m,vandy,2,104,visual,nan,,nan,0.32065120013430715,0.32065120013430715,-20.0,1325.4168165999,srt
002,19,m,vandy,2,105,audio,nan,,nan,0.29295939998701215,0.27295939998701213,-20.0,1328.5229109998327,srt
002,19,m,vandy,2,106,audiovisual,nan,,nan,0.2530267999973148,0.23302679999731482,-20.0,1331.751296499977,srt
002,19,m,vandy,2,107,audio,nan,,nan,0.26758910017088056,0.24758910017088057,-20.0,1333.1942451999057,srt
002,19,m,vandy,2,108,audiovisual,nan,,nan,0.2533849000465125,0.2333849000465125,-20.0,1336.3143684000243,srt
002,19,m,vandy,2,109,audio,nan,,nan,0.2417880001012236,0.2217880001012236,-20.0,1337.7944423998706,srt
002,19,m,vandy,2,110,visual,nan,,nan,0.3248743999283761,0.3248743999283761,-20.0,1339.8628795999102,srt
002,19,m,vandy,2,111,audiovisual,nan,,nan,0.2398488000035286,0.2198488000035286,-20.0,1342.0128609999083,srt
002,19,m,vandy,2,112,visual,nan,,nan,0.33172879996709526,0.33172879996709526,-20.0,1344.5170731998514,srt
002,19,m,vandy,2,113,audio,nan,,nan,0.3869326999410987,0.3669326999410987,-20.0,1347.5051575000398,srt
002,19,m,vandy,2,114,audio,nan,,nan,0.33350110007449985,0.3135011000744998,-20.0,1350.38538230001,srt
002,19,m,vandy,2,115,audio,nan,,nan,0.2542737000621855,0.23427370006218554,-20.0,1351.8799429999199,srt
002,19,m,vandy,2,116,audiovisual,nan,,nan,0.23981230007484555,0.21981230007484556,-20.0,1354.7068423999008,srt
002,19,m,vandy,2,117,audiovisual,nan,,nan,0.2009898000396788,0.18098980003967882,-20.0,1356.7071906998754,srt
002,19,m,vandy,2,118,audio,nan,,nan,0.2164712999947369,0.19647129999473692,-20.0,1359.0444546998478,srt
002,19,m,vandy,2,119,audiovisual,nan,,nan,0.2938620999921113,0.2738620999921113,-20.0,1361.8586889998987,srt
002,19,m,vandy,2,120,audiovisual,nan,,nan,0.4141897999215871,0.3941897999215871,-20.0,1364.6169342000503,srt
002,19,m,vandy,2,121,visual,nan,,nan,0.41478180000558496,0.41478180000558496,-20.0,1366.405204999959,srt
002,19,m,vandy,2,122,audiovisual,nan,,nan,0.24190989998169243,0.22190989998169244,-20.0,1368.552730599884,srt
002,19,m,vandy,2,123,visual,nan,,nan,0.4668651001993567,0.4668651001993567,-20.0,1370.6339361998253,srt
002,19,m,vandy,2,124,audiovisual,nan,,nan,0.3062937001232058,0.28629370012320576,-20.0,1372.6999816999305,srt
002,19,m,vandy,2,125,audio,nan,,nan,0.36057040002197027,0.34057040002197025,-20.0,1375.3539690999314,srt
002,19,m,vandy,2,126,audiovisual,nan,,nan,0.5339212999679148,0.5139212999679148,-20.0,1377.9421655000187,srt
002,19,m,vandy,2,127,audio,nan,,nan,0.2806792000774294,0.2606792000774294,-20.0,1380.0360786998644,srt
002,19,m,vandy,2,128,visual,nan,,nan,0.8142089999746531,0.8142089999746531,-20.0,1382.9169597998261,srt
002,19,m,vandy,2,129,visual,nan,,nan,0.29316879995167255,0.29316879995167255,-20.0,1384.879278499866,srt
002,19,m,vandy,2,130,audio,nan,,nan,0.4011408998630941,0.3811408998630941,-20.0,1387.1862363999244,srt
002,19,m,vandy,2,131,audiovisual,nan,,nan,0.24042059993371367,0.22042059993371368,-20.0,1388.692735800054,srt
002,19,m,vandy,2,132,audiovisual,nan,,nan,0.24075490003451705,0.22075490003451706,-20.0,1390.1219269998837,srt
002,19,m,vandy,2,133,audio,nan,,nan,0.3204810000024736,0.3004810000024736,-20.0,1392.119998899987,srt
002,19,m,vandy,2,134,audio,nan,,nan,0.22386320005171,0.20386320005171002,-20.0,1393.6815456999466,srt
002,19,m,vandy,2,135,audio,nan,,nan,0.31249660020694137,0.29249660020694135,-20.0,1395.97674679989,srt
002,19,m,vandy,2,136,audiovisual,nan,,nan,0.24010540009476244,0.22010540009476245,-20.0,1398.4347872999497,srt
002,19,m,vandy,2,137,audio,nan,,nan,0.3475870001129806,0.3275870001129806,-20.0,1401.5632886998355,srt
002,19,m,vandy,2,138,visual,nan,,nan,0.4260927999857813,0.4260927999857813,-20.0,1403.791941100033,srt
002,19,m,vandy,2,139,visual,nan,,nan,0.2799278001766652,0.2799278001766652,-20.0,1405.738929899875,srt
002,19,m,vandy,2,140,visual,nan,,nan,0.3069048998877406,0.3069048998877406,-20.0,1408.1123819998465,srt
002,19,m,vandy,2,141,audiovisual,nan,,nan,0.24045560020022094,0.22045560020022095,-20.0,1410.193520499859,srt
002,19,m,vandy,2,142,visual,nan,,nan,0.34659820003435016,0.34659820003435016,-20.0,1412.609254800016,srt
002,19,m,vandy,2,143,audio,nan,,nan,0.42670550011098385,0.40670550011098383,-20.0,1414.529457999859,srt
002,19,m,vandy,2,144,visual,nan,,nan,0.6162036000750959,0.6162036000750959,-20.0,1416.516045999946,srt
002,19,m,vandy,2,145,visual,nan,,nan,0.31988229998387396,0.31988229998387396,-20.0,1418.1731042000465,srt
002,19,m,vandy,2,146,visual,nan,,nan,0.2928494999650866,0.2928494999650866,-20.0,1420.9044329000171,srt
002,19,m,vandy,2,147,audiovisual,nan,,nan,0.2681801998987794,0.2481801998987794,-20.0,1424.0250285000075,srt
002,19,m,vandy,2,148,visual,nan,,nan,0.3201061999425292,0.3201061999425292,-20.0,1426.4271175998729,srt
002,19,m,vandy,2,149,audio,nan,,nan,0.26707839989103377,0.24707839989103378,-20.0,1428.241088599898,srt
002,19,m,vandy,2,150,audiovisual,nan,,nan,0.2145578998606652,0.1945578998606652,-20.0,1430.3613183000125,srt
002,19,m,vandy,2,151,audiovisual,nan,,nan,0.2005557999946177,0.1805557999946177,-20.0,1432.030159899965,srt
002,19,m,vandy,2,152,audiovisual,nan,,nan,0.2018685000948608,0.1818685000948608,-20.0,1434.2432158999145,srt
002,19,m,vandy,2,153,visual,nan,,nan,0.424954199930653,0.424954199930653,-20.0,1437.20460669999,srt
002,19,m,vandy,2,154,audio,nan,,nan,0.28000310016795993,0.2600031001679599,-20.0,1438.6575188999996,srt
002,19,m,vandy,2,155,visual,nan,,nan,0.32066099997609854,0.32066099997609854,-20.0,1441.7913491998333,srt
002,19,m,vandy,2,156,visual,nan,,nan,0.34724360005930066,0.34724360005930066,-20.0,1443.5256983998697,srt
002,19,m,vandy,2,157,audiovisual,nan,,nan,0.227879700018093,0.207879700018093,-20.0,1446.634235000005,srt
002,19,m,vandy,2,158,audio,nan,,nan,0.34355539991520345,0.32355539991520343,-20.0,1449.4220506998245,srt
002,19,m,vandy,2,159,audio,nan,,nan,0.33463210007175803,0.314632100071758,-20.0,1451.2770434999838,srt
002,19,m,vandy,2,160,visual,nan,,nan,0.3345753999892622,0.3345753999892622,-20.0,1452.8370083000045,srt
002,19,m,vandy,2,161,visual,nan,,nan,0.29530050000175834,0.29530050000175834,-20.0,1454.9570869000163,srt
002,19,m,vandy,2,162,audiovisual,nan,,nan,0.3347829000558704,0.3147829000558704,-20.0,1457.8134834000375,srt
002,19,m,vandy,2,163,visual,nan,,nan,0.48007540008984506,0.48007540008984506,-20.0,1460.5724545998964,srt
002,19,m,vandy,2,164,visual,nan,,nan,0.2933833000715822,0.2933833000715822,-20.0,1462.0925965998322,srt
002,19,m,vandy,2,165,visual,nan,,nan,0.2939967999700457,0.2939967999700457,-20.0,1464.599854500033,srt
002,19,m,vandy,2,166,visual,nan,,nan,0.2576899998821318,0.2576899998821318,-20.0,1466.641229899833,srt
002,19,m,vandy,2,167,audiovisual,nan,,nan,0.3337396001443267,0.31373960014432667,-20.0,1469.1532791999634,srt
002,19,m,vandy,2,168,audio,nan,,nan,0.2938624999951571,0.2738624999951571,-20.0,1470.8563111999538,srt
002,19,m,vandy,2,169,audio,nan,,nan,0.3209127001464367,0.3009127001464367,-20.0,1472.3371617000084,srt
002,19,m,vandy,2,170,visual,nan,,nan,0.29383189999498427,0.29383189999498427,-20.0,1473.8180652998853,srt
002,19,m,vandy,2,171,visual,nan,,nan,0.3206599000841379,0.3206599000841379,-20.0,1476.6316743998323,srt
002,19,m,vandy,2,172,audio,nan,,nan,0.40112120006233454,0.3811212000623345,-20.0,1479.5391698000021,srt
002,19,m,vandy,2,173,audio,nan,,nan,1.48120480007492,1.46120480007492,-20.0,1482.0884195999242,srt
002,19,m,vandy,2,174,visual,nan,,nan,0.3209518000949174,0.3209518000949174,-20.0,1485.4083489999175,srt
002,19,m,vandy,2,175,visual,nan,,nan,0.3067735000513494,0.3067735000513494,-20.0,1488.4760270998813,srt
002,19,m,vandy,2,176,audiovisual,nan,,nan,0.40037949988618493,0.3803794998861849,-20.0,1491.5030451000202,srt
002,19,m,vandy,2,177,visual,nan,,nan,0.3197927000001073,0.3197927000001073,-20.0,1493.1178555998486,srt
002,19,m,vandy,2,178,audiovisual,nan,,nan,0.25515570002608,0.23515570002608002,-20.0,1496.0651914000046,srt
002,19,m,vandy,2,179,audiovisual,nan,,nan,0.30654659983702004,0.28654659983702,-20.0,1497.854206699878,srt
002,19,m,vandy,2,180,audiovisual,nan,,nan,0.4002535999752581,0.3802535999752581,-20.0,1500.1463367999531,srt
002,19,m,vandy,2,181,audiovisual,nan,,nan,0.24930269992910326,0.22930269992910327,-20.0,1501.6005903000478,srt
002,19,m,vandy,2,182,audio,nan,,nan,0.34734119987115264,0.3273411998711526,-20.0,1504.7618728999514,srt
002,19,m,vandy,2,183,visual,nan,,nan,0.2964906000997871,0.2964906000997871,-20.0,1506.9625416998751,srt
002,19,m,vandy,2,184,audio,nan,,nan,0.29442050005309284,0.2744205000530928,-20.0,1509.5124522999395,srt
002,19,m,vandy,2,185,audio,nan,,nan,0.28284029988572,0.26284029988572,-20.0,1511.9792187998537,srt
002,19,m,vandy,2,186,visual,nan,,nan,0.49407520005479455,0.49407520005479455,-20.0,1514.5543845999055,srt
002,19,m,vandy,2,187,audio,nan,,nan,0.2932032998651266,0.2732032998651266,-20.0,1517.0465355999768,srt
002,19,m,vandy,2,188,visual,nan,,nan,0.33367409999482334,0.33367409999482334,-20.0,1518.7133933999576,srt
002,19,m,vandy,2,189,visual,nan,,nan,0.39964830013923347,0.39964830013923347,-20.0,1521.4616578000132,srt
002,19,m,vandy,2,190,audiovisual,nan,,nan,0.23933689994737506,0.21933689994737507,-20.0,1523.0477499999106,srt
002,19,m,vandy,2,191,visual,nan,,nan,0.22720149997621775,0.22720149997621775,-20.0,1525.9717949000187,srt
002,19,m,vandy,2,192,audiovisual,nan,,nan,0.2402738998644054,0.2202738998644054,-20.0,1528.690615199972,srt
002,19,m,vandy,2,193,visual,nan,,nan,,,-20.0,1530.945013700053,srt
002,19,m,vandy,2,194,visual,nan,,nan,,,-20.0,1532.6794926000293,srt
002,19,m,vandy,2,195,audio,nan,,nan,0.29428149992600083,0.2742814999260008,-20.0,1534.7740017999895,srt
002,19,m,vandy,2,196,visual,nan,,nan,0.4666804999578744,0.4666804999578744,-20.0,1536.1873394998256,srt
002,19,m,vandy,2,197,visual,nan,,nan,0.28077710000798106,0.28077710000798106,-20.0,1538.1338920998387,srt
002,19,m,vandy,2,198,audio,nan,,nan,0.5064620000775903,0.48646200007759033,-20.0,1539.8819835998584,srt
002,19,m,vandy,2,199,visual,nan,,nan,0.281836099922657,0.281836099922657,-20.0,1541.5482057998888,srt
002,19,m,vandy,2,200,audiovisual,nan,,nan,0.2935705999843776,0.2735705999843776,-20.0,1544.0839940998703,srt
002,19,m,vandy,2,201,audiovisual,nan,,nan,0.2541338999290019,0.23413389992900194,-20.0,1545.8166271999944,srt
002,19,m,vandy,2,202,visual,nan,,nan,0.3470548999030143,0.3470548999030143,-20.0,1547.8977812998928,srt
002,19,m,vandy,2,203,audiovisual,nan,,nan,0.3063773999456316,0.2863773999456316,-20.0,1549.8198537998833,srt
002,19,m,vandy,2,204,audiovisual,nan,,nan,0.21434780000708997,0.19434780000708998,-20.0,1551.4183761000168,srt
002,19,m,vandy,2,205,audiovisual,nan,,nan,0.29365559993311763,0.2736555999331176,-20.0,1554.2328912999947,srt
002,19,m,vandy,2,206,audiovisual,nan,,nan,0.28112790011800826,0.26112790011800824,-20.0,1555.7661219998263,srt
002,19,m,vandy,2,207,audiovisual,nan,,nan,0.30751070007681847,0.28751070007681845,-20.0,1558.8894923999906,srt
002,19,m,vandy,2,208,audiovisual,nan,,nan,0.3205173001624644,0.30051730016246436,-20.0,1561.2630068999715,srt
002,19,m,vandy,2,209,audio,nan,,nan,0.2685165998991579,0.2485165998991579,-20.0,1563.1174607998691,srt
002,19,m,vandy,2,210,visual,nan,,nan,0.33367699990049005,0.33367699990049005,-20.0,1566.0256657998543,srt
002,19,m,vandy,2,211,visual,nan,,nan,0.38693140004761517,0.38693140004761517,-20.0,1568.63814249984,srt
002,19,m,vandy,2,212,visual,nan,,nan,0.33444390003569424,0.33444390003569424,-20.0,1572.0136656998657,srt
002,19,m,vandy,2,213,audio,nan,,nan,0.858102000085637,0.838102000085637,-20.0,1574.6681254999712,srt
002,19,m,vandy,2,214,audiovisual,nan,,nan,0.2704100999981165,0.2504100999981165,-20.0,1576.7125899998937,srt
002,19,m,vandy,2,215,audio,nan,,nan,0.34674110007472336,0.32674110007472335,-20.0,1578.3129894998856,srt
002,19,m,vandy,2,216,audio,nan,,nan,0.3363207997754216,0.3163207997754216,-20.0,1580.3621097998694,srt
002,19,m,vandy,2,217,audio,nan,,nan,0.22805309994146228,0.2080530999414623,-20.0,1581.9542067998555,srt
002,19,m,vandy,2,218,audio,nan,,nan,0.36135079991072416,0.34135079991072415,-20.0,1584.3785859998316,srt
002,19,m,vandy,2,219,visual,nan,,nan,0.6274916999973357,0.6274916999973357,-20.0,1586.0748443999328,srt
002,19,m,vandy,2,220,audiovisual,nan,,nan,0.5068484998773783,0.4868484998773783,-20.0,1588.0057681000326,srt
002,19,m,vandy,2,221,audio,nan,,nan,0.20152160013094544,0.18152160013094545,-20.0,1589.5797274999786,srt
002,19,m,vandy,2,222,visual,nan,,nan,0.3066840001847595,0.3066840001847595,-20.0,1592.7412669998594,srt
002,19,m,vandy,2,223,visual,nan,,nan,0.3197864000685513,0.3197864000685513,-20.0,1595.3026600000449,srt
002,19,m,vandy,2,224,visual,nan,,nan,0.47519759996794164,0.47519759996794164,-20.0,1597.9015879000071,srt
002,19,m,vandy,2,225,audiovisual,nan,,nan,0.2947734999470413,0.27477349994704126,-20.0,1599.4911566998344,srt
002,19,m,vandy,2,226,visual,nan,,nan,0.32118119997903705,0.32118119997903705,-20.0,1601.3716940998565,srt
002,19,m,vandy,2,227,audiovisual,nan,,nan,0.37398450006730855,0.3539845000673085,-20.0,1604.6650618000422,srt
002,19,m,vandy,2,228,audio,nan,,nan,0.33314250013791025,0.31314250013791023,-20.0,1607.0792902000248,srt
002,19,m,vandy,2,229,audiovisual,nan,,nan,0.18695750017650425,0.16695750017650426,-20.0,1609.3201268999837,srt
002,19,m,vandy,2,230,audio,nan,,nan,0.2807275999803096,0.2607275999803096,-20.0,1611.5069430998992,srt
002,19,m,vandy,2,231,visual,nan,,nan,0.30851000011898577,0.30851000011898577,-20.0,1613.4829891000409,srt
002,19,m,vandy,2,232,audiovisual,nan,,nan,0.17265360010787845,0.15265360010787846,-20.0,1615.752118999837,srt
002,19,m,vandy,2,233,audiovisual,nan,,nan,0.24370480002835393,0.22370480002835394,-20.0,1618.8046170999296,srt
002,19,m,vandy,2,234,visual,nan,,nan,0.6399242000188679,0.6399242000188679,-20.0,1621.2350267998409,srt
002,19,m,vandy,2,235,audiovisual,nan,,nan,0.2279658999759704,0.2079658999759704,-20.0,1623.2845820998773,srt
002,19,m,vandy,2,236,audiovisual,nan,,nan,0.18844290007837117,0.16844290007837118,-20.0,1625.4470553998835,srt
002,19,m,vandy,2,237,audio,nan,,nan,0.28120659990236163,0.2612065999023616,-20.0,1628.0891006998718,srt
002,19,m,vandy,2,238,audio,nan,,nan,0.22727279993705451,0.20727279993705452,-20.0,1629.9814377999865,srt
002,19,m,vandy,2,239,visual,nan,,nan,0.28000649996101856,0.28000649996101856,-20.0,1631.9435673998669,srt
002,19,m,vandy,2,240,audiovisual,nan,,nan,0.2144970998633653,0.1944970998633653,-20.0,1633.7551752999425,srt
002,19,m,vandy,2,241,audio,nan,,nan,0.18685370008461177,0.16685370008461178,-20.0,1635.7172818998806,srt
002,19,m,vandy,2,242,audio,nan,,nan,0.24092529993504286,0.22092529993504287,-20.0,1638.305136000039,srt
002,19,m,vandy,2,243,audiovisual,nan,,nan,0.25292059988714755,0.23292059988714756,-20.0,1640.4920495999977,srt
002,19,m,vandy,2,244,audio,nan,,nan,0.2277106000110507,0.2077106000110507,-20.0,1641.931818000041,srt
002,19,m,vandy,2,245,audiovisual,nan,,nan,0.22871610010042787,0.20871610010042788,-20.0,1643.839809600031,srt
002,19,m,vandy,2,246,audiovisual,nan,,nan,0.21464379993267357,0.19464379993267358,-20.0,1645.200931099942,srt
002,19,m,vandy,2,247,visual,nan,,nan,0.3077219999395311,0.3077219999395311,-20.0,1648.4151127999648,srt
002,19,m,vandy,2,248,audio,nan,,nan,0.24108060006983578,0.2210806000698358,-20.0,1651.1088294999208,srt
002,19,m,vandy,2,249,visual,nan,,nan,0.280276799807325,0.280276799807325,-20.0,1653.7768220000435,srt
002,19,m,vandy,2,250,visual,nan,,nan,0.29630759987048805,0.29630759987048805,-20.0,1655.7522459998727,srt
002,19,m,vandy,2,251,visual,nan,,nan,0.25439550005830824,0.25439550005830824,-20.0,1657.4739902999718,srt
002,19,m,vandy,2,252,visual,nan,,nan,0.40046059992164373,0.40046059992164373,-20.0,1659.6458002999425,srt
002,19,m,vandy,2,253,audiovisual,nan,,nan,0.2939175001811236,0.2739175001811236,-20.0,1661.952792899916,srt
002,19,m,vandy,2,254,audiovisual,nan,,nan,0.2802029000595212,0.2602029000595212,-20.0,1665.2217914999928,srt
002,19,m,vandy,2,255,audiovisual,nan,,nan,0.2547408000100404,0.2347408000100404,-20.0,1668.1280089998618,srt
002,19,m,vandy,2,256,visual,nan,,nan,0.47986960015259683,0.47986960015259683,-20.0,1670.6768507000525,srt
002,19,m,vandy,2,257,audio,nan,,nan,0.2281293999403715,0.20812939994037152,-20.0,1672.1967084999196,srt
002,19,m,vandy,2,258,audio,nan,,nan,0.22700299997814,0.20700299997814,-20.0,1674.4646322999615,srt
002,19,m,vandy,2,259,visual,nan,,nan,0.32101209997199476,0.32101209997199476,-20.0,1676.600232299883,srt
002,19,m,vandy,2,260,visual,nan,,nan,0.306850700173527,0.306850700173527,-20.0,1678.8926647999324,srt
002,19,m,vandy,2,261,audio,nan,,nan,0.34659530012868345,0.32659530012868343,-20.0,1682.079369599931,srt
002,19,m,vandy,2,262,audiovisual,nan,,nan,0.19250610005110502,0.17250610005110503,-20.0,1685.3490856999997,srt
002,19,m,vandy,2,263,visual,nan,,nan,0.4790253001265228,0.4790253001265228,-20.0,1688.554610399995,srt
002,19,m,vandy,2,264,audiovisual,nan,,nan,0.1867684000171721,0.1667684000171721,-20.0,1691.2580817998387,srt
002,19,m,vandy,2,265,audiovisual,nan,,nan,0.2939083999954164,0.2739083999954164,-20.0,1694.3650676000398,srt
002,19,m,vandy,2,266,audio,nan,,nan,0.3867764000315219,0.3667764000315219,-20.0,1696.4053290998563,srt
002,19,m,vandy,2,267,visual,nan,,nan,0.32066799979656935,0.32066799979656935,-20.0,1698.912355999928,srt
002,19,m,vandy,2,268,audiovisual,nan,,nan,0.3637681999243796,0.34376819992437957,-20.0,1701.5276708998717,srt
002,19,m,vandy,2,269,visual,nan,,nan,0.30704210000112653,0.30704210000112653,-20.0,1704.653684000019,srt
002,19,m,vandy,2,270,audio,nan,,nan,0.479993499815464,0.459993499815464,-20.0,1706.795953999972,srt
002,19,m,vandy,2,271,audio,nan,,nan,0.3474320999812335,0.32743209998123346,-20.0,1708.5962847999763,srt
002,19,m,vandy,2,272,visual,nan,,nan,0.33158809994347394,0.33158809994347394,-20.0,1710.2247325999197,srt
002,19,m,vandy,2,273,visual,nan,,nan,0.30708319996483624,0.30708319996483624,-20.0,1712.143914999906,srt
002,19,m,vandy,2,274,visual,nan,,nan,0.3330457000993192,0.3330457000993192,-20.0,1714.3858342999592,srt
002,19,m,vandy,2,275,audiovisual,nan,,nan,0.22780389990657568,0.2078038999065757,-20.0,1716.2258557998575,srt
002,19,m,vandy,2,276,visual,nan,,nan,0.36028889985755086,0.36028889985755086,-20.0,1719.1068265999202,srt
002,19,m,vandy,2,277,audio,nan,,nan,0.4785564001649618,0.4585564001649618,-20.0,1721.1466653998941,srt
002,19,m,vandy,2,278,audio,nan,,nan,0.2813476000446826,0.2613476000446826,-20.0,1723.5502086998895,srt
002,19,m,vandy,2,279,audiovisual,nan,,nan,0.2559450000990182,0.23594500009901823,-20.0,1726.3776477999054,srt
002,19,m,vandy,2,280,audio,nan,,nan,0.3621299001388252,0.34212990013882516,-20.0,1729.4735085000284,srt
002,19,m,vandy,2,281,audio,nan,,nan,0.25427130004391074,0.23427130004391075,-20.0,1731.10007509985,srt
002,19,m,vandy,2,282,audiovisual,nan,,nan,0.26809160015545785,0.24809160015545786,-20.0,1733.1664638000075,srt
002,19,m,vandy,2,283,visual,nan,,nan,0.5478635998442769,0.5478635998442769,-20.0,1736.234345200006,srt
002,19,m,vandy,2,284,audio,nan,,nan,0.39979710010811687,0.37979710010811685,-20.0,1738.2205371998716,srt
002,19,m,vandy,2,285,audiovisual,nan,,nan,0.26753220008686185,0.24753220008686186,-20.0,1740.900883599883,srt
002,19,m,vandy,2,286,visual,nan,,nan,0.3597939000464976,0.3597939000464976,-20.0,1743.7565050998237,srt
002,19,m,vandy,2,287,visual,nan,,nan,0.39947269996628165,0.39947269996628165,-20.0,1746.7723999000154,srt
002,19,m,vandy,2,288,visual,nan,,nan,0.2803992999251932,0.2803992999251932,-20.0,1749.4642393998802,srt
002,19,m,vandy,2,289,visual,nan,,nan,0.30650790012441576,0.30650790012441576,-20.0,1752.0388332998846,srt
002,19,m,vandy,2,290,visual,nan,,nan,0.2279455999378115,0.2279455999378115,-20.0,1753.7869013999589,srt
002,19,m,vandy,2,291,audiovisual,nan,,nan,0.17368839983828366,0.15368839983828367,-20.0,1755.8811736998614,srt
002,19,m,vandy,2,292,audiovisual,nan,,nan,0.20018679997883737,0.18018679997883738,-20.0,1758.721590799978,srt
002,19,m,vandy,2,293,visual,nan,,nan,0.5073772999458015,0.5073772999458015,-20.0,1761.508950999938,srt
002,19,m,vandy,2,294,visual,nan,,nan,0.20095989992842078,0.20095989992842078,-20.0,1763.1217682999559,srt
002,19,m,vandy,2,295,audiovisual,nan,,nan,0.05469470005482435,0.03469470005482435,-20.0,1765.4191111999098,srt
002,19,m,vandy,2,296,audio,nan,,nan,0.255040799966082,0.235040799966082,-20.0,1767.9059669999406,srt
002,19,m,vandy,2,297,audio,nan,,nan,0.21469169994816184,0.19469169994816185,-20.0,1769.860812699888,srt
002,19,m,vandy,2,298,audiovisual,nan,,nan,0.25463059986941516,0.23463059986941517,-20.0,1771.833760399837,srt
002,19,m,vandy,2,299,visual,nan,,nan,0.2536367999855429,0.2536367999855429,-20.0,1773.6345740999095,srt
002,19,m,vandy,2,300,audiovisual,nan,,nan,0.18839709996245801,0.16839709996245802,-20.0,1776.1940947000403,srt
002,19,m,vandy,3,1,audiovisual,-300,,1,1.4677871000021696,1.4477871000021696,-20.0,1823.7693965998478,toj
002,19,m,vandy,3,2,audiovisual,300,,2,0.7072837001178414,0.6872837001178413,-20.0,1826.6245794999413,toj
002,19,m,vandy,3,3,audiovisual,150,,1,1.1117709998507053,1.0917709998507052,-20.0,1828.8386557998601,toj
002,19,m,vandy,3,4,audiovisual,-150,,1,2.680384799838066,2.660384799838066,-20.0,1831.879759500036,toj
002,19,m,vandy,3,5,audiovisual,-50,,1,1.2941177000757307,1.2741177000757307,-20.0,1835.6308089999948,toj
002,19,m,vandy,3,6,audiovisual,-250,,1,1.495258699869737,1.475258699869737,-20.0,1838.7755715998355,toj
002,19,m,vandy,3,7,audiovisual,-250,,1,1.2688722000457346,1.2488722000457346,-20.0,1841.6447099000216,toj
002,19,m,vandy,3,8,audiovisual,200,,2,1.5215332000516355,1.5015332000516355,-20.0,1843.9517057999037,toj
002,19,m,vandy,3,9,audiovisual,300,,2,0.5337058000732213,0.5137058000732213,-20.0,1847.2726894998923,toj
002,19,m,vandy,3,10,audiovisual,50,,1,0.6008503001648933,0.5808503001648933,-20.0,1848.9396364998538,toj
002,19,m,vandy,3,11,audiovisual,-300,,1,1.2962002998683602,1.2762002998683601,-20.0,1851.2737334999256,toj
002,19,m,vandy,3,12,audiovisual,0,,1,1.5476382998749614,1.5276382998749614,-20.0,1854.5301170998719,toj
002,19,m,vandy,3,13,audiovisual,200,,1,1.3473596998956054,1.3273596998956054,-20.0,1857.689752599923,toj
002,19,m,vandy,3,14,audiovisual,-50,,1,0.9343732998240739,0.9143732998240739,-20.0,1860.769879099913,toj
002,19,m,vandy,3,15,audiovisual,-100,,1,0.773596900049597,0.753596900049597,-20.0,1863.5318227999378,toj
002,19,m,vandy,3,16,audiovisual,250,,2,0.8941507998388261,0.874150799838826,-20.0,1866.1187326998916,toj
002,19,m,vandy,3,17,audiovisual,-100,,1,2.5211879999842495,2.5011879999842495,-20.0,1868.6399960999843,toj
002,19,m,vandy,3,18,audiovisual,-100,,1,1.0411581001244485,1.0211581001244485,-20.0,1873.0954062000383,toj
002,19,m,vandy,3,19,audiovisual,250,,1,0.9741016998887062,0.9541016998887062,-20.0,1875.8027095999569,toj
002,19,m,vandy,3,20,audiovisual,-150,,1,1.6541565000079572,1.6341565000079572,-20.0,1878.4432901998516,toj
002,19,m,vandy,3,21,audiovisual,0,,1,1.400528599973768,1.380528599973768,-20.0,1881.5116246999241,toj
002,19,m,vandy,3,22,audiovisual,100,,1,1.2691275000106543,1.2491275000106543,-20.0,1884.378912499873,toj
002,19,m,vandy,3,23,audiovisual,-150,,1,0.7314236999955028,0.7114236999955028,-20.0,1887.6496125999838,toj
002,19,m,vandy,3,24,audiovisual,150,,2,1.8422280000522733,1.8222280000522733,-20.0,1889.941775899846,toj
002,19,m,vandy,3,25,audiovisual,-300,,1,1.0943018000107259,1.0743018000107258,-20.0,1892.9154065998737,toj
002,19,m,vandy,3,26,audiovisual,-50,,1,0.7198717999272048,0.6998717999272048,-20.0,1895.0502059999853,toj
002,19,m,vandy,3,27,audiovisual,-50,,1,0.8798898998647928,0.8598898998647928,-20.0,1897.0501713999547,toj
002,19,m,vandy,3,28,audiovisual,-250,,1,0.8809442999772727,0.8609442999772727,-20.0,1898.9842807999812,toj
002,19,m,vandy,3,29,audiovisual,100,,1,0.7650200000498444,0.7450200000498444,-20.0,1901.6394487998914,toj
002,19,m,vandy,3,30,audiovisual,-50,,1,0.40024539991281927,0.38024539991281925,-20.0,1904.1504368998576,toj
002,19,m,vandy,3,31,audiovisual,-200,,1,0.7897594999521971,0.7697594999521971,-20.0,1905.7506754000206,toj
002,19,m,vandy,3,32,audiovisual,-300,,1,0.6014788998290896,0.5814788998290896,-20.0,1908.3099729998503,toj
002,19,m,vandy,3,33,audiovisual,150,,1,0.6266995999030769,0.6066995999030769,-20.0,1910.7623407999054,toj
002,19,m,vandy,3,34,audiovisual,50,,1,0.6544264999683946,0.6344264999683946,-20.0,1912.6827750999946,toj
002,19,m,vandy,3,35,audiovisual,-100,,1,0.44044189993292093,0.4204418999329209,-20.0,1914.4971785000525,toj
002,19,m,vandy,3,36,audiovisual,-50,,1,0.546789700165391,0.526789700165391,-20.0,1916.8322377000004,toj
002,19,m,vandy,3,37,audiovisual,50,,1,0.5335316001437604,0.5135316001437604,-20.0,1918.9915838998277,toj
002,19,m,vandy,3,38,audiovisual,-250,,1,0.6820177000481635,0.6620177000481635,-20.0,1920.7121857998427,toj
002,19,m,vandy,3,39,audiovisual,-50,,1,0.3869974999688566,0.36699749996885656,-20.0,1923.0211587999947,toj
002,19,m,vandy,3,40,audiovisual,-50,,1,0.6823285999707878,0.6623285999707877,-20.0,1925.0870153999422,toj
002,19,m,vandy,3,41,audiovisual,250,,2,1.0554629999678582,1.0354629999678582,-20.0,1926.9699080998544,toj
002,19,m,vandy,3,42,audiovisual,-150,,1,0.7736056998837739,0.7536056998837739,-20.0,1929.3703880000394,toj
002,19,m,vandy,3,43,audiovisual,-300,,1,0.613851600093767,0.593851600093767,-20.0,1931.3563724998385,toj
002,19,m,vandy,3,44,audiovisual,100,,1,0.5198871998582035,0.4998871998582035,-20.0,1933.7035540998913,toj
002,19,m,vandy,3,45,audiovisual,-250,,1,0.42664419999346137,0.40664419999346135,-20.0,1935.7178561999463,toj
002,19,m,vandy,3,46,audiovisual,250,,1,0.6934954999014735,0.6734954999014735,-20.0,1937.664931899868,toj
002,19,m,vandy,3,47,audiovisual,200,,1,0.7295870999805629,0.7095870999805629,-20.0,1939.8656933000311,toj
002,19,m,vandy,3,48,audiovisual,-50,,1,0.5331915998831391,0.5131915998831391,-20.0,1941.9597249999642,toj
002,19,m,vandy,3,49,audiovisual,-100,,1,0.3764900001697242,0.3564900001697242,-20.0,1943.9205099998508,toj
002,19,m,vandy,3,50,audiovisual,-100,,1,0.3201621000189334,0.3001621000189334,-20.0,1945.4702883998398,toj
002,19,m,vandy,3,51,audiovisual,-200,,1,0.7317895998712629,0.7117895998712629,-20.0,1947.0703201999422,toj
002,19,m,vandy,3,52,audiovisual,-300,,1,0.4796366998925805,0.4596366998925805,-20.0,1948.8820571999531,toj
002,19,m,vandy,3,53,audiovisual,250,,1,1.4005531000439078,1.3805531000439077,-20.0,1950.5899235999677,toj
002,19,m,vandy,3,54,audiovisual,-150,,1,0.4402511001098901,0.4202511001098901,-20.0,1953.0172766998876,toj
002,19,m,vandy,3,55,audiovisual,250,,1,1.0009989999234676,0.9809989999234676,-20.0,1954.7517150999047,toj
002,19,m,vandy,3,56,audiovisual,-200,,1,0.5074892998673022,0.48748929986730216,-20.0,1957.7527254000306,toj
002,19,m,vandy,3,57,audiovisual,200,,1,0.4532141999807209,0.43321419998072086,-20.0,1959.3535042000003,toj
002,19,m,vandy,3,58,audiovisual,150,,1,0.5584015001077205,0.5384015001077205,-20.0,1961.4739579998422,toj
002,19,m,vandy,3,59,audiovisual,-300,,1,0.4008657999802381,0.38086579998023806,-20.0,1963.4336305998731,toj
002,19,m,vandy,3,60,audiovisual,250,,1,0.6782550001516938,0.6582550001516938,-20.0,1965.4354210998863,toj
002,19,m,vandy,3,61,audiovisual,-100,,1,0.3221233000513166,0.3021233000513166,-20.0,1967.2885906000156,toj
002,19,m,vandy,3,62,audiovisual,50,,1,0.49405220011249185,0.47405220011249183,-20.0,1969.5048449998721,toj
002,19,m,vandy,3,63,audiovisual,50,,1,-1.7536961999721825,-1.7736961999721825,-20.0,1971.5706327999942,toj
002,19,m,vandy,3,64,audiovisual,-250,,1,-1.7318184999749064,-1.7518184999749065,-20.0,1973.557101599872,toj
002,19,m,vandy,3,65,audiovisual,250,,1,-1.559447699924931,-1.579447699924931,-20.0,1975.7321605999023,toj
002,19,m,vandy,3,66,audiovisual,-150,,1,-1.5362605000846088,-1.5562605000846088,-20.0,1977.7253258000128,toj
002,19,m,vandy,3,67,audiovisual,50,,1,-1.1230760999023914,-1.1430760999023915,-20.0,1979.5739223998971,toj
002,19,m,vandy,3,68,audiovisual,-250,,1,-1.156086399918422,-1.1760863999184221,-20.0,1980.865212299861,toj
002,19,m,vandy,3,69,audiovisual,-150,,1,-0.9750174998771399,-0.9950174998771399,-20.0,1982.5879432999063,toj
002,19,m,vandy,3,70,audiovisual,0,,1,-1.5390415999572724,-1.5590415999572724,-20.0,1984.443142300006,toj
002,19,m,vandy,3,71,audiovisual,-50,,1,-0.9887151999864727,-1.0087151999864727,-20.0,1986.5485467999242,toj
002,19,m,vandy,3,72,audiovisual,100,,1,-1.345612300094217,-1.365612300094217,-20.0,1988.0972551000305,toj
002,19,m,vandy,3,73,audiovisual,100,,1,-1.5328079999890178,-1.5528079999890179,-20.0,1990.0578598999418,toj
002,19,m,vandy,3,74,audiovisual,100,,1,-1.606035399949178,-1.6260353999491781,-20.0,1992.2891849000007,toj
002,19,m,vandy,3,75,audiovisual,100,,1,-1.6734382999129593,-1.6934382999129594,-20.0,1994.2982754998375,toj
002,19,m,vandy,3,76,audiovisual,-50,,1,-1.3642824001144618,-1.3842824001144618,-20.0,1996.4384624999948,toj
002,19,m,vandy,3,77,audiovisual,50,,1,-1.1943737999536097,-1.2143737999536097,-20.0,1998.2210512999445,toj
002,19,m,vandy,3,78,audiovisual,-200,,1,-1.5734798999037594,-1.5934798999037594,-20.0,1999.8082898999564,toj
002,19,m,vandy,3,79,audiovisual,-300,,1,-0.8293965999037027,-0.8493965999037028,-20.0,2001.9694619998336,toj
002,19,m,vandy,3,80,audiovisual,50,,1,-1.0557417999953032,-1.0757417999953032,-20.0,2003.555764199933,toj
002,19,m,vandy,3,81,audiovisual,150,,1,-0.7289229000452906,-0.7489229000452906,-20.0,2005.4692559998948,toj
002,19,m,vandy,3,82,audiovisual,100,,1,-1.5373833999037743,-1.5573833999037743,-20.0,2006.915037699975,toj
002,19,m,vandy,3,83,audiovisual,250,,1,-1.6163077999372035,-1.6363077999372035,-20.0,2009.0686716998462,toj
002,19,m,vandy,3,84,audiovisual,200,,1,-0.7563324999064207,-0.7763324999064207,-20.0,2011.3502823000308,toj
002,19,m,vandy,3,85,audiovisual,0,,1,-1.1258280000183731,-1.1458280000183731,-20.0,2013.6262099999003,toj
002,19,m,vandy,3,86,audiovisual,-250,,1,-1.7351200999692082,-1.7551200999692083,-20.0,2015.1287565999664,toj
002,19,m,vandy,3,87,audiovisual,-150,,1,-1.3903648999985307,-1.4103648999985308,-20.0,2017.4403635999188,toj
002,19,m,vandy,3,88,audiovisual,300,,1,-1.1121827999595553,-1.1321827999595553,-20.0,2019.2013987998944,toj
002,19,m,vandy,3,89,audiovisual,100,,1,-1.1399668001104146,-1.1599668001104146,-20.0,2020.7975564999506,toj
002,19,m,vandy,3,90,audiovisual,-100,,1,-1.39017069991678,-1.41017069991678,-20.0,2022.3278387000319,toj
002,19,m,vandy,3,91,audiovisual,-200,,1,-1.5396443998906761,-1.5596443998906762,-20.0,2024.2316966999788,toj
002,19,m,vandy,3,92,audiovisual,-100,,1,0.21544709987938404,0.19544709987938405,-20.0,2026.1510967998765,toj
002,19,m,vandy,3,93,audiovisual,200,,1,0.5872446999419481,0.567244699941948,-20.0,2028.2599529998843,toj
002,19,m,vandy,3,94,audiovisual,250,,2,0.7341431998647749,0.7141431998647749,-20.0,2030.2192505998537,toj
002,19,m,vandy,3,95,audiovisual,-250,,1,0.8568204999901354,0.8368204999901354,-20.0,2032.8871130000334,toj
002,19,m,vandy,3,96,audiovisual,-100,,1,0.5995187999214977,0.5795187999214977,-20.0,2035.3707466998603,toj
002,19,m,vandy,3,97,audiovisual,250,,1,0.8420765001792461,0.822076500179246,-20.0,2037.3013094998896,toj
002,19,m,vandy,3,98,audiovisual,150,,1,0.6529008999932557,0.6329008999932557,-20.0,2039.929987799842,toj
002,19,m,vandy,3,99,audiovisual,200,,1,0.40041729994118214,0.3804172999411821,-20.0,2041.7828861000016,toj
002,19,m,vandy,3,100,audiovisual,-100,,1,0.2414394998922944,0.22143949989229442,-20.0,2043.7441189999226,toj
002,19,m,vandy,3,101,audiovisual,-100,,1,0.29487570002675056,0.27487570002675055,-20.0,2045.6652814999688,toj
002,19,m,vandy,3,102,audiovisual,200,,1,0.5206665999721736,0.5006665999721736,-20.0,2047.853140299907,toj
002,19,m,vandy,3,103,audiovisual,100,,1,0.5463864000048488,0.5263864000048488,-20.0,2050.2797894999385,toj
002,19,m,vandy,3,104,audiovisual,0,,1,0.3467957000248134,0.3267957000248134,-20.0,2052.159916699864,toj
002,19,m,vandy,3,105,audiovisual,300,,1,0.681345900055021,0.661345900055021,-20.0,2054.5208491999656,toj
002,19,m,vandy,3,106,audiovisual,50,,1,0.34747410006821156,0.32747410006821154,-20.0,2056.776376700029,toj
002,19,m,vandy,3,107,audiovisual,-300,,1,0.46734319999814034,0.4473431999981403,-20.0,2059.096163699869,toj
002,19,m,vandy,3,108,audiovisual,200,,1,0.40035060001537204,0.380350600015372,-20.0,2061.2173578999937,toj
002,19,m,vandy,3,109,audiovisual,150,,1,0.6534022998530418,0.6334022998530418,-20.0,2062.7377002998255,toj
002,19,m,vandy,3,110,audiovisual,-200,,1,0.6001994998659939,0.5801994998659938,-20.0,2064.418316999916,toj
002,19,m,vandy,3,111,audiovisual,150,,1,0.37663870002143085,0.35663870002143083,-20.0,2066.0459433998913,toj
002,19,m,vandy,3,112,audiovisual,200,,1,0.6131972000002861,0.5931972000002861,-20.0,2068.2500932998955,toj
002,19,m,vandy,3,113,audiovisual,-300,,1,0.9204409001395106,0.9004409001395106,-20.0,2070.286771700019,toj
002,19,m,vandy,3,114,audiovisual,-50,,1,0.6679521999321878,0.6479521999321878,-20.0,2073.0348300000187,toj
002,19,m,vandy,3,115,audiovisual,-150,,1,0.507267699809745,0.48726769980974494,-20.0,2075.115840499988,toj
002,19,m,vandy,3,116,audiovisual,50,,1,0.6544286999851465,0.6344286999851465,-20.0,2076.7965617999434,toj
002,19,m,vandy,3,117,audiovisual,50,,1,0.3471907000057399,0.3271907000057399,-20.0,2078.5037314998917,toj
002,19,m,vandy,3,118,audiovisual,250,,1,2.1875537999439985,2.1675537999439984,-20.0,2080.2776672998443,toj
002,19,m,vandy,3,119,audiovisual,300,,1,2.362005200004205,2.342005200004205,-20.0,2084.438302599825,toj
002,19,m,vandy,3,120,audiovisual,300,,1,-1.701108800014481,-1.721108800014481,-20.0,2088.694513999857,toj
002,19,m,vandy,3,121,audiovisual,-50,,2,-1.108174400171265,-1.128174400171265,-20.0,2090.949852599995,toj
002,19,m,vandy,3,122,audiovisual,-150,,1,-0.7119428000878543,-0.7319428000878543,-20.0,2092.415975000011,toj
002,19,m,vandy,3,123,audiovisual,-100,,1,-1.4093089001253247,-1.4293089001253247,-20.0,2093.9751885998994,toj
002,19,m,vandy,3,124,audiovisual,0,,1,-0.6851294001098722,-0.7051294001098722,-20.0,2096.05744210002,toj
002,19,m,vandy,3,125,audiovisual,-200,,1,-1.1673914999701083,-1.1873914999701083,-20.0,2097.3683555999305,toj
002,19,m,vandy,3,126,audiovisual,200,,1,-0.8435680000111461,-0.8635680000111461,-20.0,2099.244036299875,toj
002,19,m,vandy,3,127,audiovisual,50,,1,-1.345123200211674,-1.365123200211674,-20.0,2100.6902467999607,toj
002,19,m,vandy,3,128,audiovisual,-200,,1,-1.513760100118816,-1.533760100118816,-20.0,2102.4371733998414,toj
002,19,m,vandy,3,129,audiovisual,-100,,1,-1.0770088999997824,-1.0970088999997825,-20.0,2104.486871199915,toj
002,19,m,vandy,3,130,audiovisual,150,,1,-0.9625402002129704,-0.9825402002129704,-20.0,2105.9132711000275,toj
002,19,m,vandy,3,131,audiovisual,-250,,1,-0.8622600000817329,-0.8822600000817329,-20.0,2107.355350599857,toj
002,19,m,vandy,3,132,audiovisual,100,,1,-1.5398447001352906,-1.5598447001352906,-20.0,2108.810042799916,toj
002,19,m,vandy,3,133,audiovisual,100,,1,-1.282508899923414,-1.302508899923414,-20.0,2110.678446699865,toj
002,19,m,vandy,3,134,audiovisual,300,,1,-1.3808095001149923,-1.4008095001149923,-20.0,2112.2966564998496,toj
002,19,m,vandy,3,135,audiovisual,-100,,1,-1.402988800080493,-1.422988800080493,-20.0,2114.286472799955,toj
002,19,m,vandy,3,136,audiovisual,-250,,1,-0.8795772001612931,-0.8995772001612932,-20.0,2116.1172105998266,toj
002,19,m,vandy,3,137,audiovisual,-100,,1,-1.084783999947831,-1.104783999947831,-20.0,2117.5037948000245,toj
002,19,m,vandy,3,138,audiovisual,300,,1,-1.4225451999809593,-1.4425451999809593,-20.0,2118.9722833000124,toj
002,19,m,vandy,3,139,audiovisual,-250,,1,-0.9121195001062006,-0.9321195001062006,-20.0,2121.0983145998325,toj
002,19,m,vandy,3,140,audiovisual,100,,1,-0.8496772998478264,-0.8696772998478264,-20.0,2123.199594900012,toj
002,19,m,vandy,3,141,audiovisual,200,,1,-1.685291700065136,-1.705291700065136,-20.0,2124.464710399974,toj
002,19,m,vandy,3,142,audiovisual,150,,1,-1.6770359999500215,-1.6970359999500215,-20.0,2126.7472381000407,toj
002,19,m,vandy,3,143,audiovisual,-150,,1,-1.060960500035435,-1.080960500035435,-20.0,2128.8150231000036,toj
002,19,m,vandy,3,144,audiovisual,-50,,1,-1.5066395001485944,-1.5266395001485944,-20.0,2130.2314797998406,toj
002,19,m,vandy,3,145,audiovisual,300,,1,-1.7969973001163453,-1.8169973001163453,-20.0,2131.98989550001,toj
002,19,m,vandy,3,146,audiovisual,-300,,1,-1.4618329000659287,-1.4818329000659287,-20.0,2134.378006099956,toj
002,19,m,vandy,3,147,audiovisual,150,,1,-1.354750300059095,-1.374750300059095,-20.0,2136.4714023999404,toj
002,19,m,vandy,3,148,audiovisual,-50,,2,-0.6751145999878645,-0.6951145999878645,-20.0,2138.3156732998323,toj
002,19,m,vandy,3,149,audiovisual,-100,,1,-0.15622450015507638,-0.17622450015507637,-20.0,2139.8732173000462,toj
002,19,m,vandy,3,150,audiovisual,-200,,1,-1.2780223998706788,-1.2980223998706788,-20.0,2141.461281399941,toj
002,19,m,vandy,3,151,audiovisual,-300,,1,-1.2979872999712825,-1.3179872999712825,-20.0,2143.7534109000117,toj
002,19,m,vandy,3,152,audiovisual,300,,1,-1.907736400142312,-1.927736400142312,-20.0,2145.8345188999083,toj
002,19,m,vandy,3,153,audiovisual,-150,,2,-1.2917334998492151,-1.3117334998492152,-20.0,2148.1691888999194,toj
002,19,m,vandy,3,154,audiovisual,300,,1,-0.3379272997844964,-0.35792729978449644,-20.0,2150.1296310999896,toj
002,19,m,vandy,3,155,audiovisual,-150,,1,-0.12184279994107783,-0.14184279994107782,-20.0,2151.61926409998,toj
002,19,m,vandy,3,156,audiovisual,100,,1,-0.472398400073871,-0.49239840007387103,-20.0,2152.943390799919,toj
002,19,m,vandy,3,157,audiovisual,-300,,1,-1.2777321999892592,-1.2977321999892593,-20.0,2154.2264153999276,toj
002,19,m,vandy,3,158,audiovisual,250,,1,-1.4286640000063926,-1.4486640000063926,-20.0,2156.5586055999156,toj
002,19,m,vandy,3,159,audiovisual,150,,1,-0.7734297001734376,-0.7934297001734376,-20.0,2158.5992234000005,toj
002,19,m,vandy,3,160,audiovisual,-200,,1,-0.8222747999243438,-0.8422747999243438,-20.0,2160.056641199859,toj
002,19,m,vandy,3,161,audiovisual,-100,,1,-1.3096803000662476,-1.3296803000662476,-20.0,2161.4808430999983,toj
002,19,m,vandy,3,162,audiovisual,-200,,1,-0.8369865999557078,-0.8569865999557078,-20.0,2163.455599399982,toj
002,19,m,vandy,3,163,audiovisual,0,,1,-1.499448300106451,-1.519448300106451,-20.0,2164.8415154998656,toj
002,19,m,vandy,3,164,audiovisual,50,,1,-1.000606199959293,-1.020606199959293,-20.0,2166.5378558998927,toj
002,19,m,vandy,3,165,audiovisual,-250,,1,-1.5111026000231504,-1.5311026000231505,-20.0,2167.809897299856,toj
002,19,m,vandy,3,166,audiovisual,-300,,1,0.2404411998577416,0.2204411998577416,-20.0,2169.9237929999363,toj
002,19,m,vandy,3,167,audiovisual,-100,,1,0.2399581999052316,0.2199581999052316,-20.0,2171.951221499825,toj
002,19,m,vandy,3,168,audiovisual,250,,1,0.2943671999964863,0.2743671999964863,-20.0,2173.297925399849,toj
002,19,m,vandy,3,169,audiovisual,-300,,1,0.2310518000740558,0.2110518000740558,-20.0,2175.028505000053,toj
002,19,m,vandy,3,170,audiovisual,100,,1,0.26370960008352995,0.24370960008352996,-20.0,2176.939444999909,toj
002,19,m,vandy,3,171,audiovisual,-200,,1,0.2677514001261443,0.2477514001261443,-20.0,2178.714036299847,toj
002,19,m,vandy,3,172,audiovisual,-50,,1,0.3205314001534134,0.3005314001534134,-20.0,2180.820146099897,toj
002,19,m,vandy,3,173,audiovisual,150,,1,0.33399810013361275,0.31399810013361273,-20.0,2182.9951821998693,toj
002,19,m,vandy,3,174,audiovisual,50,,1,0.32032739999704063,0.3003273999970406,-20.0,2185.3157428000122,toj
002,19,m,vandy,3,175,audiovisual,0,,1,0.20148460008203983,0.18148460008203984,-20.0,2187.5168361999094,toj
002,19,m,vandy,3,176,audiovisual,100,,1,0.3064178000204265,0.2864178000204265,-20.0,2189.5717386000324,toj
002,19,m,vandy,3,177,audiovisual,200,,1,0.38705559982918203,0.367055599829182,-20.0,2191.224483900005,toj
002,19,m,vandy,3,178,audiovisual,0,,1,0.22806299990043044,0.20806299990043045,-20.0,2192.878810999915,toj
002,19,m,vandy,3,179,audiovisual,-250,,1,0.1878951999824494,0.16789519998244942,-20.0,2194.8669085998554,toj
002,19,m,vandy,3,180,audiovisual,0,,1,0.201637800084427,0.181637800084427,-20.0,2196.759573899908,toj
002,19,m,vandy,3,181,audiovisual,250,,1,0.45154500007629395,0.4315450000762939,-20.0,2198.9621104998514,toj
002,19,m,vandy,3,182,audiovisual,-150,,1,0.25162309990264475,0.23162309990264476,-20.0,2201.361692499835,toj
002,19,m,vandy,3,183,audiovisual,150,,1,0.2409151999745518,0.2209151999745518,-20.0,2203.161944899941,toj
002,19,m,vandy,3,184,audiovisual,-150,,1,0.2657361999154091,0.2457361999154091,-20.0,2205.3971784999594,toj
002,19,m,vandy,3,185,audiovisual,-100,,1,0.22594749997369945,0.20594749997369946,-20.0,2206.923039800022,toj
002,19,m,vandy,3,186,audiovisual,-50,,1,0.2274666999001056,0.2074666999001056,-20.0,2209.124435500009,toj
002,19,m,vandy,3,187,audiovisual,-100,,1,0.28217230015434325,0.26217230015434323,-20.0,2210.8324940998573,toj
002,19,m,vandy,3,188,audiovisual,200,,1,0.41409020009450614,0.3940902000945061,-20.0,2212.2869861000217,toj
002,19,m,vandy,3,189,audiovisual,200,,1,0.279973299941048,0.259973299941048,-20.0,2213.792616199935,toj
002,19,m,vandy,3,190,audiovisual,100,,1,0.5343221998773515,0.5143221998773515,-20.0,2215.9668195999693,toj
002,19,m,vandy,3,191,audiovisual,-200,,1,0.2162840999662876,0.19628409996628762,-20.0,2217.5946015999652,toj
002,19,m,vandy,3,192,audiovisual,200,,1,0.28226360003463924,0.2622636000346392,-20.0,2219.514743000036,toj
002,19,m,vandy,3,193,audiovisual,-300,,1,0.30733569990843534,0.2873356999084353,-20.0,2221.2648183000274,toj
002,19,m,vandy,3,194,audiovisual,50,,1,0.7874406999908388,0.7674406999908387,-20.0,2222.809354600031,toj
002,19,m,vandy,3,195,audiovisual,200,,1,0.38610649993643165,0.36610649993643163,-20.0,2225.303661099868,toj
002,19,m,vandy,3,196,audiovisual,-50,,1,0.3601728000212461,0.34017280002124606,-20.0,2226.8508069999516,toj
002,19,m,vandy,3,197,audiovisual,0,,1,0.26725129992701113,0.24725129992701114,-20.0,2228.27853469993,toj
002,19,m,vandy,3,198,audiovisual,-200,,1,0.21473199990577996,0.19473199990577997,-20.0,2229.666064799996,toj
002,19,m,vandy,3,199,audiovisual,0,,1,0.34703750000335276,0.32703750000335274,-20.0,2231.7724287998863,toj
002,19,m,vandy,3,200,audiovisual,-50,,1,0.4267646998632699,0.4067646998632699,-20.0,2233.52054139995,toj
002,19,m,vandy,3,201,audiovisual,-150,,1,0.3338907000143081,0.3138907000143081,-20.0,2235.160635399865,toj
002,19,m,vandy,3,202,audiovisual,150,,1,0.3483053999952972,0.3283053999952972,-20.0,2237.134622399928,toj
002,19,m,vandy,3,203,audiovisual,-300,,1,0.22921980009414256,0.20921980009414257,-20.0,2239.2700163000263,toj
002,19,m,vandy,3,204,audiovisual,-150,,1,0.22581619978882372,0.20581619978882373,-20.0,2241.442690699827,toj
002,19,m,vandy,3,205,audiovisual,200,,1,0.30735270003788173,0.2873527000378817,-20.0,2243.549899299862,toj
002,19,m,vandy,3,206,audiovisual,0,,1,0.45365569996647537,0.43365569996647535,-20.0,2245.858904700028,toj
002,19,m,vandy,3,207,audiovisual,-300,,1,0.4012160000856966,0.38121600008569656,-20.0,2247.4055317998864,toj
002,19,m,vandy,3,208,audiovisual,250,,1,0.268617199966684,0.248617199966684,-20.0,2249.153906499967,toj
002,19,m,vandy,3,209,audiovisual,-50,,1,0.2688861999195069,0.24888619991950692,-20.0,2250.94849650003,toj
002,19,m,vandy,3,210,audiovisual,-100,,1,0.23103410005569458,0.2110341000556946,-20.0,2252.5690915999003,toj
002,19,m,vandy,3,211,audiovisual,-200,,1,0.34605640009976923,0.3260564000997692,-20.0,2254.8116172999144,toj
002,19,m,vandy,3,212,audiovisual,100,,1,0.26735209999606013,0.24735209999606014,-20.0,2256.421779999975,toj
002,19,m,vandy,3,213,audiovisual,-200,,1,0.3593359999358654,0.3393359999358654,-20.0,2258.395835699979,toj
002,19,m,vandy,3,214,audiovisual,0,,1,0.3866564999334514,0.3666564999334514,-20.0,2260.7035415999126,toj
002,19,m,vandy,3,215,audiovisual,-300,,1,0.20223359996452928,0.18223359996452929,-20.0,2262.424069199944,toj
002,19,m,vandy,3,216,audiovisual,0,,1,0.2404783999081701,0.22047839990817011,-20.0,2264.384573200019,toj
002,19,m,vandy,3,217,audiovisual,150,,1,0.22706350008957088,0.2070635000895709,-20.0,2266.345757999923,toj
002,19,m,vandy,3,218,audiovisual,150,,1,0.3077874998562038,0.2877874998562038,-20.0,2268.587349599926,toj
002,19,m,vandy,3,219,audiovisual,-50,,1,0.22862290008924901,0.20862290008924902,-20.0,2270.640327999834,toj
002,19,m,vandy,3,220,audiovisual,-250,,1,0.2685134999919683,0.24851349999196828,-20.0,2272.482270800043,toj
002,19,m,vandy,3,221,audiovisual,300,,1,0.5068006000947207,0.4868006000947207,-20.0,2274.2298903998453,toj
002,19,m,vandy,3,222,audiovisual,250,,2,1.6817827001214027,1.6617827001214027,-20.0,2276.2826735000126,toj
002,19,m,vandy,3,223,audiovisual,-150,,1,0.7867558000143617,0.7667558000143617,-20.0,2279.4318808000535,toj
002,19,m,vandy,3,224,audiovisual,-200,,1,0.6001413001213223,0.5801413001213223,-20.0,2281.497594999848,toj
002,19,m,vandy,3,225,audiovisual,250,,1,0.9336504000239074,0.9136504000239074,-20.0,2283.671706299996,toj
002,19,m,vandy,3,226,audiovisual,-300,,1,0.6233398001641035,0.6033398001641035,-20.0,2285.939389699837,toj
002,19,m,vandy,3,227,audiovisual,100,,1,0.6533397999592125,0.6333397999592125,-20.0,2287.7935156999156,toj
002,19,m,vandy,3,228,audiovisual,0,,1,0.25424550008028746,0.23424550008028747,-20.0,2289.5937361000106,toj
002,19,m,vandy,3,229,audiovisual,100,,1,0.2936888001859188,0.2736888001859188,-20.0,2291.4621410998516,toj
002,19,m,vandy,3,230,audiovisual,0,,1,0.2690377999097109,0.2490377999097109,-20.0,2293.5952357000206,toj
002,19,m,vandy,3,231,audiovisual,-250,,1,0.26691619982011616,0.24691619982011617,-20.0,2295.451812699903,toj
002,19,m,vandy,3,232,audiovisual,50,,1,0.25418879999779165,0.23418879999779166,-20.0,2297.26320019993,toj
002,19,m,vandy,3,233,audiovisual,250,,1,0.7073270999826491,0.6873270999826491,-20.0,2299.130974399857,toj
002,19,m,vandy,3,234,audiovisual,-200,,1,0.26663399999961257,0.24663399999961258,-20.0,2300.9449748999905,toj
002,19,m,vandy,3,235,audiovisual,200,,1,0.36929129995405674,0.3492912999540567,-20.0,2302.611485200003,toj
002,19,m,vandy,3,236,audiovisual,0,,1,0.2531924999784678,0.23319249997846783,-20.0,2304.119327499997,toj
002,19,m,vandy,3,237,audiovisual,-100,,1,0.22917980002239347,0.20917980002239348,-20.0,2305.5332229998894,toj
002,19,m,vandy,3,238,audiovisual,-100,,1,0.5359273999929428,0.5159273999929428,-20.0,2307.3494328998495,toj
002,19,m,vandy,3,239,audiovisual,-200,,1,0.41198470001108944,0.3919847000110894,-20.0,2309.3498316998594,toj
002,19,m,vandy,3,240,audiovisual,300,,1,0.8402553999330848,0.8202553999330848,-20.0,2311.1215535998344,toj
002,19,m,vandy,3,241,audiovisual,100,,1,0.37358260015025735,0.35358260015025733,-20.0,2313.0026069998275,toj
002,19,m,vandy,3,242,audiovisual,-200,,1,0.2544785998761654,0.2344785998761654,-20.0,2314.563318599947,toj
002,19,m,vandy,3,243,audiovisual,250,,1,0.7468163000885397,0.7268163000885397,-20.0,2316.2710047999863,toj
002,19,m,vandy,3,244,audiovisual,300,,1,1.4005098999477923,1.3805098999477923,-20.0,2319.004573599901,toj
002,19,m,vandy,3,245,audiovisual,50,,1,1.2404483000282198,1.2204483000282198,-20.0,2322.0993581998628,toj
002,19,m,vandy,3,246,audiovisual,150,,1,0.7484255998861045,0.7284255998861044,-20.0,2325.2600851999596,toj
002,19,m,vandy,3,247,audiovisual,250,,2,0.5999332000501454,0.5799332000501454,-20.0,2327.1152108998504,toj
002,19,m,vandy,3,248,audiovisual,200,,1,0.8280062999110669,0.8080062999110669,-20.0,2329.650046200026,toj
002,19,m,vandy,3,249,audiovisual,-250,,1,0.6668198998086154,0.6468198998086154,-20.0,2331.9697628000285,toj
002,19,m,vandy,3,250,audiovisual,0,,1,0.9867291999980807,0.9667291999980807,-20.0,2334.1304025000427,toj
002,19,m,vandy,3,251,audiovisual,200,,2,0.5602365999948233,0.5402365999948233,-20.0,2336.8646490999963,toj
002,19,m,vandy,3,252,audiovisual,50,,1,0.5870022000744939,0.5670022000744939,-20.0,2338.986024599988,toj
002,19,m,vandy,3,253,audiovisual,150,,1,0.8002576001454145,0.7802576001454145,-20.0,2341.386607399909,toj
002,19,m,vandy,3,254,audiovisual,-250,,1,1.4113135000225157,1.3913135000225156,-20.0,2343.4404706999194,toj
002,19,m,vandy,3,255,audiovisual,-250,,1,1.0939513999037445,1.0739513999037444,-20.0,2346.0812041000463,toj
002,19,m,vandy,3,256,audiovisual,150,,1,0.8409076000098139,0.8209076000098139,-20.0,2349.1358858998865,toj
002,19,m,vandy,3,257,audiovisual,-300,,1,0.9073433000594378,0.8873433000594377,-20.0,2351.097212899942,toj
002,19,m,vandy,3,258,audiovisual,100,,1,0.5866016999352723,0.5666016999352723,-20.0,2353.0311010000296,toj
002,19,m,vandy,3,259,audiovisual,200,,1,0.506600399967283,0.486600399967283,-20.0,2354.6575843999162,toj
002,19,m,vandy,3,260,audiovisual,0,,1,0.5472312001511455,0.5272312001511454,-20.0,2356.2182632000186,toj
002,19,m,vandy,3,261,audiovisual,50,,1,0.47974650003015995,0.45974650003015993,-20.0,2358.5526666999795,toj
002,19,m,vandy,3,262,audiovisual,-250,,1,0.4823529999703169,0.46235299997031687,-20.0,2360.4735893998295,toj
002,19,m,vandy,3,263,audiovisual,0,,1,0.20196680002845824,0.18196680002845825,-20.0,2362.0492285999935,toj
002,19,m,vandy,3,264,audiovisual,250,,1,0.7458367999643087,0.7258367999643087,-20.0,2363.996036999859,toj
002,19,m,vandy,3,265,audiovisual,-150,,1,0.24018500000238419,0.2201850000023842,-20.0,2366.2756325998344,toj
002,19,m,vandy,3,266,audiovisual,50,,1,0.2533893999643624,0.2333893999643624,-20.0,2368.4365287998226,toj
002,19,m,vandy,3,267,audiovisual,-200,,1,0.18870519986376166,0.16870519986376167,-20.0,2370.3304385000374,toj
002,19,m,vandy,3,268,audiovisual,-150,,1,0.20158610004000366,0.18158610004000367,-20.0,2372.265707900049,toj
002,19,m,vandy,3,269,audiovisual,250,,1,0.2418559999205172,0.22185599992051722,-20.0,2374.465791199822,toj
002,19,m,vandy,3,270,audiovisual,50,,1,0.44107590010389686,0.42107590010389684,-20.0,2376.347362600034,toj
002,19,m,vandy,3,271,audiovisual,300,,1,0.8009234999772161,0.7809234999772161,-20.0,2377.840314500034,toj
002,19,m,vandy,3,272,audiovisual,-300,,1,0.8396767999511212,0.8196767999511212,-20.0,2379.8007346000522,toj
002,19,m,vandy,3,273,audiovisual,-150,,1,0.48041930003091693,0.4604193000309169,-20.0,2382.160909499973,toj
002,19,m,vandy,3,274,audiovisual,250,,1,0.40037119993939996,0.38037119993939994,-20.0,2383.8418203999754,toj
002,19,m,vandy,3,275,audiovisual,300,,1,0.6138243998866528,0.5938243998866528,-20.0,2386.162460600026,toj
002,19,m,vandy,3,276,audiovisual,-50,,1,0.24061729991808534,0.22061729991808535,-20.0,2388.137162099825,toj
002,19,m,vandy,3,277,audiovisual,250,,1,0.2809471001382917,0.2609471001382917,-20.0,2390.3374341998715,toj
002,19,m,vandy,3,278,audiovisual,100,,1,0.29329419997520745,0.27329419997520743,-20.0,2392.619508399861,toj
002,19,m,vandy,3,279,audiovisual,-50,,1,0.27711790008470416,0.25711790008470414,-20.0,2394.2190743000247,toj
002,19,m,vandy,3,280,audiovisual,-200,,1,0.23979120003059506,0.21979120003059507,-20.0,2396.2869138999376,toj
002,19,m,vandy,3,281,audiovisual,-250,,1,0.36022419994696975,0.34022419994696973,-20.0,2398.4198717998806,toj
002,19,m,vandy,3,282,audiovisual,-150,,1,0.2287312000989914,0.2087312000989914,-20.0,2400.1412416000385,toj
002,19,m,vandy,3,283,audiovisual,300,,1,0.826816399814561,0.806816399814561,-20.0,2401.994888999965,toj
002,19,m,vandy,3,284,audiovisual,-250,,1,0.7731457001063973,0.7531457001063973,-20.0,2404.1426152000204,toj
002,19,m,vandy,3,285,audiovisual,-150,,1,0.3867875998839736,0.3667875998839736,-20.0,2406.8505432000384,toj
002,19,m,vandy,3,286,audiovisual,150,,1,0.28071859991177917,0.26071859991177915,-20.0,2408.9176892999094,toj
002,19,m,vandy,3,287,audiovisual,200,,1,0.4266127001028508,0.4066127001028508,-20.0,2410.652420299826,toj
002,19,m,vandy,3,288,audiovisual,0,,1,0.23136249999515712,0.21136249999515713,-20.0,2412.5322267999873,toj
002,19,m,vandy,3,289,audiovisual,150,,1,0.29180720006115735,0.27180720006115733,-20.0,2414.270983999828,toj
002,19,m,vandy,3,290,audiovisual,-250,,1,0.770516199991107,0.750516199991107,-20.0,2415.8008026999887,toj
002,19,m,vandy,3,291,audiovisual,-100,,1,0.4267651999834925,0.4067651999834925,-20.0,2418.080597399967,toj
002,19,m,vandy,3,292,audiovisual,0,,1,0.2804336999543011,0.2604336999543011,-20.0,2419.921822299948,toj
002,19,m,vandy,3,293,audiovisual,-250,,1,0.5606897999532521,0.5406897999532521,-20.0,2422.01601809985,toj
002,19,m,vandy,3,294,audiovisual,300,,1,0.813625100068748,0.793625100068748,-20.0,2424.4034669999965,toj
002,19,m,vandy,3,295,audiovisual,0,,1,0.32092630001716316,0.30092630001716314,-20.0,2426.80463030003,toj
002,19,m,vandy,3,296,audiovisual,300,,1,0.7738311998546124,0.7538311998546123,-20.0,2428.9918579000514,toj
002,19,m,vandy,3,297,audiovisual,300,,1,0.37621910008601844,0.3562191000860184,-20.0,2431.5527987999376,toj
002,19,m,vandy,3,298,audiovisual,200,,1,0.6150675001554191,0.5950675001554191,-20.0,2433.989014300052,toj
002,19,m,vandy,3,299,audiovisual,-300,,1,0.7336444000247866,0.7136444000247866,-20.0,2435.8095708999317,toj
002,19,m,vandy,3,300,audiovisual,200,,1,0.6531615001149476,0.6331615001149475,-20.0,2437.755627400009,toj
002,19,m,vandy,3,301,audiovisual,50,,1,0.333490600110963,0.31349060011096297,-20.0,2439.835551499855,toj
002,19,m,vandy,3,302,audiovisual,300,,1,0.7600839999504387,0.7400839999504387,-20.0,2441.70302539994,toj
002,19,m,vandy,3,303,audiovisual,-200,,1,0.22890980006195605,0.20890980006195606,-20.0,2443.5431202999316,toj
002,19,m,vandy,3,304,audiovisual,-150,,1,0.25532329990528524,0.23532329990528525,-20.0,2445.704288699897,toj
002,19,m,vandy,3,305,audiovisual,-250,,1,0.5606586998328567,0.5406586998328566,-20.0,2447.854170399951,toj
002,19,m,vandy,3,306,audiovisual,-300,,1,0.3604492999147624,0.34044929991476236,-20.0,2449.5726260000374,toj
002,19,m,vandy,3,307,audiovisual,-200,,1,0.48028090014122427,0.46028090014122425,-20.0,2451.7595911999233,toj
002,19,m,vandy,3,308,audiovisual,50,,1,0.3341868999414146,0.3141868999414146,-20.0,2453.5206873998977,toj
002,19,m,vandy,3,309,audiovisual,-100,,1,0.21410219999961555,0.19410219999961556,-20.0,2454.9215144999325,toj
002,19,m,vandy,3,310,audiovisual,300,,1,0.26674190000630915,0.24674190000630916,-20.0,2456.6435648999177,toj
002,19,m,vandy,3,311,audiovisual,150,,1,0.33365090005099773,0.3136509000509977,-20.0,2458.578846700024,toj
002,19,m,vandy,3,312,audiovisual,300,,1,0.34695699997246265,0.32695699997246264,-20.0,2460.1633752000052,toj
002,19,m,vandy,3,313,audiovisual,250,,1,0.34814350004307926,0.32814350004307924,-20.0,2461.6588745999616,toj
002,19,m,vandy,3,314,audiovisual,-50,,1,0.22671899991109967,0.20671899991109968,-20.0,2463.1993052999023,toj
002,19,m,vandy,3,315,audiovisual,150,,1,0.347125300206244,0.327125300206244,-20.0,2464.9116847999394,toj
002,19,m,vandy,3,316,audiovisual,-100,,1,0.320415599970147,0.300415599970147,-20.0,2466.7122277999297,toj
002,19,m,vandy,3,317,audiovisual,50,,1,0.2636275999248028,0.2436275999248028,-20.0,2468.953271899838,toj
002,19,m,vandy,3,318,audiovisual,-300,,1,0.28009080002084374,0.2600908000208437,-20.0,2470.514026199933,toj
002,19,m,vandy,3,319,audiovisual,0,,1,0.36044370010495186,0.34044370010495184,-20.0,2472.129393900046,toj
002,19,m,vandy,3,320,audiovisual,200,,1,0.2145732999779284,0.1945732999779284,-20.0,2473.7952667998616,toj
002,19,m,vandy,3,321,audiovisual,200,,1,0.27908370015211403,0.259083700152114,-20.0,2475.3387020998634,toj
002,19,m,vandy,3,322,audiovisual,-50,,1,0.4801095000002533,0.4601095000002533,-20.0,2476.81920599984,toj
002,19,m,vandy,3,323,audiovisual,300,,2,0.5333374000620097,0.5133374000620097,-20.0,2479.196931499988,toj
002,19,m,vandy,3,324,audiovisual,150,,1,0.5730237001553178,0.5530237001553178,-20.0,2481.3441341998987,toj
002,19,m,vandy,3,325,audiovisual,-300,,1,1.1483934000134468,1.1283934000134468,-20.0,2483.504741200013,toj
002,19,m,vandy,3,326,audiovisual,100,,1,0.5889950001146644,0.5689950001146644,-20.0,2485.680698500015,toj
002,19,m,vandy,3,327,audiovisual,50,,1,0.49623409984633327,0.47623409984633325,-20.0,2487.3882408998907,toj
002,19,m,vandy,3,328,audiovisual,-200,,1,0.7470631001051515,0.7270631001051515,-20.0,2489.3097069999203,toj
002,19,m,vandy,3,329,audiovisual,-200,,1,0.6803274000994861,0.6603274000994861,-20.0,2491.2011144999415,toj
002,19,m,vandy,3,330,audiovisual,200,,1,0.7462583999149501,0.7262583999149501,-20.0,2493.8155487000477,toj
002,19,m,vandy,3,331,audiovisual,-50,,1,0.5995849000755697,0.5795849000755697,-20.0,2495.815927400021,toj
002,19,m,vandy,3,332,audiovisual,100,,1,0.5472818999551237,0.5272818999551236,-20.0,2497.776840899838,toj
002,19,m,vandy,3,333,audiovisual,-150,,1,0.4400524999946356,0.42005249999463556,-20.0,2500.191072799964,toj
002,19,m,vandy,3,334,audiovisual,250,,1,0.856693800073117,0.836693800073117,-20.0,2502.2854859998915,toj
002,19,m,vandy,3,335,audiovisual,-150,,1,0.5341487999539822,0.5141487999539822,-20.0,2504.8090798999183,toj
002,19,m,vandy,3,336,audiovisual,-150,,1,0.4687703000381589,0.4487703000381589,-20.0,2507.234228099929,toj
002,19,m,vandy,3,337,audiovisual,100,,1,0.34798980015330017,0.32798980015330015,-20.0,2508.9303011999,toj
002,19,m,vandy,3,338,audiovisual,-300,,1,0.3739648999180645,0.35396489991806446,-20.0,2510.9696559000295,toj
002,19,m,vandy,3,339,audiovisual,-300,,1,0.8413368999026716,0.8213368999026716,-20.0,2513.302008099854,toj
002,19,m,vandy,3,340,audiovisual,0,,1,0.46686209994368255,0.44686209994368253,-20.0,2516.1175285999198,toj
002,19,m,vandy,3,341,audiovisual,0,,1,0.3066912000067532,0.2866912000067532,-20.0,2518.5047460000496,toj
002,19,m,vandy,3,342,audiovisual,300,,1,0.3066344999242574,0.2866344999242574,-20.0,2519.9853270000312,toj
002,19,m,vandy,3,343,audiovisual,-250,,1,0.23857289995066822,0.21857289995066823,-20.0,2521.808414099971,toj
002,19,m,vandy,3,344,audiovisual,100,,1,0.291169699979946,0.271169699979946,-20.0,2523.6927825999446,toj
002,19,m,vandy,3,345,audiovisual,-200,,1,0.2160076000727713,0.19600760007277132,-20.0,2525.441186199896,toj
002,19,m,vandy,3,346,audiovisual,150,,1,0.31973060010932386,0.29973060010932384,-20.0,2527.2301568998955,toj
002,19,m,vandy,3,347,audiovisual,-250,,1,0.23001280007883906,0.21001280007883907,-20.0,2528.921374700032,toj
002,19,m,vandy,3,348,audiovisual,300,,1,0.2547781001776457,0.2347781001776457,-20.0,2530.5494156000204,toj
002,19,m,vandy,3,349,audiovisual,150,,1,0.2011438999325037,0.1811438999325037,-20.0,2532.6761594999116,toj
002,19,m,vandy,3,350,audiovisual,200,,1,0.37376350001432,0.35376350001432,-20.0,2534.8688467999455,toj
002,19,m,vandy,3,351,audiovisual,-300,,1,0.3742667001206428,0.35426670012064276,-20.0,2536.6716274998616,toj
002,19,m,vandy,3,352,audiovisual,0,,1,0.319958999985829,0.299958999985829,-20.0,2538.818606799934,toj
002,19,m,vandy,3,353,audiovisual,-150,,1,0.22837250004522502,0.20837250004522503,-20.0,2540.498952599941,toj
002,19,m,vandy,3,354,audiovisual,150,,1,0.37426059995777905,0.35426059995777903,-20.0,2542.6611374998465,toj
002,19,m,vandy,3,355,audiovisual,-250,,1,0.3084210997913033,0.28842109979130326,-20.0,2544.2340185998473,toj
002,19,m,vandy,3,356,audiovisual,300,,1,0.25462200003676116,0.23462200003676117,-20.0,2545.9270583998878,toj
002,19,m,vandy,3,357,audiovisual,0,,1,0.30906230001710355,0.28906230001710354,-20.0,2548.2288432000205,toj
002,19,m,vandy,3,358,audiovisual,100,,1,0.29385560005903244,0.2738556000590324,-20.0,2549.6774915999267,toj
002,19,m,vandy,3,359,audiovisual,200,,1,0.29456830001436174,0.2745683000143617,-20.0,2551.691001399886,toj
002,19,m,vandy,3,360,audiovisual,50,,1,0.3999409999232739,0.3799409999232739,-20.0,2553.4782576998696,toj
002,19,m,vandy,3,361,audiovisual,-50,,1,0.21352200000546873,0.19352200000546874,-20.0,2554.9045597999357,toj
002,19,m,vandy,3,362,audiovisual,300,,1,0.5640380999539047,0.5440380999539047,-20.0,2557.119185199961,toj
002,19,m,vandy,3,363,audiovisual,50,,1,0.398063600063324,0.37806360006332396,-20.0,2559.149777899962,toj
002,19,m,vandy,3,364,audiovisual,150,,1,0.34485729993321,0.32485729993321,-20.0,2560.6277840998955,toj
002,19,m,vandy,3,365,audiovisual,50,,1,0.22717269998975098,0.207172699989751,-20.0,2562.9868119000457,toj
002,19,m,vandy,3,366,audiovisual,150,,1,0.23065939988009632,0.21065939988009633,-20.0,2564.8815905998927,toj
002,19,m,vandy,3,367,audiovisual,-50,,1,0.29411070002242923,0.2741107000224292,-20.0,2566.697930699913,toj
002,19,m,vandy,3,368,audiovisual,-150,,1,0.6144409000407904,0.5944409000407904,-20.0,2568.015377599979,toj
002,19,m,vandy,3,369,audiovisual,250,,2,0.8010568998288363,0.7810568998288363,-20.0,2569.7498412998393,toj
002,19,m,vandy,3,370,audiovisual,-150,,1,0.6406201000791043,0.6206201000791043,-20.0,2572.5512907998636,toj
002,19,m,vandy,3,371,audiovisual,300,,1,1.0396725998725742,1.0196725998725742,-20.0,2574.485485999845,toj
002,19,m,vandy,3,372,audiovisual,-100,,1,0.7068737000226974,0.6868737000226974,-20.0,2577.339172599837,toj
002,19,m,vandy,3,373,audiovisual,50,,1,0.7445957998279482,0.7245957998279482,-20.0,2579.9139958999585,toj
002,19,m,vandy,3,374,audiovisual,-250,,1,0.855263700010255,0.835263700010255,-20.0,2581.9545811999124,toj
002,19,m,vandy,3,375,audiovisual,-100,,1,0.49299539998173714,0.4729953999817371,-20.0,2584.56942399987,toj
002,19,m,vandy,3,376,audiovisual,250,,1,0.5469893999397755,0.5269893999397754,-20.0,2586.34248579992,toj
002,19,m,vandy,3,377,audiovisual,-100,,1,0.32036280003376305,0.30036280003376303,-20.0,2588.4104891000316,toj
002,19,m,vandy,3,378,audiovisual,100,,1,0.42649550014175475,0.40649550014175473,-20.0,2590.250853799982,toj
002,19,m,vandy,3,379,audiovisual,100,,1,0.8799081998877227,0.8599081998877227,-20.0,2591.9712801999412,toj
002,19,m,vandy,3,380,audiovisual,0,,1,0.6637252999935299,0.6437252999935299,-20.0,2594.1590813999064,toj
002,19,m,vandy,3,381,audiovisual,-200,,1,0.30962550011463463,0.2896255001146346,-20.0,2596.6131068000104,toj
002,19,m,vandy,3,382,audiovisual,-250,,1,0.5202739001251757,0.5002739001251757,-20.0,2598.8294854999986,toj
002,19,m,vandy,3,383,audiovisual,-50,,1,0.33283259999006987,0.31283259999006985,-20.0,2601.2416468998417,toj
002,19,m,vandy,3,384,audiovisual,-200,,1,0.2933789000380784,0.2733789000380784,-20.0,2602.9884513998404,toj
002,19,m,vandy,3,385,audiovisual,-50,,1,0.24113239999860525,0.22113239999860526,-20.0,2604.4952473000158,toj
002,19,m,vandy,3,386,audiovisual,-200,,1,0.2131806001998484,0.19318060019984842,-20.0,2606.6581917000003,toj
002,19,m,vandy,3,387,audiovisual,-300,,1,0.18780760001391172,0.16780760001391173,-20.0,2608.430509699974,toj
002,19,m,vandy,3,388,audiovisual,250,,1,0.29304989986121655,0.2730498998612165,-20.0,2610.7647885999177,toj
002,19,m,vandy,3,389,audiovisual,300,,1,1.7339147999882698,1.7139147999882698,-20.0,2612.645891999826,toj
002,19,m,vandy,3,390,audiovisual,50,,1,0.6272583999671042,0.6072583999671042,-20.0,2615.473654499976,toj
