Participant_ID,Age,Gender,Site,Block_Number,Trial_Number,Trial_Type,SOA,Side,Response,Reaction_Time,Adjusted_RT,AV_Sync_Correction,Timestamp,Experiment
003,19,f,vandy,1,1,audiovisual,200,,1,44.85694599999988,44.83694599999988,-20.0,44.44338899999275,sj
003,19,f,vandy,1,2,audiovisual,150,,1,1.0808132999954978,1.0608132999954978,-20.0,90.48402439999336,sj
003,19,f,vandy,1,3,audiovisual,-150,,1,1.054941800000961,1.034941800000961,-20.0,93.36539959999209,sj
003,19,f,vandy,1,4,audiovisual,-150,,1,0.8302916000102414,0.8102916000102414,-20.0,96.19265709999308,sj
003,19,f,vandy,1,5,audiovisual,300,,2,0.9477750999940326,0.9277750999940326,-20.0,98.42302119999658,sj
003,19,f,vandy,1,6,audiovisual,-100,,1,1.013779999993858,0.9937799999938579,-20.0,101.20720159998746,sj
003,19,f,vandy,1,7,audiovisual,0,,1,0.7074151999986498,0.6874151999986498,-20.0,103.90269489999628,sj
003,19,f,vandy,1,8,audiovisual,-300,,2,0.8268696000013733,0.8068696000013733,-20.0,105.70304029999534,sj
003,19,f,vandy,1,9,audiovisual,-300,,2,0.9333808000083081,0.9133808000083081,-20.0,107.78338519998943,sj
003,19,f,vandy,1,10,audiovisual,50,,1,0.9337539999978617,0.9137539999978617,-20.0,110.35774769999261,sj
003,19,f,vandy,1,11,audiovisual,-50,,1,0.7870731000002706,0.7670731000002706,-20.0,112.79874859999109,sj
003,19,f,vandy,1,12,audiovisual,-300,,2,0.8303818999993382,0.8103818999993382,-20.0,114.77276729998994,sj
003,19,f,vandy,1,13,audiovisual,-50,,1,0.771401899997727,0.751401899997727,-20.0,117.16328769999382,sj
003,19,f,vandy,1,14,audiovisual,-300,,2,0.8148355000012089,0.7948355000012088,-20.0,119.69443469999533,sj
003,19,f,vandy,1,15,audiovisual,50,,1,0.6543582000012975,0.6343582000012975,-20.0,121.84323119999317,sj
003,19,f,vandy,1,16,audiovisual,-50,,1,0.839649699992151,0.819649699992151,-20.0,123.88352199998917,sj
003,19,f,vandy,1,17,audiovisual,0,,1,0.5204488999879686,0.5004488999879686,-20.0,126.31027179998637,sj
003,19,f,vandy,1,18,audiovisual,-300,,2,0.8538851000048453,0.8338851000048453,-20.0,127.91077799999039,sj
003,19,f,vandy,1,19,audiovisual,300,,2,0.8536134000023594,0.8336134000023594,-20.0,130.12503199999628,sj
003,19,f,vandy,1,20,audiovisual,300,,1,1.0269726999977138,1.0069726999977138,-20.0,132.36549319999176,sj
003,19,f,vandy,1,21,audiovisual,250,,1,0.9611214000033215,0.9411214000033215,-20.0,134.69999759999337,sj
003,19,f,vandy,1,22,audiovisual,250,,1,0.6669404999993276,0.6469404999993276,-20.0,137.35508759999357,sj
003,19,f,vandy,1,23,audiovisual,200,,1,0.5344049999985145,0.5144049999985145,-20.0,139.22089979999873,sj
003,19,f,vandy,1,24,audiovisual,-150,,2,0.693389300009585,0.673389300009585,-20.0,140.98243369998818,sj
003,19,f,vandy,1,25,audiovisual,-50,,1,0.5871970000007423,0.5671970000007422,-20.0,143.156461999999,sj
003,19,f,vandy,1,26,audiovisual,-150,,1,0.6150626000016928,0.5950626000016928,-20.0,145.06352889999107,sj
003,19,f,vandy,1,27,audiovisual,-150,,1,0.706788499999675,0.686788499999675,-20.0,147.17218789999606,sj
003,19,f,vandy,1,28,audiovisual,50,,1,0.4403542999934871,0.42035429999348706,-20.0,149.43896519999544,sj
003,19,f,vandy,1,29,audiovisual,50,,1,0.41737139999167994,0.3973713999916799,-20.0,151.2658068999881,sj
003,19,f,vandy,1,30,audiovisual,-50,,1,0.45631980001053307,0.43631980001053305,-20.0,153.04372319999675,sj
003,19,f,vandy,1,31,audiovisual,250,,2,0.8673332000034861,0.8473332000034861,-20.0,154.6936316999927,sj
003,19,f,vandy,1,32,audiovisual,-200,,1,1.3345881999994162,1.3145881999994162,-20.0,157.18827089999104,sj
003,19,f,vandy,1,33,audiovisual,150,,1,0.6803902999963611,0.6603902999963611,-20.0,159.64332730000024,sj
003,19,f,vandy,1,34,audiovisual,-50,,1,0.6429218999983277,0.6229218999983277,-20.0,161.36301379998622,sj
003,19,f,vandy,1,35,audiovisual,300,,1,0.8136841000086861,0.793684100008686,-20.0,163.51076619999367,sj
003,19,f,vandy,1,36,audiovisual,0,,1,0.6403449999925215,0.6203449999925215,-20.0,165.4843358999933,sj
003,19,f,vandy,1,37,audiovisual,250,,1,1.0674018999998225,1.0474018999998225,-20.0,167.84495239998796,sj
003,19,f,vandy,1,38,audiovisual,50,,1,0.6507668999984162,0.6307668999984162,-20.0,170.69983019999927,sj
003,19,f,vandy,1,39,audiovisual,300,,2,0.8553442999982508,0.8353442999982508,-20.0,173.03370539999742,sj
003,19,f,vandy,1,40,audiovisual,300,,1,0.747356599997147,0.727356599997147,-20.0,175.263071999987,sj
003,19,f,vandy,1,41,audiovisual,-150,,1,1.0023993000068003,0.9823993000068003,-20.0,177.79588229999354,sj
003,19,f,vandy,1,42,audiovisual,-300,,2,1.2674127999925986,1.2474127999925986,-20.0,180.4632727999997,sj
003,19,f,vandy,1,43,audiovisual,-200,,1,1.2807165999984136,1.2607165999984136,-20.0,182.78394039999694,sj
003,19,f,vandy,1,44,audiovisual,50,,1,1.3612705999985337,1.3412705999985337,-20.0,185.71869579999475,sj
003,19,f,vandy,1,45,audiovisual,-250,,1,1.3446516999974847,1.3246516999974847,-20.0,188.34701699999277,sj
003,19,f,vandy,1,46,audiovisual,0,,1,0.8690720000013243,0.8490720000013243,-20.0,191.02744469999743,sj
003,19,f,vandy,1,47,audiovisual,150,,1,0.6807503000018187,0.6607503000018187,-20.0,193.64330009999685,sj
003,19,f,vandy,1,48,audiovisual,0,,1,1.094293000001926,1.074293000001926,-20.0,195.34895269999106,sj
003,19,f,vandy,1,49,audiovisual,-100,,1,0.7736584999947809,0.7536584999947809,-20.0,197.98994649999077,sj
003,19,f,vandy,1,50,audiovisual,-200,,1,2.7079718000022694,2.6879718000022694,-20.0,199.7903241999884,sj
003,19,f,vandy,1,51,audiovisual,200,,2,1.1999813000002177,1.1799813000002177,-20.0,203.9516767999885,sj
003,19,f,vandy,1,52,audiovisual,300,,1,0.9445908000052441,0.9245908000052441,-20.0,206.742917399999,sj
003,19,f,vandy,1,53,audiovisual,-250,,2,0.7878195000084816,0.7678195000084815,-20.0,209.16751719999593,sj
003,19,f,vandy,1,54,audiovisual,100,,1,0.7600234999990789,0.7400234999990789,-20.0,211.03516679999302,sj
003,19,f,vandy,1,55,audiovisual,0,,1,0.8135781000019051,0.7935781000019051,-20.0,213.02297949999047,sj
003,19,f,vandy,1,56,audiovisual,300,,2,0.907223400005023,0.887223400005023,-20.0,215.36901029999717,sj
003,19,f,vandy,1,57,audiovisual,300,,1,0.8810355000023264,0.8610355000023264,-20.0,217.75690429999668,sj
003,19,f,vandy,1,58,audiovisual,-150,,1,1.1559638000035193,1.1359638000035193,-20.0,220.43822749999526,sj
003,19,f,vandy,1,59,audiovisual,-300,,2,1.0002359000063734,0.9802359000063734,-20.0,223.39905769999314,sj
003,19,f,vandy,1,60,audiovisual,-100,,1,0.8676336000062292,0.8476336000062292,-20.0,225.48289409998688,sj
003,19,f,vandy,1,61,audiovisual,-250,,2,4.655754399995203,4.635754399995204,-20.0,228.06757449998986,sj
003,19,f,vandy,1,62,audiovisual,-150,,1,0.9072707000013907,0.8872707000013906,-20.0,233.9233680999896,sj
003,19,f,vandy,1,63,audiovisual,-200,,1,0.786819300003117,0.7668193000031169,-20.0,236.32397579999815,sj
003,19,f,vandy,1,64,audiovisual,-200,,1,0.6417986000014935,0.6217986000014935,-20.0,238.35084059998917,sj
003,19,f,vandy,1,65,audiovisual,-250,,1,0.7432588000083342,0.7232588000083342,-20.0,240.03184349999356,sj
003,19,f,vandy,1,66,audiovisual,-100,,1,0.5998640999896452,0.5798640999896452,-20.0,242.08606409998902,sj
003,19,f,vandy,1,67,audiovisual,-300,,2,0.867827899986878,0.847827899986878,-20.0,244.35304029998952,sj
003,19,f,vandy,1,68,audiovisual,250,,1,1.0951935000048252,1.0751935000048252,-20.0,246.7412820999889,sj
003,19,f,vandy,1,69,audiovisual,200,,1,0.5874794999981532,0.5674794999981532,-20.0,249.40947729999607,sj
003,19,f,vandy,1,70,audiovisual,150,,1,0.6679838999989443,0.6479838999989442,-20.0,251.31615279999096,sj
003,19,f,vandy,1,71,audiovisual,-250,,1,0.720822400006,0.7008224000059999,-20.0,253.10270999999193,sj
003,19,f,vandy,1,72,audiovisual,100,,1,0.7602044999948703,0.7402044999948703,-20.0,255.2909198999987,sj
003,19,f,vandy,1,73,audiovisual,250,,1,0.7204290999943623,0.7004290999943623,-20.0,257.157667499996,sj
003,19,f,vandy,1,74,audiovisual,-50,,1,0.6805218000081368,0.6605218000081368,-20.0,258.9587818999862,sj
003,19,f,vandy,1,75,audiovisual,-200,,1,0.7608403999911388,0.7408403999911388,-20.0,261.0661790999875,sj
003,19,f,vandy,1,76,audiovisual,100,,1,0.6005221000086749,0.5805221000086749,-20.0,263.5070998999872,sj
003,19,f,vandy,1,77,audiovisual,50,,1,0.5466785000025993,0.5266785000025993,-20.0,265.4278198999964,sj
003,19,f,vandy,1,78,audiovisual,-200,,1,0.7338017000001855,0.7138017000001855,-20.0,267.2696447999915,sj
003,19,f,vandy,1,79,audiovisual,-100,,1,0.6810970999940764,0.6610970999940764,-20.0,269.34917299999506,sj
003,19,f,vandy,1,80,audiovisual,-250,,1,1.213720400002785,1.193720400002785,-20.0,271.40358939999714,sj
003,19,f,vandy,1,81,audiovisual,250,,2,1.9085564999986673,1.8885564999986673,-20.0,273.7105278999952,sj
003,19,f,vandy,1,82,audiovisual,0,,1,1.2408022000017809,1.2208022000017809,-20.0,276.75151319999713,sj
003,19,f,vandy,1,83,audiovisual,150,,1,0.7600569000060204,0.7400569000060204,-20.0,279.3663378999918,sj
003,19,f,vandy,1,84,audiovisual,-100,,1,0.8677613000036217,0.8477613000036217,-20.0,281.16680639999686,sj
003,19,f,vandy,1,85,audiovisual,150,,1,0.733516000007512,0.713516000007512,-20.0,283.3672219,sj
003,19,f,vandy,1,86,audiovisual,200,,1,0.9739938999991864,0.9539938999991864,-20.0,285.30136089998996,sj
003,19,f,vandy,1,87,audiovisual,-250,,2,1.014930799996364,0.9949307999963639,-20.0,287.58290869998746,sj
003,19,f,vandy,1,88,audiovisual,200,,1,0.747504700004356,0.727504700004356,-20.0,289.7431271999958,sj
003,19,f,vandy,1,89,audiovisual,-150,,2,1.0806546000094386,1.0606546000094386,-20.0,291.717711099991,sj
003,19,f,vandy,1,90,audiovisual,250,,1,0.6937050000124145,0.6737050000124145,-20.0,293.9180815999862,sj
003,19,f,vandy,1,91,audiovisual,-200,,2,0.9506497999973362,0.9306497999973362,-20.0,295.7985731999943,sj
003,19,f,vandy,1,92,audiovisual,-200,,1,0.9873121999989962,0.9673121999989962,-20.0,298.1230385999952,sj
003,19,f,vandy,1,93,audiovisual,-250,,1,1.0814075999951456,1.0614075999951456,-20.0,300.694181999992,sj
003,19,f,vandy,1,94,audiovisual,-300,,1,1.3996293999953195,1.3796293999953195,-20.0,303.26904329999525,sj
003,19,f,vandy,1,95,audiovisual,-300,,2,2.0539051000087056,2.0339051000087056,-20.0,306.24223349998647,sj
003,19,f,vandy,1,96,audiovisual,50,,1,0.7089143000048352,0.6889143000048352,-20.0,310.1104423999932,sj
003,19,f,vandy,1,97,audiovisual,-100,,1,0.9873822000081418,0.9673822000081418,-20.0,312.2314925999963,sj
003,19,f,vandy,1,98,audiovisual,-50,,1,0.7502416999923298,0.7302416999923298,-20.0,314.8991226999933,sj
003,19,f,vandy,1,99,audiovisual,150,,1,0.5184133000002475,0.49841330000024753,-20.0,317.34339219999674,sj
003,19,f,vandy,1,100,audiovisual,-150,,2,0.9082906999974512,0.8882906999974511,-20.0,319.3409338999918,sj
003,19,f,vandy,1,101,audiovisual,-200,,2,0.9605818999989424,0.9405818999989424,-20.0,321.66297289999784,sj
003,19,f,vandy,1,102,audiovisual,300,,1,0.7603759999910835,0.7403759999910835,-20.0,324.1156179999962,sj
003,19,f,vandy,1,103,audiovisual,-300,,2,0.8279847999947378,0.8079847999947378,-20.0,326.03628209998715,sj
003,19,f,vandy,1,104,audiovisual,-150,,1,0.8806209999893326,0.8606209999893326,-20.0,328.39795779999986,sj
003,19,f,vandy,1,105,audiovisual,150,,1,0.627380699996138,0.607380699996138,-20.0,330.70501539998804,sj
003,19,f,vandy,1,106,audiovisual,50,,1,0.588536600000225,0.568536600000225,-20.0,332.4523491,sj
003,19,f,vandy,1,107,audiovisual,0,,1,0.6427620999893406,0.6227620999893406,-20.0,334.2941872999945,sj
003,19,f,vandy,1,108,audiovisual,-150,,2,0.7619816999940667,0.7419816999940667,-20.0,336.52300139999716,sj
003,19,f,vandy,1,109,audiovisual,100,,1,0.6811636000056751,0.6611636000056751,-20.0,338.8828985999862,sj
003,19,f,vandy,1,110,audiovisual,50,,1,1.5746038999932352,1.5546038999932352,-20.0,341.28276729999925,sj
003,19,f,vandy,1,111,audiovisual,-100,,1,0.6943078000040259,0.6743078000040259,-20.0,344.4037086999888,sj
003,19,f,vandy,1,112,audiovisual,250,,1,0.6281665999995312,0.6081665999995312,-20.0,346.3376484999899,sj
003,19,f,vandy,1,113,audiovisual,0,,1,0.4672463000024436,0.4472463000024436,-20.0,348.25907339999685,sj
003,19,f,vandy,1,114,audiovisual,300,,1,0.8306960000045365,0.8106960000045365,-20.0,350.3120665999886,sj
003,19,f,vandy,1,115,audiovisual,150,,1,0.6409570000105305,0.6209570000105304,-20.0,352.4230087999895,sj
003,19,f,vandy,1,116,audiovisual,0,,1,0.548203199999989,0.528203199999989,-20.0,354.6075129999954,sj
003,19,f,vandy,1,117,audiovisual,-100,,1,0.6273866999981692,0.6073866999981692,-20.0,356.64750659999845,sj
003,19,f,vandy,1,118,audiovisual,-200,,1,0.6142726999969454,0.5942726999969454,-20.0,358.5153830999916,sj
003,19,f,vandy,1,119,audiovisual,300,,1,0.614069399991422,0.5940693999914219,-20.0,360.52923709999595,sj
003,19,f,vandy,1,120,audiovisual,100,,1,0.5204696000000695,0.5004696000000695,-20.0,362.35690729999624,sj
003,19,f,vandy,1,121,audiovisual,-50,,1,0.6012248000042746,0.5812248000042746,-20.0,364.2371092999965,sj
003,19,f,vandy,1,122,audiovisual,-250,,1,0.7202757000050042,0.7002757000050042,-20.0,366.6387315999891,sj
003,19,f,vandy,1,123,audiovisual,0,,1,0.4815463999984786,0.4615463999984786,-20.0,368.79860329999065,sj
003,19,f,vandy,1,124,audiovisual,50,,1,0.5770354999986012,0.5570354999986011,-20.0,370.564000399987,sj
003,19,f,vandy,1,125,audiovisual,150,,1,1.1209619999863207,1.1009619999863207,-20.0,372.4440537999908,sj
003,19,f,vandy,1,126,audiovisual,-100,,2,1.067840999996406,1.047840999996406,-20.0,374.7885366999981,sj
003,19,f,vandy,1,127,audiovisual,-250,,1,0.8933258000033675,0.8733258000033675,-20.0,377.6027280999988,sj
003,19,f,vandy,1,128,audiovisual,200,,1,0.7332852000108687,0.7132852000108687,-20.0,379.96346909999556,sj
003,19,f,vandy,1,129,audiovisual,150,,1,0.6538781999988714,0.6338781999988714,-20.0,382.27095279999776,sj
003,19,f,vandy,1,130,audiovisual,-300,,2,0.8805274999904213,0.8605274999904213,-20.0,384.2721889999957,sj
003,19,f,vandy,1,131,audiovisual,100,,1,0.6933003999874927,0.6733003999874927,-20.0,386.352381699995,sj
003,19,f,vandy,1,132,audiovisual,-300,,2,0.850890799993067,0.830890799993067,-20.0,388.4869605999993,sj
003,19,f,vandy,1,133,audiovisual,250,,1,0.7580145999963861,0.7380145999963861,-20.0,390.79440449998947,sj
003,19,f,vandy,1,134,audiovisual,300,,1,0.9071685999952024,0.8871685999952024,-20.0,392.70110069999646,sj
003,19,f,vandy,1,135,audiovisual,-50,,1,0.7209299999958603,0.7009299999958603,-20.0,394.84923049999634,sj
003,19,f,vandy,1,136,audiovisual,200,,2,3.188410799994017,3.168410799994017,-20.0,397.0366260999872,sj
003,19,f,vandy,1,137,audiovisual,-200,,1,1.0013627000007546,0.9813627000007545,-20.0,401.86478249999345,sj
003,19,f,vandy,1,138,audiovisual,150,,1,1.0011091000051238,0.9811091000051237,-20.0,404.5467593999929,sj
003,19,f,vandy,1,139,audiovisual,-300,,2,0.9471920000069076,0.9271920000069076,-20.0,407.173349699995,sj
003,19,f,vandy,1,140,audiovisual,200,,1,1.480965800001286,1.460965800001286,-20.0,409.4543851999915,sj
003,19,f,vandy,1,141,audiovisual,250,,1,1.13448910000443,1.11448910000443,-20.0,412.22913359999075,sj
003,19,f,vandy,1,142,audiovisual,-250,,2,0.7599827999947593,0.7399827999947592,-20.0,415.1898530999897,sj
003,19,f,vandy,1,143,audiovisual,200,,1,0.7073149000061676,0.6873149000061676,-20.0,417.24338969998644,sj
003,19,f,vandy,1,144,audiovisual,-100,,1,0.8935476000042399,0.8735476000042399,-20.0,419.005176199993,sj
003,19,f,vandy,1,145,audiovisual,100,,1,0.8002686999971047,0.7802686999971047,-20.0,421.0452229999937,sj
003,19,f,vandy,1,146,audiovisual,0,,1,0.9865667999983998,0.9665667999983998,-20.0,422.8858135999908,sj
003,19,f,vandy,1,147,audiovisual,0,,1,0.706900899996981,0.686900899996981,-20.0,425.3133708999958,sj
003,19,f,vandy,1,148,audiovisual,-250,,2,1.3081806999980472,1.2881806999980472,-20.0,427.5148274999956,sj
003,19,f,vandy,1,149,audiovisual,200,,1,10.15274990000762,10.13274990000762,-20.0,430.40873459998693,sj
003,19,f,vandy,1,150,audiovisual,50,,1,1.0817079999978887,1.0617079999978887,-20.0,441.79918609999004,sj
003,19,f,vandy,1,151,audiovisual,-100,,1,0.8538436999951955,0.8338436999951955,-20.0,444.5873453999957,sj
003,19,f,vandy,1,152,audiovisual,0,,1,0.49541669999598525,0.47541669999598524,-20.0,446.6281986999966,sj
003,19,f,vandy,1,153,audiovisual,-200,,1,0.7084215999930166,0.6884215999930166,-20.0,448.3635557999951,sj
003,19,f,vandy,1,154,audiovisual,200,,1,0.6936956999998074,0.6736956999998074,-20.0,450.64342199999373,sj
003,19,f,vandy,1,155,audiovisual,-150,,1,0.7338063999923179,0.7138063999923179,-20.0,452.55008429999,sj
003,19,f,vandy,1,156,audiovisual,50,,1,0.5076616000005743,0.48766160000057424,-20.0,454.60426929999085,sj
003,19,f,vandy,1,157,audiovisual,300,,1,0.7475241999927675,0.7275241999927675,-20.0,456.57854869999574,sj
003,19,f,vandy,1,158,audiovisual,150,,1,1.1299447000055807,1.1099447000055807,-20.0,458.68572219999623,sj
003,19,f,vandy,1,159,audiovisual,-250,,2,1.02966529999685,1.00966529999685,-20.0,461.3932378999889,sj
003,19,f,vandy,1,160,audiovisual,250,,1,0.960446499986574,0.940446499986574,-20.0,463.7435742999951,sj
003,19,f,vandy,1,161,audiovisual,50,,1,1.053841500004637,1.033841500004637,-20.0,465.91506200000003,sj
003,19,f,vandy,1,162,audiovisual,-200,,1,0.7599607000011019,0.7399607000011019,-20.0,468.18220699999074,sj
003,19,f,vandy,1,163,audiovisual,100,,1,0.7471831000002567,0.7271831000002567,-20.0,470.51631739998993,sj
003,19,f,vandy,1,164,audiovisual,50,,1,0.7076931000046898,0.6876931000046898,-20.0,472.3305690999987,sj
003,19,f,vandy,1,165,audiovisual,-200,,2,0.7467008999956306,0.7267008999956306,-20.0,474.63797669998894,sj
003,19,f,vandy,1,166,audiovisual,-50,,1,0.5449498000089079,0.5249498000089079,-20.0,476.50534619999235,sj
003,19,f,vandy,1,167,audiovisual,50,,1,0.7472833999927389,0.7272833999927388,-20.0,478.3236302000005,sj
003,19,f,vandy,1,168,audiovisual,-50,,1,0.6807584000052884,0.6607584000052884,-20.0,480.8134122999909,sj
003,19,f,vandy,1,169,audiovisual,250,,1,0.7207902000081958,0.7007902000081958,-20.0,483.2140357999888,sj
003,19,f,vandy,1,170,audiovisual,-300,,1,1.1477491999976337,1.1277491999976337,-20.0,485.2680368000001,sj
003,19,f,vandy,1,171,audiovisual,-250,,2,1.3609311000036541,1.3409311000036541,-20.0,487.88241079999716,sj
003,19,f,vandy,1,172,audiovisual,-300,,1,1.107239999997546,1.087239999997546,-20.0,490.87023809998936,sj
003,19,f,vandy,1,173,audiovisual,-200,,1,0.6803892000025371,0.6603892000025371,-20.0,493.5641573999892,sj
003,19,f,vandy,1,174,audiovisual,-150,,1,0.7622331000020495,0.7422331000020495,-20.0,495.72499759998755,sj
003,19,f,vandy,1,175,audiovisual,0,,1,0.8943064000050072,0.8743064000050071,-20.0,498.02247359999456,sj
003,19,f,vandy,1,176,audiovisual,150,,1,0.7492019999917829,0.7292019999917829,-20.0,500.39369429998624,sj
003,19,f,vandy,1,177,audiovisual,-300,,2,0.9342102999944473,0.9142102999944473,-20.0,502.5276148999983,sj
003,19,f,vandy,1,178,audiovisual,-150,,1,0.6940803000034066,0.6740803000034066,-20.0,505.02212729999155,sj
003,19,f,vandy,1,179,audiovisual,100,,1,0.734230000001844,0.714230000001844,-20.0,506.75607319999835,sj
003,19,f,vandy,1,180,audiovisual,-300,,1,0.7474481999961426,0.7274481999961426,-20.0,509.11696879999363,sj
003,19,f,vandy,1,181,audiovisual,-100,,1,0.5469287000014447,0.5269287000014446,-20.0,511.3710818999971,sj
003,19,f,vandy,1,182,audiovisual,-300,,1,0.6901574000075925,0.6701574000075925,-20.0,513.0917359999876,sj
003,19,f,vandy,1,183,audiovisual,150,,1,0.7705142999911914,0.7505142999911913,-20.0,515.1722112999996,sj
003,19,f,vandy,1,184,audiovisual,300,,1,1.1718273000005865,1.1518273000005865,-20.0,517.132695399996,sj
003,19,f,vandy,1,185,audiovisual,50,,1,1.0258548999991035,1.0058548999991035,-20.0,519.4939430999948,sj
003,19,f,vandy,1,186,audiovisual,0,,1,0.7471111000049859,0.7271111000049859,-20.0,521.9079292999959,sj
003,19,f,vandy,1,187,audiovisual,300,,1,0.8666981999995187,0.8466981999995187,-20.0,523.9091145999992,sj
003,19,f,vandy,1,188,audiovisual,-100,,1,0.720508600003086,0.700508600003086,-20.0,526.5094723999937,sj
003,19,f,vandy,1,189,audiovisual,300,,1,0.9484995000093477,0.9284995000093477,-20.0,528.2835326999921,sj
003,19,f,vandy,1,190,audiovisual,-50,,1,0.8805764999997336,0.8605764999997336,-20.0,530.5111488999974,sj
003,19,f,vandy,1,191,audiovisual,-150,,1,0.7370189000066603,0.7170189000066602,-20.0,532.9918997999921,sj
003,19,f,vandy,1,192,audiovisual,50,,1,0.6009014000010211,0.5809014000010211,-20.0,535.542500399999,sj
003,19,f,vandy,1,193,audiovisual,300,,1,0.6951313000026857,0.6751313000026857,-20.0,537.767343399988,sj
003,19,f,vandy,1,194,audiovisual,-250,,1,1.0399935000023106,1.0199935000023106,-20.0,540.127743399993,sj
003,19,f,vandy,1,195,audiovisual,-50,,1,1.0577894000016386,1.0377894000016386,-20.0,542.302194399992,sj
003,19,f,vandy,1,196,audiovisual,-150,,1,1.1471312999929069,1.1271312999929068,-20.0,544.9599388999923,sj
003,19,f,vandy,1,197,audiovisual,300,,1,3.9354197999928147,3.9154197999928146,-20.0,547.9176955999865,sj
003,19,f,vandy,1,198,audiovisual,150,,1,1.1875825000024633,1.1675825000024633,-20.0,553.6666752999881,sj
003,19,f,vandy,1,199,audiovisual,250,,1,1.1228134999983013,1.1028134999983012,-20.0,556.5874994999904,sj
003,19,f,vandy,1,200,audiovisual,-150,,1,0.9482935000123689,0.9282935000123689,-20.0,559.4951866999909,sj
003,19,f,vandy,1,201,audiovisual,-100,,1,0.7737267999909818,0.7537267999909818,-20.0,561.8155917999975,sj
003,19,f,vandy,1,202,audiovisual,100,,1,1.4005441000044812,1.3805441000044811,-20.0,564.2032144999976,sj
003,19,f,vandy,1,203,audiovisual,-250,,2,1.5373233999998774,1.5173233999998774,-20.0,567.1909495999862,sj
003,19,f,vandy,1,204,audiovisual,-300,,1,1.6560593999893172,1.6360593999893172,-20.0,570.342359199989,sj
003,19,f,vandy,1,205,audiovisual,300,,1,0.815090300005977,0.795090300005977,-20.0,573.462286199996,sj
003,19,f,vandy,1,206,audiovisual,-50,,1,2.254039000006742,2.234039000006742,-20.0,575.3271327999973,sj
003,19,f,vandy,1,207,audiovisual,50,,1,0.5735145999933593,0.5535145999933593,-20.0,579.0352830999909,sj
003,19,f,vandy,1,208,audiovisual,-200,,1,0.9885131000046385,0.9685131000046385,-20.0,580.7160969999968,sj
003,19,f,vandy,1,209,audiovisual,300,,1,0.7068284999986645,0.6868284999986645,-20.0,583.1432735999988,sj
003,19,f,vandy,1,210,audiovisual,0,,1,0.9870211999950698,0.9670211999950697,-20.0,585.1839075999887,sj
003,19,f,vandy,1,211,audiovisual,-150,,1,1.6299196000036318,1.6099196000036318,-20.0,587.4116168999899,sj
003,19,f,vandy,1,212,audiovisual,100,,1,0.7070876000070712,0.6870876000070711,-20.0,590.5220811999898,sj
003,19,f,vandy,1,213,audiovisual,0,,1,0.7743663999863202,0.7543663999863202,-20.0,592.8673436999961,sj
003,19,f,vandy,1,214,audiovisual,-250,,2,1.2144661999918753,1.1944661999918753,-20.0,595.2420644999947,sj
003,19,f,vandy,1,215,audiovisual,-200,,1,0.7205089000053704,0.7005089000053704,-20.0,598.2294303999952,sj
003,19,f,vandy,1,216,audiovisual,-50,,1,0.7355641000031028,0.7155641000031028,-20.0,600.603707199989,sj
003,19,f,vandy,1,217,audiovisual,-250,,2,1.1339078000019072,1.1139078000019071,-20.0,602.6304249999957,sj
003,19,f,vandy,1,218,audiovisual,250,,1,2.718136499999673,2.698136499999673,-20.0,605.2315753000003,sj
003,19,f,vandy,1,219,audiovisual,-100,,1,1.0274355000001378,1.0074355000001378,-20.0,609.4999275999871,sj
003,19,f,vandy,1,220,audiovisual,150,,1,2.094350100000156,2.074350100000156,-20.0,612.1543679999886,sj
003,19,f,vandy,1,221,audiovisual,300,,2,0.8932297999999719,0.8732297999999719,-20.0,615.7421267999889,sj
003,19,f,vandy,1,222,audiovisual,-150,,1,0.8285306000034325,0.8085306000034325,-20.0,617.9426479999966,sj
003,19,f,vandy,1,223,audiovisual,250,,1,0.9392413999885321,0.919241399988532,-20.0,620.1834721999912,sj
003,19,f,vandy,1,224,audiovisual,-50,,1,0.6154012000042712,0.5954012000042712,-20.0,622.9310550999944,sj
003,19,f,vandy,1,225,audiovisual,-200,,2,0.8136962999997195,0.7936962999997195,-20.0,625.361873899994,sj
003,19,f,vandy,1,226,audiovisual,250,,1,0.5069298000016715,0.4869298000016715,-20.0,627.8263862999884,sj
003,19,f,vandy,1,227,audiovisual,300,,1,0.5741168999957154,0.5541168999957153,-20.0,629.7338485999935,sj
003,19,f,vandy,1,228,audiovisual,-250,,1,0.6405545000015991,0.6205545000015991,-20.0,631.788184399993,sj
003,19,f,vandy,1,229,audiovisual,150,,1,0.8266319999966072,0.8066319999966072,-20.0,634.1094446999923,sj
003,19,f,vandy,1,230,audiovisual,100,,1,0.6932543000002624,0.6732543000002624,-20.0,636.7360767999926,sj
003,19,f,vandy,1,231,audiovisual,250,,1,0.6093485000019427,0.5893485000019427,-20.0,638.8437332999893,sj
003,19,f,vandy,1,232,audiovisual,-200,,2,0.863411600003019,0.843411600003019,-20.0,641.0710866999871,sj
003,19,f,vandy,1,233,audiovisual,0,,1,0.9075539999903413,0.8875539999903412,-20.0,643.4053772999905,sj
003,19,f,vandy,1,234,audiovisual,-50,,1,0.9604838999948697,0.9404838999948697,-20.0,645.7267527999938,sj
003,19,f,vandy,1,235,audiovisual,-300,,2,0.7608786000055261,0.7408786000055261,-20.0,648.434434499999,sj
003,19,f,vandy,1,236,audiovisual,250,,1,0.586947699994198,0.566947699994198,-20.0,650.7279703999957,sj
003,19,f,vandy,1,237,audiovisual,300,,1,1.1071514000068419,1.0871514000068419,-20.0,652.4487092999916,sj
003,19,f,vandy,1,238,audiovisual,-50,,1,1.1079007999942405,1.0879007999942405,-20.0,654.5964042999985,sj
003,19,f,vandy,1,239,audiovisual,100,,1,0.9512023999996018,0.9312023999996017,-20.0,657.0909552999947,sj
003,19,f,vandy,1,240,audiovisual,100,,1,0.5512054999999236,0.5312054999999236,-20.0,659.0816827999952,sj
003,19,f,vandy,1,241,audiovisual,0,,1,0.534530499993707,0.514530499993707,-20.0,661.331694499997,sj
003,19,f,vandy,1,242,audiovisual,250,,1,0.5734465999994427,0.5534465999994427,-20.0,662.9989446999971,sj
003,19,f,vandy,1,243,audiovisual,250,,1,0.549148599995533,0.529148599995533,-20.0,665.3470381999941,sj
003,19,f,vandy,1,244,audiovisual,100,,1,0.6694661999936216,0.6494661999936215,-20.0,667.5751237999939,sj
003,19,f,vandy,1,245,audiovisual,250,,1,0.654192600006354,0.634192600006354,-20.0,669.4550676999934,sj
003,19,f,vandy,1,246,audiovisual,-100,,2,0.6264631000085501,0.6064631000085501,-20.0,671.1493625000003,sj
003,19,f,vandy,1,247,audiovisual,50,,1,0.6137084999936633,0.5937084999936633,-20.0,673.16283999999,sj
003,19,f,vandy,1,248,audiovisual,-250,,1,0.6938167000043904,0.6738167000043904,-20.0,675.0971469999931,sj
003,19,f,vandy,1,249,audiovisual,-250,,1,0.6973212000011699,0.6773212000011699,-20.0,677.5246589999879,sj
003,19,f,vandy,1,250,audiovisual,-50,,1,0.8805675000039628,0.8605675000039628,-20.0,679.4622862999968,sj
003,19,f,vandy,1,251,audiovisual,150,,1,2.4542806999961613,2.4342806999961613,-20.0,682.1531781999947,sj
003,19,f,vandy,1,252,audiovisual,-300,,2,1.6675589000078617,1.6475589000078616,-20.0,685.7810231999902,sj
003,19,f,vandy,1,253,audiovisual,300,,1,3.322080600002664,3.302080600002664,-20.0,688.796022399998,sj
003,19,f,vandy,1,254,audiovisual,150,,1,0.7657822000037413,0.7457822000037413,-20.0,693.3177234999894,sj
003,19,f,vandy,1,255,audiovisual,-200,,2,0.6815489000000525,0.6615489000000525,-20.0,695.8509895999887,sj
003,19,f,vandy,1,256,audiovisual,-150,,2,1.2295599999924889,1.2095599999924889,-20.0,697.721931299995,sj
003,19,f,vandy,1,257,audiovisual,0,,1,0.7216133999900194,0.7016133999900194,-20.0,700.7619133999979,sj
003,19,f,vandy,1,258,audiovisual,-250,,1,0.8293565000058152,0.8093565000058152,-20.0,703.2418976999907,sj
003,19,f,vandy,1,259,audiovisual,100,,2,2.4405444000003627,2.4205444000003626,-20.0,705.5742871999973,sj
003,19,f,vandy,1,260,audiovisual,-100,,1,0.7468158999981824,0.7268158999981824,-20.0,709.5230753999931,sj
003,19,f,vandy,1,261,audiovisual,-100,,1,0.6272977999906288,0.6072977999906288,-20.0,711.4833742999908,sj
003,19,f,vandy,1,262,audiovisual,200,,1,0.7765927000000374,0.7565927000000374,-20.0,713.5114797999995,sj
003,19,f,vandy,1,263,audiovisual,100,,1,0.6003922000090824,0.5803922000090824,-20.0,715.6216058999998,sj
003,19,f,vandy,1,264,audiovisual,-50,,1,0.5720585999952164,0.5520585999952163,-20.0,717.9525376999954,sj
003,19,f,vandy,1,265,audiovisual,150,,2,1.5739602999965427,1.5539602999965427,-20.0,719.5938838999864,sj
003,19,f,vandy,1,266,audiovisual,0,,1,0.6428014000121038,0.6228014000121038,-20.0,722.7015094999952,sj
003,19,f,vandy,1,267,audiovisual,-250,,2,2.148038400002406,2.128038400002406,-20.0,724.3971600999939,sj
003,19,f,vandy,1,268,audiovisual,100,,1,2.174069499989855,2.154069499989855,-20.0,728.1302910999948,sj
003,19,f,vandy,1,269,audiovisual,-150,,1,0.8819924999988871,0.861992499998887,-20.0,731.4380407999997,sj
003,19,f,vandy,1,270,audiovisual,100,,1,0.5705076000012923,0.5505076000012923,-20.0,733.3713040999864,sj
003,19,f,vandy,1,271,audiovisual,100,,1,0.6118109000090044,0.5918109000090044,-20.0,735.5320538999949,sj
003,19,f,vandy,1,272,audiovisual,100,,1,0.9190126999892527,0.8990126999892527,-20.0,737.5332415999874,sj
003,19,f,vandy,1,273,audiovisual,-300,,2,0.8256039999978384,0.8056039999978384,-20.0,739.6004902999994,sj
003,19,f,vandy,1,274,audiovisual,-250,,1,0.7747574999957578,0.7547574999957578,-20.0,741.8951298999891,sj
003,19,f,vandy,1,275,audiovisual,-100,,1,0.7333881999948062,0.7133881999948062,-20.0,744.3751382999908,sj
003,19,f,vandy,1,276,audiovisual,200,,1,0.5600091000087559,0.5400091000087559,-20.0,746.3229059000005,sj
003,19,f,vandy,1,277,audiovisual,200,,1,0.8365729000070132,0.8165729000070132,-20.0,747.963751599993,sj
003,19,f,vandy,1,278,audiovisual,150,,1,0.825069500002428,0.8050695000024279,-20.0,749.8980164999957,sj
003,19,f,vandy,1,279,audiovisual,50,,1,0.5898567000112962,0.5698567000112962,-20.0,751.9913681999897,sj
003,19,f,vandy,1,280,audiovisual,250,,1,2.70871609999449,2.68871609999449,-20.0,754.2621201000002,sj
003,19,f,vandy,1,281,audiovisual,200,,1,0.8265997000125935,0.8065997000125935,-20.0,758.5269996999996,sj
003,19,f,vandy,1,282,audiovisual,-100,,2,1.0532498999964446,1.0332498999964446,-20.0,760.4348088999977,sj
003,19,f,vandy,1,283,audiovisual,250,,1,0.9750002000073437,0.9550002000073436,-20.0,763.1822993999958,sj
003,19,f,vandy,1,284,audiovisual,150,,1,0.7872729999944568,0.7672729999944568,-20.0,765.3027845999895,sj
003,19,f,vandy,1,285,audiovisual,-50,,1,1.0536693000030937,1.0336693000030936,-20.0,767.6510771999892,sj
003,19,f,vandy,1,286,audiovisual,-150,,1,0.7462715000001481,0.7262715000001481,-20.0,770.3450492999982,sj
003,19,f,vandy,1,287,audiovisual,0,,1,0.5871668999898247,0.5671668999898247,-20.0,772.1986056999885,sj
003,19,f,vandy,1,288,audiovisual,100,,1,0.7724033999984385,0.7524033999984385,-20.0,773.8665166999999,sj
003,19,f,vandy,1,289,audiovisual,100,,1,0.64044339999964,0.6204433999996399,-20.0,776.2939487999975,sj
003,19,f,vandy,1,290,audiovisual,-100,,2,0.7605346000054851,0.7405346000054851,-20.0,778.1345433999959,sj
003,19,f,vandy,1,291,audiovisual,-100,,1,0.6138197999971453,0.5938197999971453,-20.0,780.668867299988,sj
003,19,f,vandy,1,292,audiovisual,-100,,1,0.8665608000010252,0.8465608000010252,-20.0,782.3362163999991,sj
003,19,f,vandy,1,293,audiovisual,-300,,2,3.881541399998241,3.861541399998241,-20.0,784.2702050999942,sj
003,19,f,vandy,1,294,audiovisual,200,,1,0.7091749999963213,0.6891749999963213,-20.0,789.5260472999944,sj
003,19,f,vandy,1,295,audiovisual,-200,,2,0.7073701999906916,0.6873701999906916,-20.0,791.3414138999942,sj
003,19,f,vandy,1,296,audiovisual,-300,,2,0.8399346999940462,0.8199346999940462,-20.0,793.8612492999964,sj
003,19,f,vandy,1,297,audiovisual,-50,,1,0.5867139000038151,0.566713900003815,-20.0,796.0613696999935,sj
003,19,f,vandy,1,298,audiovisual,-200,,1,1.000094999995781,0.9800949999957811,-20.0,798.1016885999998,sj
003,19,f,vandy,1,299,audiovisual,-250,,2,0.773301299996092,0.753301299996092,-20.0,800.3692375999963,sj
003,19,f,vandy,1,300,audiovisual,-200,,1,0.7064452000049641,0.6864452000049641,-20.0,802.7169101999898,sj
003,19,f,vandy,1,301,audiovisual,-50,,1,0.6962300000013784,0.6762300000013783,-20.0,804.5308572999929,sj
003,19,f,vandy,1,302,audiovisual,-150,,2,1.5075650999933714,1.4875650999933714,-20.0,806.5214445999882,sj
003,19,f,vandy,1,303,audiovisual,300,,2,1.3491580999980215,1.3291580999980215,-20.0,809.5061829999904,sj
003,19,f,vandy,1,304,audiovisual,50,,1,0.960266900001443,0.940266900001443,-20.0,812.3331974999892,sj
003,19,f,vandy,1,305,audiovisual,200,,1,0.7472812999913003,0.7272812999913003,-20.0,814.4150698999874,sj
003,19,f,vandy,1,306,audiovisual,100,,1,0.5876833000074839,0.5676833000074839,-20.0,816.7620413999975,sj
003,19,f,vandy,1,307,audiovisual,200,,1,0.933830099995248,0.913830099995248,-20.0,818.3764964000002,sj
003,19,f,vandy,1,308,audiovisual,150,,1,0.9698534000053769,0.9498534000053769,-20.0,820.8839516999869,sj
003,19,f,vandy,1,309,audiovisual,0,,2,3.2802332999999635,3.2602332999999635,-20.0,822.9110936999932,sj
003,19,f,vandy,1,310,audiovisual,-300,,2,1.1342507999943336,1.1142507999943336,-20.0,828.0059484999947,sj
003,19,f,vandy,1,311,audiovisual,100,,1,0.6135179999982938,0.5935179999982938,-20.0,830.4341743999976,sj
003,19,f,vandy,1,312,audiovisual,50,,1,0.5200770999945235,0.5000770999945234,-20.0,832.8081070999906,sj
003,19,f,vandy,1,313,audiovisual,150,,1,0.6262349000026006,0.6062349000026006,-20.0,835.0756585999916,sj
003,19,f,vandy,1,314,audiovisual,250,,1,1.240285199994105,1.220285199994105,-20.0,837.3960883999971,sj
003,19,f,vandy,1,315,audiovisual,100,,1,3.0424212999932934,3.0224212999932933,-20.0,840.3305817999935,sj
003,19,f,vandy,1,316,audiovisual,200,,2,1.6005631999869365,1.5805631999869365,-20.0,844.6814548999973,sj
003,19,f,vandy,1,317,audiovisual,200,,1,0.6661065999942366,0.6461065999942366,-20.0,847.693128999992,sj
003,19,f,vandy,1,318,audiovisual,-200,,2,0.7597658000013325,0.7397658000013325,-20.0,849.7073715999868,sj
003,19,f,vandy,1,319,audiovisual,-50,,1,0.5346321999968495,0.5146321999968495,-20.0,852.2015459999966,sj
003,19,f,vandy,1,320,audiovisual,-250,,2,1.0405986999976449,1.0205986999976449,-20.0,854.0154953999881,sj
003,19,f,vandy,1,321,audiovisual,-200,,2,1.3207977999991272,1.3007977999991271,-20.0,856.3229336999939,sj
003,19,f,vandy,1,322,audiovisual,250,,1,0.6134346000035293,0.5934346000035293,-20.0,859.3247746999987,sj
003,19,f,vandy,1,323,audiovisual,0,,1,0.6419789999927161,0.6219789999927161,-20.0,861.6715697999898,sj
003,19,f,vandy,1,324,audiovisual,-200,,1,1.6258153000089806,1.6058153000089805,-20.0,864.1278863999905,sj
003,19,f,vandy,1,325,audiovisual,-300,,2,0.8663360999926226,0.8463360999926226,-20.0,867.0867702999967,sj
003,19,f,vandy,1,326,audiovisual,-50,,1,0.6537361999944551,0.6337361999944551,-20.0,869.7679820999911,sj
003,19,f,vandy,1,327,audiovisual,-200,,1,0.8532615000003716,0.8332615000003716,-20.0,872.0086913999985,sj
003,19,f,vandy,1,328,audiovisual,-100,,1,0.7082956999947783,0.6882956999947782,-20.0,874.1698460999905,sj
003,19,f,vandy,1,329,audiovisual,-100,,1,1.110210200000438,1.090210200000438,-20.0,876.0233073999989,sj
003,19,f,vandy,1,330,audiovisual,200,,1,0.6289095999964047,0.6089095999964047,-20.0,878.9614960999897,sj
003,19,f,vandy,1,331,audiovisual,100,,1,0.8668707000033464,0.8468707000033464,-20.0,880.921400399995,sj
003,19,f,vandy,1,332,audiovisual,50,,1,0.5734931000042707,0.5534931000042707,-20.0,883.4929609999963,sj
003,19,f,vandy,1,333,audiovisual,-50,,1,0.5876795000076527,0.5676795000076527,-20.0,885.5871975999908,sj
003,19,f,vandy,1,334,audiovisual,50,,1,0.6933339999959571,0.6733339999959571,-20.0,887.5615573999967,sj
003,19,f,vandy,1,335,audiovisual,150,,1,0.6532281999971019,0.6332281999971019,-20.0,889.816261999993,sj
003,19,f,vandy,1,336,audiovisual,300,,1,0.8930029000039212,0.8730029000039212,-20.0,892.1761246999959,sj
003,19,f,vandy,1,337,audiovisual,50,,1,0.7226123000000371,0.702612300000037,-20.0,894.7769984999904,sj
003,19,f,vandy,1,338,audiovisual,250,,1,0.6558468000002904,0.6358468000002904,-20.0,897.221398499998,sj
003,19,f,vandy,1,339,audiovisual,-100,,1,0.5202313999907346,0.5002313999907346,-20.0,899.6219194999867,sj
003,19,f,vandy,1,340,audiovisual,300,,1,0.6001916999957757,0.5801916999957757,-20.0,901.7929872999957,sj
003,19,f,vandy,1,341,audiovisual,-250,,2,0.9731938000040827,0.9531938000040827,-20.0,903.6870681999862,sj
003,19,f,vandy,1,342,audiovisual,-250,,2,0.7746954999893205,0.7546954999893205,-20.0,906.207825999998,sj
003,19,f,vandy,1,343,audiovisual,100,,1,0.7204076999914832,0.7004076999914832,-20.0,908.6098652999935,sj
003,19,f,vandy,1,344,audiovisual,200,,1,0.5958849000016926,0.5758849000016926,-20.0,910.6096083999873,sj
003,19,f,vandy,1,345,audiovisual,0,,1,0.6401091000007,0.6201091000007,-20.0,912.7571028999955,sj
003,19,f,vandy,1,346,audiovisual,-150,,2,2.309882999994443,2.289882999994443,-20.0,914.5840375999978,sj
003,19,f,vandy,1,347,audiovisual,150,,1,0.6416425000061281,0.6216425000061281,-20.0,918.3212849999982,sj
003,19,f,vandy,1,348,audiovisual,-100,,1,1.0140410000021802,0.9940410000021802,-20.0,920.1204430999933,sj
003,19,f,vandy,1,349,audiovisual,-250,,1,3.2143407999974443,3.1943407999974442,-20.0,922.7618275999994,sj
003,19,f,vandy,1,350,audiovisual,-250,,1,1.334070700002485,1.314070700002485,-20.0,927.3891212999879,sj
003,19,f,vandy,1,351,audiovisual,200,,1,0.7197889999952167,0.6997889999952167,-20.0,930.0434469999891,sj
003,19,f,vandy,1,352,audiovisual,300,,1,1.1333098999893991,1.113309899989399,-20.0,931.8839067999943,sj
003,19,f,vandy,1,353,audiovisual,0,,1,1.8004328000097303,1.7804328000097303,-20.0,934.6047751999868,sj
003,19,f,vandy,1,354,audiovisual,200,,1,0.8004322000051616,0.7804322000051616,-20.0,937.7412898999901,sj
003,19,f,vandy,1,355,audiovisual,50,,1,0.6260363000037614,0.6060363000037614,-20.0,940.3414166000002,sj
003,19,f,vandy,1,356,audiovisual,-50,,1,1.1869728000019677,1.1669728000019677,-20.0,942.474380899992,sj
003,19,f,vandy,1,357,audiovisual,-200,,1,1.8939438999950653,1.8739438999950653,-20.0,945.4089485000004,sj
003,19,f,vandy,1,358,audiovisual,250,,1,0.9600264000036987,0.9400264000036986,-20.0,948.3299501999863,sj
003,19,f,vandy,1,359,audiovisual,0,,1,0.5308275999996113,0.5108275999996112,-20.0,950.6412535999989,sj
003,19,f,vandy,1,360,audiovisual,-150,,1,0.6671052000019699,0.6471052000019699,-20.0,952.9719588999869,sj
003,19,f,vandy,1,361,audiovisual,100,,1,0.6418616000009933,0.6218616000009933,-20.0,954.8524634999922,sj
003,19,f,vandy,1,362,audiovisual,-150,,1,2.720161300007021,2.700161300007021,-20.0,957.2813150000002,sj
003,19,f,vandy,1,363,audiovisual,-150,,1,2.9745157999859657,2.9545157999859657,-20.0,961.0411987999978,sj
003,19,f,vandy,1,364,audiovisual,-300,,2,0.8409040999977151,0.8209040999977151,-20.0,965.1227567999886,sj
003,19,f,vandy,1,365,audiovisual,100,,1,0.6967570999986492,0.6767570999986492,-20.0,967.4707662000001,sj
003,19,f,vandy,1,366,audiovisual,0,,1,0.8800076999905286,0.8600076999905286,-20.0,969.7410991999932,sj
003,19,f,vandy,1,367,audiovisual,150,,1,0.6821252000081586,0.6621252000081586,-20.0,972.4320474999986,sj
003,19,f,vandy,1,368,audiovisual,200,,1,1.2123537000006763,1.1923537000006763,-20.0,974.1810614999995,sj
003,19,f,vandy,1,369,audiovisual,200,,1,0.9068931000074372,0.8868931000074372,-20.0,977.0613050999964,sj
003,19,f,vandy,1,370,audiovisual,250,,1,1.2539302999939537,1.2339302999939536,-20.0,979.4749071999977,sj
003,19,f,vandy,1,371,audiovisual,50,,1,1.6406415000092238,1.6206415000092238,-20.0,981.7688510999869,sj
003,19,f,vandy,1,372,audiovisual,-150,,2,1.1499653000064427,1.1299653000064427,-20.0,984.5965746000002,sj
003,19,f,vandy,1,373,audiovisual,-100,,1,0.6134012999973493,0.5934012999973493,-20.0,987.3611126999895,sj
003,19,f,vandy,1,374,audiovisual,-50,,1,0.62703249999322,0.60703249999322,-20.0,989.6117708999955,sj
003,19,f,vandy,1,375,audiovisual,50,,1,5.8541594999987865,5.834159499998787,-20.0,991.866249499988,sj
003,19,f,vandy,1,376,audiovisual,250,,2,0.9604963000019779,0.9404963000019779,-20.0,999.0950836999982,sj
003,19,f,vandy,1,377,audiovisual,300,,1,0.6792803999996977,0.6592803999996977,-20.0,1001.2828011999954,sj
003,19,f,vandy,1,378,audiovisual,50,,1,0.5067396000085864,0.4867396000085864,-20.0,1003.4299704999867,sj
003,19,f,vandy,1,379,audiovisual,-50,,2,1.4682003000052646,1.4482003000052646,-20.0,1005.6446870999935,sj
003,19,f,vandy,1,380,audiovisual,-150,,1,0.985399299999699,0.965399299999699,-20.0,1008.9266885999969,sj
003,19,f,vandy,1,381,audiovisual,200,,2,1.1731749000027776,1.1531749000027776,-20.0,1011.046468799992,sj
003,19,f,vandy,1,382,audiovisual,-100,,1,1.026893000002019,1.006893000002019,-20.0,1013.5809804999881,sj
003,19,f,vandy,1,383,audiovisual,0,,1,0.5874748000060208,0.5674748000060208,-20.0,1015.6609769999923,sj
003,19,f,vandy,1,384,audiovisual,150,,2,1.8001925999997184,1.7801925999997184,-20.0,1017.9697727999883,sj
003,19,f,vandy,1,385,audiovisual,-300,,1,0.880384399992181,0.860384399992181,-20.0,1021.3165467999934,sj
003,19,f,vandy,1,386,audiovisual,150,,1,1.0418602999998257,1.0218602999998256,-20.0,1023.8908413999889,sj
003,19,f,vandy,1,387,audiovisual,200,,1,2.069687699986389,2.049687699986389,-20.0,1026.598328699998,sj
003,19,f,vandy,1,388,audiovisual,200,,2,1.9876516000076663,1.9676516000076663,-20.0,1029.8526962999895,sj
003,19,f,vandy,1,389,audiovisual,-300,,2,1.0272685999952955,1.0072685999952955,-20.0,1033.5480113999947,sj
003,19,f,vandy,1,390,audiovisual,-200,,2,1.4138366999977734,1.3938366999977734,-20.0,1035.8286369999987,sj
003,19,f,vandy,2,1,visual,nan,,nan,0.9996795000042766,0.9996795000042766,-20.0,1069.0267760999996,srt
003,19,f,vandy,2,2,audiovisual,nan,,nan,0.5200533000024734,0.5000533000024734,-20.0,1071.6033522999933,srt
003,19,f,vandy,2,3,visual,nan,,nan,0.29696200000762474,0.29696200000762474,-20.0,1074.0240239999985,srt
003,19,f,vandy,2,4,visual,nan,,nan,0.32021619999432005,0.32021619999432005,-20.0,1076.985936699988,srt
003,19,f,vandy,2,5,audiovisual,nan,,nan,0.3072597999998834,0.2872597999998834,-20.0,1080.248557599989,srt
003,19,f,vandy,2,6,visual,nan,,nan,0.33364979999896605,0.33364979999896605,-20.0,1081.8225387999992,srt
003,19,f,vandy,2,7,audiovisual,nan,,nan,0.25397389999125153,0.23397389999125154,-20.0,1083.289741399989,srt
003,19,f,vandy,2,8,audio,nan,,nan,0.38567080000939313,0.3656708000093931,-20.0,1084.5837570999865,srt
003,19,f,vandy,2,9,visual,nan,,nan,0.3067908999946667,0.3067908999946667,-20.0,1086.1182314999896,srt
003,19,f,vandy,2,10,audiovisual,nan,,nan,0.2802530999906594,0.2602530999906594,-20.0,1088.877020999993,srt
003,19,f,vandy,2,11,audiovisual,nan,,nan,0.2667566000018269,0.2467566000018269,-20.0,1090.4922171999933,srt
003,19,f,vandy,2,12,audio,nan,,nan,0.3831420999922557,0.36314209999225566,-20.0,1093.3191579999984,srt
003,19,f,vandy,2,13,visual,nan,,nan,0.25640380001277663,0.25640380001277663,-20.0,1095.746259499996,srt
003,19,f,vandy,2,14,visual,nan,,nan,0.3201121000020066,0.3201121000020066,-20.0,1097.7633676999976,srt
003,19,f,vandy,2,15,audio,nan,,nan,0.2811239000002388,0.2611239000002388,-20.0,1099.3224316999986,srt
003,19,f,vandy,2,16,audiovisual,nan,,nan,0.28070809999189805,0.26070809999189803,-20.0,1101.401231099997,srt
003,19,f,vandy,2,17,audiovisual,nan,,nan,0.25367109999933746,0.23367109999933747,-20.0,1103.923791899986,srt
003,19,f,vandy,2,18,audio,nan,,nan,0.3729688999883365,0.35296889998833647,-20.0,1105.6833735999971,srt
003,19,f,vandy,2,19,visual,nan,,nan,0.5733525999967242,0.5733525999967242,-20.0,1108.9110288999946,srt
003,19,f,vandy,2,20,visual,nan,,nan,0.31080070001189597,0.31080070001189597,-20.0,1110.8447961999918,srt
003,19,f,vandy,2,21,audiovisual,nan,,nan,0.2670020000077784,0.24700200000777842,-20.0,1113.223352599991,srt
003,19,f,vandy,2,22,visual,nan,,nan,0.33563089999370277,0.33563089999370277,-20.0,1114.9001970999961,srt
003,19,f,vandy,2,23,audiovisual,nan,,nan,0.41344720000051893,0.3934472000005189,-20.0,1116.9833255999984,srt
003,19,f,vandy,2,24,visual,nan,,nan,1.0933474999910686,1.0933474999910686,-20.0,1120.1688148999965,srt
003,19,f,vandy,2,25,visual,nan,,nan,0.5866225000063423,0.5866225000063423,-20.0,1123.9834731999872,srt
003,19,f,vandy,2,26,audiovisual,nan,,nan,0.3318260999949416,0.3118260999949416,-20.0,1126.3577569999907,srt
003,19,f,vandy,2,27,visual,nan,,nan,0.5303005000023404,0.5303005000023404,-20.0,1129.425292999993,srt
003,19,f,vandy,2,28,audio,nan,,nan,0.8169253999949433,0.7969253999949433,-20.0,1131.265622699997,srt
003,19,f,vandy,2,29,audiovisual,nan,,nan,0.2801229000033345,0.2601229000033345,-20.0,1134.0436140999955,srt
003,19,f,vandy,2,30,audiovisual,nan,,nan,0.25396180000097957,0.23396180000097958,-20.0,1136.054490399998,srt
003,19,f,vandy,2,31,visual,nan,,nan,0.334888299999875,0.334888299999875,-20.0,1137.7633104999986,srt
003,19,f,vandy,2,32,visual,nan,,nan,0.27999940000881907,0.27999940000881907,-20.0,1139.6303062999941,srt
003,19,f,vandy,2,33,audio,nan,,nan,0.30633839999791235,0.28633839999791233,-20.0,1141.5240073999885,srt
003,19,f,vandy,2,34,audio,nan,,nan,0.3076729000022169,0.2876729000022169,-20.0,1143.3511716999928,srt
003,19,f,vandy,2,35,audio,nan,,nan,0.3026277999888407,0.2826277999888407,-20.0,1144.8176351999864,srt
003,19,f,vandy,2,36,audio,nan,,nan,0.2800911999947857,0.2600911999947857,-20.0,1148.0459540999873,srt
003,19,f,vandy,2,37,audio,nan,,nan,0.2397662000003038,0.2197662000003038,-20.0,1150.686363099987,srt
003,19,f,vandy,2,38,audiovisual,nan,,nan,0.2390780999994604,0.2190780999994604,-20.0,1152.2470021999907,srt
003,19,f,vandy,2,39,visual,nan,,nan,0.29195250000339,0.29195250000339,-20.0,1153.9276441999973,srt
003,19,f,vandy,2,40,audiovisual,nan,,nan,0.21325630000501405,0.19325630000501406,-20.0,1157.0350187999866,srt
003,19,f,vandy,2,41,audio,nan,,nan,0.22704289999091998,0.20704289999092,-20.0,1159.5699189000006,srt
003,19,f,vandy,2,42,visual,nan,,nan,0.3016978000086965,0.3016978000086965,-20.0,1162.5311308999953,srt
003,19,f,vandy,2,43,visual,nan,,nan,0.30689589999383315,0.30689589999383315,-20.0,1164.1846525,srt
003,19,f,vandy,2,44,visual,nan,,nan,0.29007639999326784,0.29007639999326784,-20.0,1167.1853349999874,srt
003,19,f,vandy,2,45,audio,nan,,nan,0.4162539000099059,0.3962539000099059,-20.0,1168.6529980999912,srt
003,19,f,vandy,2,46,audio,nan,,nan,0.2794201999931829,0.2594201999931829,-20.0,1170.6431676999928,srt
003,19,f,vandy,2,47,visual,nan,,nan,0.2800346999865724,0.2800346999865724,-20.0,1172.1337885999965,srt
003,19,f,vandy,2,48,audiovisual,nan,,nan,0.25318569999944884,0.23318569999944885,-20.0,1174.3357827999862,srt
003,19,f,vandy,2,49,visual,nan,,nan,0.27935949999664444,0.27935949999664444,-20.0,1176.4425783999905,srt
003,19,f,vandy,2,50,audio,nan,,nan,0.4668882999976631,0.4468882999976631,-20.0,1178.7633373999997,srt
003,19,f,vandy,2,51,audio,nan,,nan,0.3195452999934787,0.2995452999934787,-20.0,1181.4443652999907,srt
003,19,f,vandy,2,52,audiovisual,nan,,nan,0.25340699999651406,0.23340699999651407,-20.0,1183.9917187999963,srt
003,19,f,vandy,2,53,audio,nan,,nan,0.25381239999842364,0.23381239999842365,-20.0,1186.1258758999902,srt
003,19,f,vandy,2,54,audio,nan,,nan,0.22669029999815393,0.20669029999815394,-20.0,1188.4473660999938,srt
003,19,f,vandy,2,55,audio,nan,,nan,0.24243529999512248,0.2224352999951225,-20.0,1190.9146776999987,srt
003,19,f,vandy,2,56,audiovisual,nan,,nan,0.23996240000997204,0.21996240000997205,-20.0,1194.157996199996,srt
003,19,f,vandy,2,57,audio,nan,,nan,0.25353119999635965,0.23353119999635966,-20.0,1196.9306422999944,srt
003,19,f,vandy,2,58,visual,nan,,nan,0.3078518999973312,0.3078518999973312,-20.0,1199.4109653999913,srt
003,19,f,vandy,2,59,visual,nan,,nan,0.29454259999329224,0.29454259999329224,-20.0,1201.865347599989,srt
003,19,f,vandy,2,60,audio,nan,,nan,0.360275900005945,0.340275900005945,-20.0,1204.161291899989,srt
003,19,f,vandy,2,61,audiovisual,nan,,nan,0.23990450000565033,0.21990450000565034,-20.0,1205.8132602999976,srt
003,19,f,vandy,2,62,audiovisual,nan,,nan,0.22485480000614189,0.2048548000061419,-20.0,1207.4831540999876,srt
003,19,f,vandy,2,63,visual,nan,,nan,0.359442199987825,0.359442199987825,-20.0,1209.5080119999911,srt
003,19,f,vandy,2,64,visual,nan,,nan,0.32010180001088884,0.32010180001088884,-20.0,1212.095404199994,srt
003,19,f,vandy,2,65,visual,nan,,nan,0.26662780001061037,0.26662780001061037,-20.0,1213.8960877999925,srt
003,19,f,vandy,2,66,audiovisual,nan,,nan,0.253508800000418,0.233508800000418,-20.0,1215.7232404999959,srt
003,19,f,vandy,2,67,audiovisual,nan,,nan,0.2392223000060767,0.2192223000060767,-20.0,1217.4841812999948,srt
003,19,f,vandy,2,68,visual,nan,,nan,0.3860776999936206,0.3860776999936206,-20.0,1220.1117601999867,srt
003,19,f,vandy,2,69,audio,nan,,nan,0.25324190000537783,0.23324190000537784,-20.0,1221.6599122999905,srt
003,19,f,vandy,2,70,visual,nan,,nan,0.30917439999757335,0.30917439999757335,-20.0,1223.952892699992,srt
003,19,f,vandy,2,71,visual,nan,,nan,0.30693649999739137,0.30693649999739137,-20.0,1225.8235819999973,srt
003,19,f,vandy,2,72,audiovisual,nan,,nan,0.25289030000567436,0.23289030000567437,-20.0,1229.0488960999937,srt
003,19,f,vandy,2,73,audio,nan,,nan,0.306341399991652,0.286341399991652,-20.0,1230.7686893999926,srt
003,19,f,vandy,2,74,audio,nan,,nan,,,-20.0,1232.9965101999987,srt
003,19,f,vandy,2,75,audiovisual,nan,,nan,0.5336234999995213,0.5136234999995213,-20.0,1235.5681027999963,srt
003,19,f,vandy,2,76,audiovisual,nan,,nan,0.33396790000551846,0.31396790000551844,-20.0,1239.012205299994,srt
003,19,f,vandy,2,77,audio,nan,,nan,0.37330029999429826,0.35330029999429824,-20.0,1241.3871317999874,srt
003,19,f,vandy,2,78,audiovisual,nan,,nan,0.2936014000006253,0.27360140000062527,-20.0,1242.866767399988,srt
003,19,f,vandy,2,79,visual,nan,,nan,0.3741630000004079,0.3741630000004079,-20.0,1245.4143934999884,srt
003,19,f,vandy,2,80,audiovisual,nan,,nan,0.2531007000070531,0.2331007000070531,-20.0,1247.322703999991,srt
003,19,f,vandy,2,81,audiovisual,nan,,nan,0.28060240000195336,0.26060240000195334,-20.0,1249.0561721999984,srt
003,19,f,vandy,2,82,visual,nan,,nan,0.3349912999983644,0.3349912999983644,-20.0,1250.8703783999954,srt
003,19,f,vandy,2,83,audio,nan,,nan,0.36012070000288077,0.34012070000288075,-20.0,1252.5365662999975,srt
003,19,f,vandy,2,84,audiovisual,nan,,nan,0.23991609999211505,0.21991609999211506,-20.0,1255.7382818999904,srt
003,19,f,vandy,2,85,audio,nan,,nan,0.3328631000040332,0.31286310000403317,-20.0,1258.782746099998,srt
003,19,f,vandy,2,86,audiovisual,nan,,nan,0.26460700000461657,0.24460700000461658,-20.0,1261.7801491999999,srt
003,19,f,vandy,2,87,visual,nan,,nan,0.33442830000421964,0.33442830000421964,-20.0,1263.2877092999988,srt
003,19,f,vandy,2,88,audio,nan,,nan,0.3333202999929199,0.3133202999929199,-20.0,1265.6632283999934,srt
003,19,f,vandy,2,89,audiovisual,nan,,nan,0.24017879999883007,0.22017879999883008,-20.0,1268.8500722999888,srt
003,19,f,vandy,2,90,visual,nan,,nan,0.4135975000099279,0.4135975000099279,-20.0,1271.3172060999932,srt
003,19,f,vandy,2,91,audiovisual,nan,,nan,0.22567720001097769,0.2056772000109777,-20.0,1273.0913831999933,srt
003,19,f,vandy,2,92,visual,nan,,nan,0.2542355000041425,0.2542355000041425,-20.0,1275.0383747999877,srt
003,19,f,vandy,2,93,audiovisual,nan,,nan,0.2803134999994654,0.2603134999994654,-20.0,1277.1857514999865,srt
003,19,f,vandy,2,94,audio,nan,,nan,0.30658070000936277,0.28658070000936275,-20.0,1279.2277995999902,srt
003,19,f,vandy,2,95,audio,nan,,nan,0.34627399999590125,0.32627399999590123,-20.0,1281.294044899987,srt
003,19,f,vandy,2,96,audiovisual,nan,,nan,0.27797569999529514,0.2579756999952951,-20.0,1284.3493428999936,srt
003,19,f,vandy,2,97,audiovisual,nan,,nan,0.27971259999321774,0.2597125999932177,-20.0,1285.8693399999902,srt
003,19,f,vandy,2,98,audio,nan,,nan,0.5467395000014221,0.5267395000014221,-20.0,1289.0300792999915,srt
003,19,f,vandy,2,99,visual,nan,,nan,0.34480589999293443,0.34480589999293443,-20.0,1292.1117546999885,srt
003,19,f,vandy,2,100,visual,nan,,nan,0.3359593000059249,0.3359593000059249,-20.0,1294.8455839999951,srt
003,19,f,vandy,2,101,audiovisual,nan,,nan,0.3199142999947071,0.2999142999947071,-20.0,1298.0627300999913,srt
003,19,f,vandy,2,102,audiovisual,nan,,nan,0.26783520000753924,0.24783520000753925,-20.0,1300.5681135999912,srt
003,19,f,vandy,2,103,audio,nan,,nan,0.2796035000064876,0.2596035000064876,-20.0,1302.823147899995,srt
003,19,f,vandy,2,104,visual,nan,,nan,0.37322140000469517,0.37322140000469517,-20.0,1305.849856099987,srt
003,19,f,vandy,2,105,visual,nan,,nan,0.33220730000175536,0.33220730000175536,-20.0,1308.9576761999924,srt
003,19,f,vandy,2,106,visual,nan,,nan,0.31600730000354815,0.31600730000354815,-20.0,1311.7985082999949,srt
003,19,f,vandy,2,107,audio,nan,,nan,0.4399092999956338,0.41990929999563376,-20.0,1313.1591931000003,srt
003,19,f,vandy,2,108,audiovisual,nan,,nan,0.2554085000010673,0.2354085000010673,-20.0,1314.7725834999874,srt
003,19,f,vandy,2,109,audiovisual,nan,,nan,0.3201907000038773,0.30019070000387726,-20.0,1316.1625679999997,srt
003,19,f,vandy,2,110,visual,nan,,nan,0.3607246000028681,0.3607246000028681,-20.0,1318.2829703999887,srt
003,19,f,vandy,2,111,visual,nan,,nan,0.3730634999956237,0.3730634999956237,-20.0,1320.9227864999993,srt
003,19,f,vandy,2,112,visual,nan,,nan,0.28016950000892393,0.28016950000892393,-20.0,1322.3357417999941,srt
003,19,f,vandy,2,113,audio,nan,,nan,0.41339879999577533,0.3933987999957753,-20.0,1323.936615499988,srt
003,19,f,vandy,2,114,audio,nan,,nan,0.27997139999934006,0.25997139999934005,-20.0,1326.2308691999933,srt
003,19,f,vandy,2,115,audio,nan,,nan,0.3373833000077866,0.3173833000077866,-20.0,1328.4446873999987,srt
003,19,f,vandy,2,116,visual,nan,,nan,0.37337750000006054,0.37337750000006054,-20.0,1331.3829044999875,srt
003,19,f,vandy,2,117,visual,nan,,nan,0.3088490000081947,0.3088490000081947,-20.0,1332.9267166999925,srt
003,19,f,vandy,2,118,visual,nan,,nan,0.32215560000622645,0.32215560000622645,-20.0,1335.1429647999903,srt
003,19,f,vandy,2,119,audiovisual,nan,,nan,0.29321459999482613,0.2732145999948261,-20.0,1337.4230394999904,srt
003,19,f,vandy,2,120,audiovisual,nan,,nan,0.2542304999951739,0.2342304999951739,-20.0,1339.5953507999948,srt
003,19,f,vandy,2,121,audio,nan,,nan,0.3061084000073606,0.2861084000073606,-20.0,1341.6491215999995,srt
003,19,f,vandy,2,122,visual,nan,,nan,0.2927326000062749,0.2927326000062749,-20.0,1343.1032770999882,srt
003,19,f,vandy,2,123,visual,nan,,nan,0.26609869999811053,0.26609869999811053,-20.0,1345.557426399988,srt
003,19,f,vandy,2,124,audio,nan,,nan,0.2403684000018984,0.22036840000189842,-20.0,1347.5713801999955,srt
003,19,f,vandy,2,125,audiovisual,nan,,nan,0.23701499999151565,0.21701499999151566,-20.0,1349.2123320999963,srt
003,19,f,vandy,2,126,audiovisual,nan,,nan,0.26651840000704397,0.24651840000704398,-20.0,1351.3995601999923,srt
003,19,f,vandy,2,127,audio,nan,,nan,0.5066873000032501,0.4866873000032501,-20.0,1354.3741878999863,srt
003,19,f,vandy,2,128,audio,nan,,nan,0.2798856000008527,0.2598856000008527,-20.0,1357.2017726999911,srt
003,19,f,vandy,2,129,audio,nan,,nan,0.2800857999973232,0.2600857999973232,-20.0,1358.5890668999928,srt
003,19,f,vandy,2,130,audio,nan,,nan,0.333500599997933,0.313500599997933,-20.0,1361.1231542999885,srt
003,19,f,vandy,2,131,visual,nan,,nan,0.306063299998641,0.306063299998641,-20.0,1362.8170694,srt
003,19,f,vandy,2,132,audio,nan,,nan,,,-20.0,1364.9913254999992,srt
003,19,f,vandy,2,133,visual,nan,,nan,0.44082129999878816,0.44082129999878816,-20.0,1368.045379999996,srt
003,19,f,vandy,2,134,audiovisual,nan,,nan,0.26875879999715835,0.24875879999715836,-20.0,1370.6627201999945,srt
003,19,f,vandy,2,135,audio,nan,,nan,0.4134293999959482,0.39342939999594817,-20.0,1373.6231667999964,srt
003,19,f,vandy,2,136,visual,nan,,nan,0.3464055999938864,0.3464055999938864,-20.0,1375.8354509999917,srt
003,19,f,vandy,2,137,visual,nan,,nan,0.30669669999042526,0.30669669999042526,-20.0,1378.6227010999864,srt
003,19,f,vandy,2,138,visual,nan,,nan,0.2814401999930851,0.2814401999930851,-20.0,1381.0778229999996,srt
003,19,f,vandy,2,139,visual,nan,,nan,0.2808009000000311,0.2808009000000311,-20.0,1382.813134799988,srt
003,19,f,vandy,2,140,audio,nan,,nan,0.3203654999961145,0.3003654999961145,-20.0,1384.6392363999912,srt
003,19,f,vandy,2,141,visual,nan,,nan,0.29070949999731965,0.29070949999731965,-20.0,1387.6263512000005,srt
003,19,f,vandy,2,142,audio,nan,,nan,0.34612129999732133,0.3261212999973213,-20.0,1389.5332403999928,srt
003,19,f,vandy,2,143,visual,nan,,nan,0.34586750000016764,0.34586750000016764,-20.0,1392.7744710999978,srt
003,19,f,vandy,2,144,audio,nan,,nan,0.41395790000387933,0.3939579000038793,-20.0,1395.7760796999937,srt
003,19,f,vandy,2,145,visual,nan,,nan,0.4133992999995826,0.4133992999995826,-20.0,1398.5513336999866,srt
003,19,f,vandy,2,146,audiovisual,nan,,nan,0.2789921000075992,0.2589921000075992,-20.0,1400.0975315999967,srt
003,19,f,vandy,2,147,audiovisual,nan,,nan,0.2905158999928972,0.27051589999289716,-20.0,1403.3916460999899,srt
003,19,f,vandy,2,148,visual,nan,,nan,0.3051837999955751,0.3051837999955751,-20.0,1405.8729366999905,srt
003,19,f,vandy,2,149,audiovisual,nan,,nan,0.320287599999574,0.300287599999574,-20.0,1407.4485564999923,srt
003,19,f,vandy,2,150,audio,nan,,nan,0.31949100000201724,0.2994910000020172,-20.0,1410.2080709999864,srt
003,19,f,vandy,2,151,audiovisual,nan,,nan,0.320214199993643,0.30021419999364296,-20.0,1413.3698046999925,srt
003,19,f,vandy,2,152,audiovisual,nan,,nan,0.27987430000212044,0.2598743000021204,-20.0,1416.3836133999866,srt
003,19,f,vandy,2,153,audio,nan,,nan,0.2931712999998126,0.2731712999998126,-20.0,1418.7315529999905,srt
003,19,f,vandy,2,154,audiovisual,nan,,nan,0.2939299999998184,0.2739299999998184,-20.0,1421.5982823999948,srt
003,19,f,vandy,2,155,audiovisual,nan,,nan,0.30952749999414664,0.2895274999941466,-20.0,1423.5200939999922,srt
003,19,f,vandy,2,156,visual,nan,,nan,0.318134100001771,0.318134100001771,-20.0,1425.1226566999976,srt
003,19,f,vandy,2,157,audio,nan,,nan,0.26570190000347793,0.24570190000347794,-20.0,1426.4672705999983,srt
003,19,f,vandy,2,158,audiovisual,nan,,nan,0.21287889999803156,0.19287889999803157,-20.0,1428.8943493999977,srt
003,19,f,vandy,2,159,audiovisual,nan,,nan,0.3200368000107119,0.30003680001071187,-20.0,1431.243023499992,srt
003,19,f,vandy,2,160,audio,nan,,nan,0.34588790000998415,0.32588790000998413,-20.0,1432.776120399998,srt
003,19,f,vandy,2,161,audiovisual,nan,,nan,0.2933288000058383,0.27332880000583826,-20.0,1434.2829072999884,srt
003,19,f,vandy,2,162,visual,nan,,nan,0.30593479999515694,0.30593479999515694,-20.0,1437.0059133999894,srt
003,19,f,vandy,2,163,audio,nan,,nan,0.37327539999387227,0.35327539999387225,-20.0,1439.4990664999932,srt
003,19,f,vandy,2,164,visual,nan,,nan,0.3046903999929782,0.3046903999929782,-20.0,1441.3258677999984,srt
003,19,f,vandy,2,165,audio,nan,,nan,0.4937651999935042,0.4737651999935042,-20.0,1443.726891399987,srt
003,19,f,vandy,2,166,audio,nan,,nan,0.33289209999202285,0.31289209999202283,-20.0,1446.2497877999995,srt
003,19,f,vandy,2,167,visual,nan,,nan,0.4668571000074735,0.4668571000074735,-20.0,1448.6215876999922,srt
003,19,f,vandy,2,168,audiovisual,nan,,nan,0.2798802000033902,0.2598802000033902,-20.0,1450.796609699988,srt
003,19,f,vandy,2,169,audiovisual,nan,,nan,0.31920340000942815,0.29920340000942813,-20.0,1453.3836931999977,srt
003,19,f,vandy,2,170,audio,nan,,nan,0.29292269999859855,0.27292269999859853,-20.0,1454.8645677999884,srt
003,19,f,vandy,2,171,audiovisual,nan,,nan,0.2802151999931084,0.2602151999931084,-20.0,1457.5183682999923,srt
003,19,f,vandy,2,172,visual,nan,,nan,0.3307139999960782,0.3307139999960782,-20.0,1459.572448699997,srt
003,19,f,vandy,2,173,audio,nan,,nan,0.28013539999665227,0.26013539999665225,-20.0,1461.4534877999977,srt
003,19,f,vandy,2,174,audio,nan,,nan,0.27820929999870714,0.2582092999987071,-20.0,1462.9624899999908,srt
003,19,f,vandy,2,175,audio,nan,,nan,0.3473415000044042,0.3273415000044042,-20.0,1464.601123299988,srt
003,19,f,vandy,2,176,audio,nan,,nan,0.3195072000089567,0.2995072000089567,-20.0,1467.3228316999885,srt
003,19,f,vandy,2,177,audio,nan,,nan,0.36009590000321623,0.3400959000032162,-20.0,1469.9628689999954,srt
003,19,f,vandy,2,178,audio,nan,,nan,0.332983600004809,0.31298360000480896,-20.0,1473.0706931999885,srt
003,19,f,vandy,2,179,audiovisual,nan,,nan,0.3199028999952134,0.29990289999521336,-20.0,1474.5516774999996,srt
003,19,f,vandy,2,180,audiovisual,nan,,nan,0.2428857000049902,0.22288570000499022,-20.0,1477.5654016999906,srt
003,19,f,vandy,2,181,visual,nan,,nan,0.30477699999755714,0.30477699999755714,-20.0,1480.2228977999912,srt
003,19,f,vandy,2,182,audio,nan,,nan,0.25389259999792557,0.23389259999792558,-20.0,1482.1274699999922,srt
003,19,f,vandy,2,183,audio,nan,,nan,0.29340600001160055,0.27340600001160054,-20.0,1484.2225480999914,srt
003,19,f,vandy,2,184,visual,nan,,nan,0.3074778000009246,0.3074778000009246,-20.0,1486.2229697999865,srt
003,19,f,vandy,2,185,audio,nan,,nan,,,-20.0,1489.4649476999912,srt
003,19,f,vandy,2,186,visual,nan,,nan,,,-20.0,1492.584338799992,srt
003,19,f,vandy,2,187,audiovisual,nan,,nan,0.41251009999541566,0.39251009999541564,-20.0,1497.4820556999912,srt
003,19,f,vandy,2,188,visual,nan,,nan,0.40037620000657625,0.40037620000657625,-20.0,1500.8007198999985,srt
003,19,f,vandy,2,189,audiovisual,nan,,nan,0.25340140001208056,0.23340140001208057,-20.0,1503.309762799996,srt
003,19,f,vandy,2,190,audio,nan,,nan,0.28010500001255423,0.2601050000125542,-20.0,1505.1367505999951,srt
003,19,f,vandy,2,191,audio,nan,,nan,0.2533337000058964,0.2333337000058964,-20.0,1506.8698682999966,srt
003,19,f,vandy,2,192,audiovisual,nan,,nan,0.22668049999629147,0.20668049999629148,-20.0,1508.4039073999884,srt
003,19,f,vandy,2,193,audio,nan,,nan,0.2267932000104338,0.2067932000104338,-20.0,1510.4174567999871,srt
003,19,f,vandy,2,194,visual,nan,,nan,0.3901713999948697,0.3901713999948697,-20.0,1512.6850245999958,srt
003,19,f,vandy,2,195,visual,nan,,nan,0.29329230000439566,0.29329230000439566,-20.0,1514.382579099998,srt
003,19,f,vandy,2,196,audiovisual,nan,,nan,0.23773419999633916,0.21773419999633917,-20.0,1517.1270361999923,srt
003,19,f,vandy,2,197,visual,nan,,nan,0.318560300001991,0.318560300001991,-20.0,1519.3674197999935,srt
003,19,f,vandy,2,198,audio,nan,,nan,0.32005860000208486,0.30005860000208484,-20.0,1520.9548109999887,srt
003,19,f,vandy,2,199,audiovisual,nan,,nan,0.2800546999933431,0.2600546999933431,-20.0,1524.0096175999934,srt
003,19,f,vandy,2,200,audiovisual,nan,,nan,0.3468968999950448,0.3268968999950448,-20.0,1526.3834590999904,srt
003,19,f,vandy,2,201,audio,nan,,nan,0.35592719999840483,0.3359271999984048,-20.0,1527.9045401999902,srt
003,19,f,vandy,2,202,audiovisual,nan,,nan,0.2405428999918513,0.2205428999918513,-20.0,1530.7198209999915,srt
003,19,f,vandy,2,203,audiovisual,nan,,nan,0.26889210000808816,0.24889210000808817,-20.0,1533.9062749000004,srt
003,19,f,vandy,2,204,visual,nan,,nan,0.2936390999966534,0.2936390999966534,-20.0,1535.964073799987,srt
003,19,f,vandy,2,205,visual,nan,,nan,0.2666479000035906,0.2666479000035906,-20.0,1538.4945685999992,srt
003,19,f,vandy,2,206,audiovisual,nan,,nan,0.21366920000582468,0.1936692000058247,-20.0,1540.4954969999962,srt
003,19,f,vandy,2,207,audio,nan,,nan,0.29326010000659153,0.2732601000065915,-20.0,1543.1900125999964,srt
003,19,f,vandy,2,208,audiovisual,nan,,nan,0.27998539998952765,0.25998539998952763,-20.0,1545.5111913,srt
003,19,f,vandy,2,209,audiovisual,nan,,nan,,,-20.0,1547.1111638000002,srt
003,19,f,vandy,2,210,visual,nan,,nan,,,-20.0,1550.872092199992,srt
003,19,f,vandy,2,211,audiovisual,nan,,nan,,,-20.0,1553.6075975999993,srt
003,19,f,vandy,2,212,audio,nan,,nan,,,-20.0,1556.5305164999882,srt
003,19,f,vandy,2,213,visual,nan,,nan,,,-20.0,1558.5818466999917,srt
003,19,f,vandy,2,214,audiovisual,nan,,nan,0.5464311000105226,0.5264311000105226,-20.0,1559.9554591999913,srt
003,19,f,vandy,2,215,audio,nan,,nan,0.4805588000017451,0.4605588000017451,-20.0,1562.6773688999965,srt
003,19,f,vandy,2,216,audiovisual,nan,,nan,0.4636651000037091,0.44366510000370907,-20.0,1564.2655226999923,srt
003,19,f,vandy,2,217,audiovisual,nan,,nan,0.5473252999945544,0.5273252999945544,-20.0,1567.6257641999982,srt
003,19,f,vandy,2,218,visual,nan,,nan,1.4670072000008076,1.4670072000008076,-20.0,1569.7859495999874,srt
003,19,f,vandy,2,219,visual,nan,,nan,0.3725875000091037,0.3725875000091037,-20.0,1573.173922499991,srt
003,19,f,vandy,2,220,visual,nan,,nan,0.320308100010152,0.320308100010152,-20.0,1576.2948704999872,srt
003,19,f,vandy,2,221,visual,nan,,nan,0.3472328999923775,0.3472328999923775,-20.0,1578.3634698999958,srt
003,19,f,vandy,2,222,audiovisual,nan,,nan,0.22629150000284426,0.20629150000284427,-20.0,1580.6314779999957,srt
003,19,f,vandy,2,223,audio,nan,,nan,0.30652939999708906,0.28652939999708904,-20.0,1583.1240831999894,srt
003,19,f,vandy,2,224,audio,nan,,nan,0.3329384999960894,0.31293849999608936,-20.0,1586.3121251999983,srt
003,19,f,vandy,2,225,audiovisual,nan,,nan,0.30612040001142304,0.286120400011423,-20.0,1588.8862654999975,srt
003,19,f,vandy,2,226,audiovisual,nan,,nan,0.25270799999998417,0.23270799999998418,-20.0,1590.6868302999937,srt
003,19,f,vandy,2,227,audio,nan,,nan,0.22631749999709427,0.20631749999709428,-20.0,1593.2076858999935,srt
003,19,f,vandy,2,228,audio,nan,,nan,0.25457550000282936,0.23457550000282937,-20.0,1595.03559829999,srt
003,19,f,vandy,2,229,audio,nan,,nan,0.22776530000555795,0.20776530000555796,-20.0,1597.4492717999965,srt
003,19,f,vandy,2,230,audiovisual,nan,,nan,0.3600641000084579,0.3400641000084579,-20.0,1599.1313893999904,srt
003,19,f,vandy,2,231,visual,nan,,nan,0.950528100001975,0.950528100001975,-20.0,1600.545743099996,srt
003,19,f,vandy,2,232,audiovisual,nan,,nan,0.31947809999110177,0.29947809999110175,-20.0,1604.2820135999937,srt
003,19,f,vandy,2,233,audio,nan,,nan,0.4001577000017278,0.38015770000172777,-20.0,1605.7057534999913,srt
003,19,f,vandy,2,234,audio,nan,,nan,0.30846159999782685,0.28846159999782683,-20.0,1607.3224323999893,srt
003,19,f,vandy,2,235,audiovisual,nan,,nan,0.29231289999734145,0.27231289999734143,-20.0,1609.9630567999993,srt
003,19,f,vandy,2,236,visual,nan,,nan,0.37319689999276306,0.37319689999276306,-20.0,1612.108322199987,srt
003,19,f,vandy,2,237,visual,nan,,nan,0.34703609999269247,0.34703609999269247,-20.0,1614.1753365999903,srt
003,19,f,vandy,2,238,audiovisual,nan,,nan,0.2537284999998519,0.23372849999985193,-20.0,1617.5102744999895,srt
003,19,f,vandy,2,239,audiovisual,nan,,nan,0.30660830000124406,0.28660830000124404,-20.0,1619.858051599993,srt
003,19,f,vandy,2,240,audiovisual,nan,,nan,0.36017709999578074,0.3401770999957807,-20.0,1623.1121663999947,srt
003,19,f,vandy,2,241,audio,nan,,nan,0.22658240000600927,0.20658240000600928,-20.0,1625.382085499994,srt
003,19,f,vandy,2,242,audiovisual,nan,,nan,0.3205348000046797,0.3005348000046797,-20.0,1627.7005729999946,srt
003,19,f,vandy,2,243,audio,nan,,nan,0.22510179999517277,0.20510179999517278,-20.0,1629.4346824999957,srt
003,19,f,vandy,2,244,audio,nan,,nan,0.26594480000494514,0.24594480000494515,-20.0,1632.0362076999882,srt
003,19,f,vandy,2,245,audiovisual,nan,,nan,0.3073151999997208,0.28731519999972077,-20.0,1633.8503174999933,srt
003,19,f,vandy,2,246,audio,nan,,nan,0.4398576999956276,0.4198576999956276,-20.0,1636.7578412999865,srt
003,19,f,vandy,2,247,audiovisual,nan,,nan,0.22335200000088662,0.20335200000088663,-20.0,1638.9049916999938,srt
003,19,f,vandy,2,248,audiovisual,nan,,nan,0.21200250000401866,0.19200250000401867,-20.0,1641.705292899991,srt
003,19,f,vandy,2,249,audiovisual,nan,,nan,0.24124469999514986,0.22124469999514987,-20.0,1644.9345534999884,srt
003,19,f,vandy,2,250,audiovisual,nan,,nan,0.22688990000460763,0.20688990000460764,-20.0,1647.8824268999888,srt
003,19,f,vandy,2,251,visual,nan,,nan,0.2929468999936944,0.2929468999936944,-20.0,1650.8289353999862,srt
003,19,f,vandy,2,252,audiovisual,nan,,nan,0.2135227999970084,0.19352279999700842,-20.0,1653.6836904999946,srt
003,19,f,vandy,2,253,audio,nan,,nan,0.466132400004426,0.446132400004426,-20.0,1655.9512420999963,srt
003,19,f,vandy,2,254,audio,nan,,nan,0.2895529999950668,0.26955299999506677,-20.0,1658.0319830999942,srt
003,19,f,vandy,2,255,audio,nan,,nan,0.35981140000512823,0.3398114000051282,-20.0,1659.9122187999892,srt
003,19,f,vandy,2,256,audio,nan,,nan,0.29149380000308156,0.27149380000308154,-20.0,1662.2339137999952,srt
003,19,f,vandy,2,257,visual,nan,,nan,0.33344709999801125,0.33344709999801125,-20.0,1664.3137679999927,srt
003,19,f,vandy,2,258,visual,nan,,nan,0.3613327000057325,0.3613327000057325,-20.0,1667.582042599999,srt
003,19,f,vandy,2,259,visual,nan,,nan,0.32016859999566805,0.32016859999566805,-20.0,1670.3051555999991,srt
003,19,f,vandy,2,260,visual,nan,,nan,0.3866794000059599,0.3866794000059599,-20.0,1673.4239443999977,srt
003,19,f,vandy,2,261,audio,nan,,nan,0.30961359999491833,0.2896135999949183,-20.0,1675.9579010999878,srt
003,19,f,vandy,2,262,audiovisual,nan,,nan,0.30521439999574795,0.28521439999574794,-20.0,1678.7221147999953,srt
003,19,f,vandy,2,263,audiovisual,nan,,nan,0.18683569999120664,0.16683569999120665,-20.0,1680.6530229999917,srt
003,19,f,vandy,2,264,audio,nan,,nan,0.3071903999953065,0.2871903999953065,-20.0,1683.0543917999894,srt
003,19,f,vandy,2,265,audiovisual,nan,,nan,0.20586200000252575,0.18586200000252576,-20.0,1684.442504999999,srt
003,19,f,vandy,2,266,visual,nan,,nan,0.26647309999680147,0.26647309999680147,-20.0,1686.8289780999912,srt
003,19,f,vandy,2,267,audiovisual,nan,,nan,,,-20.0,1688.7760429999908,srt
003,19,f,vandy,2,268,visual,nan,,nan,0.3467464999994263,0.3467464999994263,-20.0,1691.0745624999981,srt
003,19,f,vandy,2,269,audio,nan,,nan,0.2957387999922503,0.27573879999225026,-20.0,1694.1116017999884,srt
003,19,f,vandy,2,270,visual,nan,,nan,0.32119060000695754,0.32119060000695754,-20.0,1697.4220066999987,srt
003,19,f,vandy,2,271,audiovisual,nan,,nan,0.24004109999805223,0.22004109999805224,-20.0,1699.6478452999872,srt
003,19,f,vandy,2,272,audiovisual,nan,,nan,0.28017389999877196,0.26017389999877194,-20.0,1701.71442389999,srt
003,19,f,vandy,2,273,audio,nan,,nan,0.3327397999964887,0.3127397999964887,-20.0,1703.6750672999915,srt
003,19,f,vandy,2,274,audio,nan,,nan,0.24223829999391455,0.22223829999391456,-20.0,1705.3693118999945,srt
003,19,f,vandy,2,275,audio,nan,,nan,0.3858790999947814,0.3658790999947814,-20.0,1708.0788403999904,srt
003,19,f,vandy,2,276,audio,nan,,nan,0.27004210000450257,0.25004210000450255,-20.0,1710.903879599995,srt
003,19,f,vandy,2,277,audio,nan,,nan,0.2968350000010105,0.27683500000101047,-20.0,1714.1223458999884,srt
003,19,f,vandy,2,278,visual,nan,,nan,0.321156100006192,0.321156100006192,-20.0,1715.9629152999987,srt
003,19,f,vandy,2,279,audio,nan,,nan,0.2669339999993099,0.2469339999993099,-20.0,1718.682078599988,srt
003,19,f,vandy,2,280,audiovisual,nan,,nan,0.23989399999845773,0.21989399999845774,-20.0,1720.0552070999984,srt
003,19,f,vandy,2,281,audio,nan,,nan,0.30675740000151563,0.2867574000015156,-20.0,1723.017619499995,srt
003,19,f,vandy,2,282,visual,nan,,nan,0.29323710000608116,0.29323710000608116,-20.0,1726.0697534999927,srt
003,19,f,vandy,2,283,audio,nan,,nan,0.2928451000043424,0.27284510000434237,-20.0,1728.2846695999906,srt
003,19,f,vandy,2,284,visual,nan,,nan,0.31945850000192877,0.31945850000192877,-20.0,1730.8850763999944,srt
003,19,f,vandy,2,285,visual,nan,,nan,0.30644939999911003,0.30644939999911003,-20.0,1732.8854728999868,srt
003,19,f,vandy,2,286,visual,nan,,nan,0.34865880000870675,0.34865880000870675,-20.0,1734.3126798999874,srt
003,19,f,vandy,2,287,audiovisual,nan,,nan,0.24112150000291876,0.22112150000291877,-20.0,1735.8226039999863,srt
003,19,f,vandy,2,288,visual,nan,,nan,0.37360579999221954,0.37360579999221954,-20.0,1738.462267099996,srt
003,19,f,vandy,2,289,visual,nan,,nan,0.26659689999360126,0.26659689999360126,-20.0,1739.8620705999929,srt
003,19,f,vandy,2,290,audio,nan,,nan,0.2796641000022646,0.2596641000022646,-20.0,1741.6362362999935,srt
003,19,f,vandy,2,291,audio,nan,,nan,,,-20.0,1743.4226924999966,srt
003,19,f,vandy,2,292,audio,nan,,nan,0.4839595000084955,0.4639595000084955,-20.0,1746.0920138999936,srt
003,19,f,vandy,2,293,visual,nan,,nan,0.36327289999462664,0.36327289999462664,-20.0,1748.681788899994,srt
003,19,f,vandy,2,294,visual,nan,,nan,0.3350197000108892,0.3350197000108892,-20.0,1751.2829777000006,srt
003,19,f,vandy,2,295,audiovisual,nan,,nan,0.2922141000017291,0.2722141000017291,-20.0,1753.6429217999976,srt
003,19,f,vandy,2,296,visual,nan,,nan,0.3339103000034811,0.3339103000034811,-20.0,1755.5738843999861,srt
003,19,f,vandy,2,297,audiovisual,nan,,nan,0.2803503999894019,0.2603503999894019,-20.0,1757.5086687999865,srt
003,19,f,vandy,2,298,visual,nan,,nan,0.33315789999323897,0.33315789999323897,-20.0,1760.3622399999877,srt
003,19,f,vandy,2,299,visual,nan,,nan,0.3332328999968013,0.3332328999968013,-20.0,1763.6566661999968,srt
003,19,f,vandy,2,300,audiovisual,nan,,nan,0.28027440000732895,0.26027440000732893,-20.0,1765.897735999999,srt
003,19,f,vandy,3,1,audiovisual,0,,1,9.936472900008084,9.916472900008085,-20.0,1829.6911030999909,toj
003,19,f,vandy,3,2,audiovisual,-300,,2,2.013514699996449,1.993514699996449,-20.0,1840.9227410999883,toj
003,19,f,vandy,3,3,audiovisual,-200,,1,0.45398950000526384,0.4339895000052638,-20.0,1844.1104862999928,toj
003,19,f,vandy,3,4,audiovisual,200,,1,0.5062375999987125,0.4862375999987125,-20.0,1846.0051976999966,toj
003,19,f,vandy,3,5,audiovisual,0,,2,1.5741620999906445,1.5541620999906445,-20.0,1847.6582531999884,toj
003,19,f,vandy,3,6,audiovisual,250,,2,0.5354073999915272,0.5154073999915272,-20.0,1851.0331265999994,toj
003,19,f,vandy,3,7,audiovisual,-150,,1,1.3337704000005033,1.3137704000005033,-20.0,1852.9668162999878,toj
003,19,f,vandy,3,8,audiovisual,300,,2,-1.3821459999890067,-1.4021459999890067,-20.0,1855.5014322999923,toj
003,19,f,vandy,3,9,audiovisual,50,,1,-1.1249294000008376,-1.1449294000008376,-20.0,1857.287930599996,toj
003,19,f,vandy,3,10,audiovisual,0,,1,-0.27584650000790134,-0.29584650000790136,-20.0,1859.0089286999864,toj
003,19,f,vandy,3,11,audiovisual,250,,2,-0.15622660001099575,-0.17622660001099574,-20.0,1860.1792862999864,toj
003,19,f,vandy,3,12,audiovisual,-300,,1,0.2010867000062717,0.18108670000627172,-20.0,1862.0270762999862,toj
003,19,f,vandy,3,13,audiovisual,300,,1,1.3874228000058793,1.3674228000058792,-20.0,1863.6906376999978,toj
003,19,f,vandy,3,14,audiovisual,-200,,1,1.1205353999976069,1.1005353999976069,-20.0,1866.7192267999926,toj
003,19,f,vandy,3,15,audiovisual,300,,2,1.080408300011186,1.060408300011186,-20.0,1869.1065708999959,toj
003,19,f,vandy,3,16,audiovisual,150,,1,1.3737055000092369,1.3537055000092368,-20.0,1871.3872611999977,toj
003,19,f,vandy,3,17,audiovisual,-100,,1,2.070411399996374,2.050411399996374,-20.0,1874.4680912999902,toj
003,19,f,vandy,3,18,audiovisual,300,,2,0.7094921999960206,0.6894921999960206,-20.0,1878.179226799999,toj
003,19,f,vandy,3,19,audiovisual,-250,,1,1.3340232000045944,1.3140232000045944,-20.0,1879.9794032999926,toj
003,19,f,vandy,3,20,audiovisual,200,,2,0.4924518000043463,0.4724518000043463,-20.0,1882.9247161999956,toj
003,19,f,vandy,3,21,audiovisual,200,,1,0.42706479999469593,0.4070647999946959,-20.0,1884.9394424999919,toj
003,19,f,vandy,3,22,audiovisual,0,,1,0.5199974999995902,0.4999974999995902,-20.0,1886.4863266999891,toj
003,19,f,vandy,3,23,audiovisual,200,,1,1.0144583999936003,0.9944583999936003,-20.0,1888.0999856999988,toj
003,19,f,vandy,3,24,audiovisual,250,,1,0.7473556999902939,0.7273556999902939,-20.0,1890.8474019999994,toj
003,19,f,vandy,3,25,audiovisual,0,,1,0.6168439000030048,0.5968439000030048,-20.0,1892.9953955999954,toj
003,19,f,vandy,3,26,audiovisual,-150,,1,0.7329042999917874,0.7129042999917874,-20.0,1894.9594663999887,toj
003,19,f,vandy,3,27,audiovisual,-150,,1,0.6553698999923654,0.6353698999923654,-20.0,1897.1834421999956,toj
003,19,f,vandy,3,28,audiovisual,50,,1,0.492716399996425,0.472716399996425,-20.0,1899.3593132999958,toj
003,19,f,vandy,3,29,audiovisual,-250,,2,0.5463943000067957,0.5263943000067957,-20.0,1900.9979049999965,toj
003,19,f,vandy,3,30,audiovisual,-150,,1,0.5196295999921858,0.4996295999921858,-20.0,1903.2124046999961,toj
003,19,f,vandy,3,31,audiovisual,-200,,1,1.2530951000080677,1.2330951000080677,-20.0,1904.9061693999975,toj
003,19,f,vandy,3,32,audiovisual,-200,,1,1.3468923000036739,1.3268923000036739,-20.0,1907.7205016999942,toj
003,19,f,vandy,3,33,audiovisual,-100,,1,0.7361783000087598,0.7161783000087598,-20.0,1910.8014544999896,toj
003,19,f,vandy,3,34,audiovisual,150,,1,0.67996540000604,0.65996540000604,-20.0,1913.2191409999941,toj
003,19,f,vandy,3,35,audiovisual,-100,,1,1.733519300003536,1.713519300003536,-20.0,1915.1389490999863,toj
003,19,f,vandy,3,36,audiovisual,0,,2,0.6802594999899156,0.6602594999899156,-20.0,1918.604206899996,toj
003,19,f,vandy,3,37,audiovisual,-300,,1,1.3733640999998897,1.3533640999998897,-20.0,1920.9117056999967,toj
003,19,f,vandy,3,38,audiovisual,50,,1,0.6805537000036566,0.6605537000036565,-20.0,1923.3796527999948,toj
003,19,f,vandy,3,39,audiovisual,-50,,1,6.643660999994609,6.623660999994609,-20.0,1925.5801797999884,toj
003,19,f,vandy,3,40,audiovisual,-300,,1,1.2404110000061337,1.2204110000061337,-20.0,1933.9831777999934,toj
003,19,f,vandy,3,41,audiovisual,-250,,1,0.8928331000061007,0.8728331000061007,-20.0,1936.9043823999964,toj
003,19,f,vandy,3,42,audiovisual,0,,2,1.4939188999996986,1.4739188999996986,-20.0,1939.211821799996,toj
003,19,f,vandy,3,43,audiovisual,-200,,1,0.8540121999976691,0.8340121999976691,-20.0,1941.7995569999912,toj
003,19,f,vandy,3,44,audiovisual,150,,2,0.5059400999889476,0.4859400999889476,-20.0,1943.8137451999937,toj
003,19,f,vandy,3,45,audiovisual,250,,2,0.5588610999984667,0.5388610999984667,-20.0,1945.907675999988,toj
003,19,f,vandy,3,46,audiovisual,200,,2,0.6301814000034938,0.6101814000034937,-20.0,1948.0550858999923,toj
003,19,f,vandy,3,47,audiovisual,-300,,1,0.6002740999974776,0.5802740999974776,-20.0,1949.9391270999913,toj
003,19,f,vandy,3,48,audiovisual,0,,1,1.588837400006014,1.568837400006014,-20.0,1951.6698684999865,toj
003,19,f,vandy,3,49,audiovisual,0,,1,0.6928741000010632,0.6728741000010632,-20.0,1954.939397899987,toj
003,19,f,vandy,3,50,audiovisual,-300,,1,1.150425699990592,1.130425699990592,-20.0,1956.8984555999923,toj
003,19,f,vandy,3,51,audiovisual,-50,,2,0.6398780999879818,0.6198780999879818,-20.0,1959.8361565999949,toj
003,19,f,vandy,3,52,audiovisual,0,,2,0.7329128999990644,0.7129128999990644,-20.0,1961.900002999988,toj
003,19,f,vandy,3,53,audiovisual,50,,2,1.9697476000001188,1.9497476000001188,-20.0,1964.1140585999965,toj
003,19,f,vandy,3,54,audiovisual,150,,1,3.9614569999976084,3.9414569999976083,-20.0,1967.2886746000004,toj
003,19,f,vandy,3,55,audiovisual,-200,,2,2.641180299993721,2.621180299993721,-20.0,1972.8507663999917,toj
003,19,f,vandy,3,56,audiovisual,100,,1,2.574148800005787,2.554148800005787,-20.0,1977.145810499991,toj
003,19,f,vandy,3,57,audiovisual,-100,,1,1.026523199994699,1.006523199994699,-20.0,1981.4538966999971,toj
003,19,f,vandy,3,58,audiovisual,100,,1,0.5203536999906646,0.5003536999906646,-20.0,1983.5478441999876,toj
003,19,f,vandy,3,59,audiovisual,300,,2,1.2800422000000253,1.2600422000000253,-20.0,1985.4421488999942,toj
003,19,f,vandy,3,60,audiovisual,-100,,1,0.786547800002154,0.766547800002154,-20.0,1987.7628521000006,toj
003,19,f,vandy,3,61,audiovisual,-150,,1,0.9344799999962561,0.9144799999962561,-20.0,1989.6033516999887,toj
003,19,f,vandy,3,62,audiovisual,50,,1,0.4265599999926053,0.4065599999926053,-20.0,1992.2191220999957,toj
003,19,f,vandy,3,63,audiovisual,100,,1,0.6000908999994863,0.5800908999994863,-20.0,1993.7651384999917,toj
003,19,f,vandy,3,64,audiovisual,-150,,1,0.7594532999937655,0.7394532999937655,-20.0,1996.033147299997,toj
003,19,f,vandy,3,65,audiovisual,200,,1,0.5744544999906793,0.5544544999906793,-20.0,1998.3532171999977,toj
003,19,f,vandy,3,66,audiovisual,-300,,1,2.519868100003805,2.499868100003805,-20.0,2000.755982399991,toj
003,19,f,vandy,3,67,audiovisual,-250,,2,2.6017233000020497,2.5817233000020496,-20.0,2004.879098099991,toj
003,19,f,vandy,3,68,audiovisual,-100,,1,0.6265105000056792,0.6065105000056792,-20.0,2008.7712243999995,toj
003,19,f,vandy,3,69,audiovisual,50,,1,0.5866533999942476,0.5666533999942476,-20.0,2011.1311809999897,toj
003,19,f,vandy,3,70,audiovisual,250,,2,1.0805776999914087,1.0605776999914087,-20.0,2013.0921199000004,toj
003,19,f,vandy,3,71,audiovisual,300,,1,2.013698100010515,1.9936981000105152,-20.0,2015.4265203999967,toj
003,19,f,vandy,3,72,audiovisual,100,,1,0.6808899999887217,0.6608899999887217,-20.0,2019.0676048999885,toj
003,19,f,vandy,3,73,audiovisual,-150,,1,1.0163916000019526,0.9963916000019526,-20.0,2021.418877499993,toj
003,19,f,vandy,3,74,audiovisual,-250,,1,2.5210753999999724,2.5010753999999724,-20.0,2024.0590104999865,toj
003,19,f,vandy,3,75,audiovisual,300,,2,0.6410049999976764,0.6210049999976763,-20.0,2027.6845649999887,toj
003,19,f,vandy,3,76,audiovisual,200,,1,0.7330477999930736,0.7130477999930735,-20.0,2029.5389399999985,toj
003,19,f,vandy,3,77,audiovisual,200,,2,0.5329323000041768,0.5129323000041768,-20.0,2031.965936099994,toj
003,19,f,vandy,3,78,audiovisual,-300,,1,1.9606073000031756,1.9406073000031756,-20.0,2034.313219299991,toj
003,19,f,vandy,3,79,audiovisual,250,,1,3.814575299998978,3.794575299998978,-20.0,2037.4476233999885,toj
003,19,f,vandy,3,80,audiovisual,-200,,1,0.775364900007844,0.755364900007844,-20.0,2042.9294203999889,toj
003,19,f,vandy,3,81,audiovisual,-200,,1,1.5063119999977062,1.4863119999977061,-20.0,2045.0791371999949,toj
003,19,f,vandy,3,82,audiovisual,0,,2,0.8803915999887977,0.8603915999887977,-20.0,2048.2250443999947,toj
003,19,f,vandy,3,83,audiovisual,-300,,1,0.826765499994508,0.806765499994508,-20.0,2050.7994169999874,toj
003,19,f,vandy,3,84,audiovisual,-50,,2,0.8933276000025216,0.8733276000025216,-20.0,2052.986700399997,toj
003,19,f,vandy,3,85,audiovisual,-200,,1,1.5876994999998715,1.5676994999998715,-20.0,2055.21392129999,toj
003,19,f,vandy,3,86,audiovisual,-50,,2,2.0003964999923483,1.9803964999923482,-20.0,2057.8949686999986,toj
003,19,f,vandy,3,87,audiovisual,-200,,1,0.8551246999995783,0.8351246999995783,-20.0,2060.949432399997,toj
003,19,f,vandy,3,88,audiovisual,-250,,1,1.7467563999962294,1.7267563999962294,-20.0,2063.1792898999993,toj
003,19,f,vandy,3,89,audiovisual,100,,1,0.7869918000069447,0.7669918000069447,-20.0,2066.0983038999984,toj
003,19,f,vandy,3,90,audiovisual,-100,,1,0.44016040000133216,0.42016040000133215,-20.0,2068.445768599995,toj
003,19,f,vandy,3,91,audiovisual,100,,2,1.1860732000059215,1.1660732000059215,-20.0,2070.4197660999926,toj
003,19,f,vandy,3,92,audiovisual,50,,1,0.7605751000082819,0.7405751000082819,-20.0,2073.367398699993,toj
003,19,f,vandy,3,93,audiovisual,300,,2,0.516953199999989,0.496953199999989,-20.0,2075.421830499996,toj
003,19,f,vandy,3,94,audiovisual,-200,,1,0.6670046000072034,0.6470046000072034,-20.0,2077.5559466999985,toj
003,19,f,vandy,3,95,audiovisual,-300,,1,0.8269864000030793,0.8069864000030793,-20.0,2079.2896704999876,toj
003,19,f,vandy,3,96,audiovisual,-250,,1,0.7329796999983955,0.7129796999983955,-20.0,2081.450520399987,toj
003,19,f,vandy,3,97,audiovisual,-50,,1,0.5866954000084661,0.5666954000084661,-20.0,2083.411323799999,toj
003,19,f,vandy,3,98,audiovisual,-200,,2,1.2397728999931132,1.2197728999931132,-20.0,2085.4788100999867,toj
003,19,f,vandy,3,99,audiovisual,250,,1,0.5867566000088118,0.5667566000088118,-20.0,2088.1727530999924,toj
003,19,f,vandy,3,100,audiovisual,250,,1,0.5288342999992892,0.5088342999992892,-20.0,2090.227597499994,toj
003,19,f,vandy,3,101,audiovisual,-150,,1,2.5305497999943327,2.5105497999943327,-20.0,2091.907454999993,toj
003,19,f,vandy,3,102,audiovisual,0,,1,0.8662159999948926,0.8462159999948926,-20.0,2096.1891322999873,toj
003,19,f,vandy,3,103,audiovisual,-300,,2,2.054680900007952,2.034680900007952,-20.0,2098.883719099991,toj
003,19,f,vandy,3,104,audiovisual,250,,2,1.3739599999971688,1.3539599999971688,-20.0,2102.418756199986,toj
003,19,f,vandy,3,105,audiovisual,-250,,1,2.4004314000048907,2.3804314000048907,-20.0,2105.326289299992,toj
003,19,f,vandy,3,106,audiovisual,-50,,2,1.3070131999993464,1.2870131999993464,-20.0,2109.5006065999914,toj
003,19,f,vandy,3,107,audiovisual,250,,2,1.4916312999994261,1.471631299999426,-20.0,2111.848022799997,toj
003,19,f,vandy,3,108,audiovisual,100,,1,0.760193000009167,0.740193000009167,-20.0,2114.7821581999888,toj
003,19,f,vandy,3,109,audiovisual,0,,1,0.7751334000058705,0.7551334000058705,-20.0,2117.303764299999,toj
003,19,f,vandy,3,110,audiovisual,-100,,1,0.9079449999990175,0.8879449999990174,-20.0,2119.4393207999965,toj
003,19,f,vandy,3,111,audiovisual,-150,,2,0.7998437000060221,0.7798437000060221,-20.0,2122.0786133999936,toj
003,19,f,vandy,3,112,audiovisual,-100,,1,0.7065625999966869,0.6865625999966869,-20.0,2124.1063530999963,toj
003,19,f,vandy,3,113,audiovisual,-100,,1,0.7998262000037357,0.7798262000037357,-20.0,2126.2267546999938,toj
003,19,f,vandy,3,114,audiovisual,-50,,1,0.6129137000098126,0.5929137000098126,-20.0,2128.1874264999933,toj
003,19,f,vandy,3,115,audiovisual,-50,,2,0.6155231000011554,0.5955231000011554,-20.0,2129.8950012999994,toj
003,19,f,vandy,3,116,audiovisual,-250,,1,0.7890792999969563,0.7690792999969562,-20.0,2132.058818599995,toj
003,19,f,vandy,3,117,audiovisual,300,,1,0.5600434999942081,0.5400434999942081,-20.0,2134.538683999999,toj
003,19,f,vandy,3,118,audiovisual,-50,,1,0.36040720000164583,0.3404072000016458,-20.0,2136.2839636999997,toj
003,19,f,vandy,3,119,audiovisual,-250,,1,0.3863349000021117,0.36633490000211166,-20.0,2138.138842699991,toj
003,19,f,vandy,3,120,audiovisual,0,,1,0.319847499995376,0.29984749999537597,-20.0,2140.018575299997,toj
003,19,f,vandy,3,121,audiovisual,0,,1,0.266905600001337,0.24690560000133702,-20.0,2141.912354299988,toj
003,19,f,vandy,3,122,audiovisual,200,,1,0.3751107999996748,0.35511079999967476,-20.0,2143.6867131999898,toj
003,19,f,vandy,3,123,audiovisual,-150,,1,0.3330495999980485,0.3130495999980485,-20.0,2145.5273533,toj
003,19,f,vandy,3,124,audiovisual,200,,1,0.7063987000001362,0.6863987000001361,-20.0,2147.5281437999947,toj
003,19,f,vandy,3,125,audiovisual,100,,2,1.6413084999949206,1.6213084999949205,-20.0,2149.3287562999903,toj
003,19,f,vandy,3,126,audiovisual,200,,2,2.6817646999988938,2.6617646999988938,-20.0,2152.7037547999935,toj
003,19,f,vandy,3,127,audiovisual,200,,1,0.5870277999929385,0.5670277999929385,-20.0,2156.785757199992,toj
003,19,f,vandy,3,128,audiovisual,-150,,2,0.9602792999939993,0.9402792999939993,-20.0,2158.8121710999985,toj
003,19,f,vandy,3,129,audiovisual,50,,1,0.6808581999939634,0.6608581999939633,-20.0,2161.333048399989,toj
003,19,f,vandy,3,130,audiovisual,-150,,1,1.4558061999996426,1.4358061999996425,-20.0,2163.094013099995,toj
003,19,f,vandy,3,131,audiovisual,150,,1,1.296610800010967,1.276610800010967,-20.0,2166.338432199991,toj
003,19,f,vandy,3,132,audiovisual,-250,,2,1.4117423000134295,1.3917423000134295,-20.0,2168.9789045999933,toj
003,19,f,vandy,3,133,audiovisual,-100,,1,1.9372573000000557,1.9172573000000557,-20.0,2171.4299527999974,toj
003,19,f,vandy,3,134,audiovisual,300,,1,0.8139222000027075,0.7939222000027075,-20.0,2174.8761620000005,toj
003,19,f,vandy,3,135,audiovisual,250,,1,14.752077299999655,14.732077299999656,-20.0,2177.098897399992,toj
003,19,f,vandy,3,136,audiovisual,0,,1,1.0800821000011638,1.0600821000011638,-20.0,2193.65131999999,toj
003,19,f,vandy,3,137,audiovisual,200,,2,0.4933452999975998,0.4733452999975998,-20.0,2196.2389744999964,toj
003,19,f,vandy,3,138,audiovisual,100,,1,0.5867832000076305,0.5667832000076305,-20.0,2198.386425299992,toj
003,19,f,vandy,3,139,audiovisual,-100,,2,0.5595802000025287,0.5395802000025287,-20.0,2200.787343499993,toj
003,19,f,vandy,3,140,audiovisual,300,,2,0.5630911999905948,0.5430911999905947,-20.0,2202.9081554000004,toj
003,19,f,vandy,3,141,audiovisual,50,,1,0.44256399999721907,0.42256399999721905,-20.0,2205.058475599988,toj
003,19,f,vandy,3,142,audiovisual,300,,2,0.8814139000023715,0.8614139000023715,-20.0,2207.0185215999954,toj
003,19,f,vandy,3,143,audiovisual,0,,2,0.8417434000002686,0.8217434000002686,-20.0,2209.6187071999884,toj
003,19,f,vandy,3,144,audiovisual,-100,,1,0.5331143000075826,0.5131143000075826,-20.0,2211.6461569999956,toj
003,19,f,vandy,3,145,audiovisual,50,,1,0.35979950000182725,0.33979950000182724,-20.0,2213.618589299993,toj
003,19,f,vandy,3,146,audiovisual,-50,,1,0.30775269999867305,0.28775269999867303,-20.0,2215.4061168999906,toj
003,19,f,vandy,3,147,audiovisual,250,,2,1.0670879999961471,1.047087999996147,-20.0,2217.4067351999984,toj
003,19,f,vandy,3,148,audiovisual,-50,,1,0.5595656000077724,0.5395656000077724,-20.0,2220.287868299987,toj
003,19,f,vandy,3,149,audiovisual,-50,,1,0.8534006000118097,0.8334006000118097,-20.0,2222.6084896999964,toj
003,19,f,vandy,3,150,audiovisual,-300,,1,1.9603732999967178,1.9403732999967178,-20.0,2225.183190999989,toj
003,19,f,vandy,3,151,audiovisual,50,,2,0.5996018000005279,0.5796018000005279,-20.0,2228.2106249999924,toj
003,19,f,vandy,3,152,audiovisual,150,,2,0.47955020000517834,0.4595502000051783,-20.0,2230.4515552999947,toj
003,19,f,vandy,3,153,audiovisual,-50,,2,0.7328534999978729,0.7128534999978728,-20.0,2232.3188618999993,toj
003,19,f,vandy,3,154,audiovisual,200,,2,0.43973800000094343,0.4197380000009434,-20.0,2234.6264618999994,toj
003,19,f,vandy,3,155,audiovisual,100,,1,0.29750549999880604,0.277505499998806,-20.0,2236.3335068999877,toj
003,19,f,vandy,3,156,audiovisual,0,,2,0.2803161999909207,0.2603161999909207,-20.0,2238.138441599993,toj
003,19,f,vandy,3,157,audiovisual,200,,2,0.33326719999604393,0.3132671999960439,-20.0,2240.0822625999863,toj
003,19,f,vandy,3,158,audiovisual,250,,2,0.4531903000024613,0.4331903000024613,-20.0,2241.895643599986,toj
003,19,f,vandy,3,159,audiovisual,300,,2,0.4265945999941323,0.4065945999941323,-20.0,2243.6299489999947,toj
003,19,f,vandy,3,160,audiovisual,250,,2,0.3337860999890836,0.3137860999890836,-20.0,2245.2702748999873,toj
003,19,f,vandy,3,161,audiovisual,200,,2,0.29359489999478683,0.2735948999947868,-20.0,2247.016250899993,toj
003,19,f,vandy,3,162,audiovisual,100,,2,0.5066132999927504,0.4866132999927504,-20.0,2248.448191299991,toj
003,19,f,vandy,3,163,audiovisual,0,,1,0.6399409000005107,0.6199409000005107,-20.0,2250.0721422999923,toj
003,19,f,vandy,3,164,audiovisual,-300,,1,1.0408143999957247,1.0208143999957247,-20.0,2252.339610099996,toj
003,19,f,vandy,3,165,audiovisual,-100,,2,1.4230340999929467,1.4030340999929467,-20.0,2254.4867686999933,toj
003,19,f,vandy,3,166,audiovisual,-150,,2,2.134241799998563,2.1142417999985628,-20.0,2257.661456499991,toj
003,19,f,vandy,3,167,audiovisual,50,,2,2.507221000007121,2.487221000007121,-20.0,2261.4096313999908,toj
003,19,f,vandy,3,168,audiovisual,-200,,1,0.6934699000121327,0.6734699000121327,-20.0,2265.58433089999,toj
003,19,f,vandy,3,169,audiovisual,-250,,1,1.4542258000001311,1.4342258000001311,-20.0,2267.8652210999862,toj
003,19,f,vandy,3,170,audiovisual,-50,,2,0.7732076000102097,0.7532076000102097,-20.0,2270.3731535999977,toj
003,19,f,vandy,3,171,audiovisual,0,,1,0.5865793999982998,0.5665793999982998,-20.0,2272.4134443999938,toj
003,19,f,vandy,3,172,audiovisual,250,,1,0.5299850000010338,0.5099850000010338,-20.0,2274.6677741999883,toj
003,19,f,vandy,3,173,audiovisual,-250,,1,0.4689469000004465,0.44894690000044646,-20.0,2276.7482949999976,toj
003,19,f,vandy,3,174,audiovisual,100,,1,0.3752219000016339,0.3552219000016339,-20.0,2278.618655399987,toj
003,19,f,vandy,3,175,audiovisual,150,,1,0.4113094999920577,0.39130949999205766,-20.0,2280.258577799992,toj
003,19,f,vandy,3,176,audiovisual,-300,,2,0.8802333000057843,0.8602333000057842,-20.0,2282.4304615,toj
003,19,f,vandy,3,177,audiovisual,-50,,1,8.535718400002224,8.515718400002225,-20.0,2284.8582920999906,toj
003,19,f,vandy,3,178,audiovisual,-150,,1,0.8509485000104178,0.8309485000104178,-20.0,2294.5681646999874,toj
003,19,f,vandy,3,179,audiovisual,300,,1,0.6551279999985127,0.6351279999985127,-20.0,2296.609100299989,toj
003,19,f,vandy,3,180,audiovisual,150,,1,0.5467282999888994,0.5267282999888994,-20.0,2298.758227299986,toj
003,19,f,vandy,3,181,audiovisual,150,,1,0.9732226000051014,0.9532226000051014,-20.0,2300.4913543999864,toj
003,19,f,vandy,3,182,audiovisual,-300,,1,0.8805293000041274,0.8605293000041274,-20.0,2303.211483699997,toj
003,19,f,vandy,3,183,audiovisual,-50,,2,0.5070844000001671,0.48708440000016706,-20.0,2305.4659665999934,toj
003,19,f,vandy,3,184,audiovisual,100,,2,0.4669932999968296,0.4469932999968296,-20.0,2307.5198301999917,toj
003,19,f,vandy,3,185,audiovisual,-50,,1,0.3724782000062987,0.3524782000062987,-20.0,2309.3876340999996,toj
003,19,f,vandy,3,186,audiovisual,300,,1,0.5500489000114612,0.5300489000114612,-20.0,2311.4677561999997,toj
003,19,f,vandy,3,187,audiovisual,-150,,1,2.0550517000083346,2.0350517000083346,-20.0,2313.6585998999944,toj
003,19,f,vandy,3,188,audiovisual,-200,,1,1.7865046999941114,1.7665046999941114,-20.0,2317.2584093999903,toj
003,19,f,vandy,3,189,audiovisual,250,,1,0.6002658000070369,0.5802658000070369,-20.0,2320.6046283999895,toj
003,19,f,vandy,3,190,audiovisual,-100,,1,0.9734749999915948,0.9534749999915948,-20.0,2322.658468099995,toj
003,19,f,vandy,3,191,audiovisual,100,,1,0.652953000011621,0.632953000011621,-20.0,2325.326146899999,toj
003,19,f,vandy,3,192,audiovisual,100,,1,0.560446099989349,0.540446099989349,-20.0,2327.1934206999867,toj
003,19,f,vandy,3,193,audiovisual,50,,1,1.2533947000047192,1.2333947000047192,-20.0,2329.2786272999947,toj
003,19,f,vandy,3,194,audiovisual,100,,2,1.000230300007388,0.980230300007388,-20.0,2332.1820759999973,toj
003,19,f,vandy,3,195,audiovisual,-300,,1,0.680437000002712,0.660437000002712,-20.0,2334.3582159999933,toj
003,19,f,vandy,3,196,audiovisual,250,,1,0.7732869000028586,0.7532869000028586,-20.0,2336.1039816999983,toj
003,19,f,vandy,3,197,audiovisual,250,,1,0.5470691000082297,0.5270691000082297,-20.0,2338.3575691000005,toj
003,19,f,vandy,3,198,audiovisual,-250,,2,2.0681432999990648,2.0481432999990647,-20.0,2340.278325099993,toj
003,19,f,vandy,3,199,audiovisual,-250,,1,0.7206791999924462,0.7006791999924462,-20.0,2344.027159499994,toj
003,19,f,vandy,3,200,audiovisual,-150,,1,7.945663499995135,7.925663499995135,-20.0,2346.2275907000003,toj
003,19,f,vandy,3,201,audiovisual,300,,2,0.8132260999991558,0.7932260999991558,-20.0,2355.284033899996,toj
003,19,f,vandy,3,202,audiovisual,150,,1,1.239632900003926,1.2196329000039259,-20.0,2357.6184039999935,toj
003,19,f,vandy,3,203,audiovisual,-250,,1,0.7217650999955367,0.7017650999955367,-20.0,2359.898782899996,toj
003,19,f,vandy,3,204,audiovisual,-50,,1,0.5021524999901885,0.4821524999901885,-20.0,2361.965949499994,toj
003,19,f,vandy,3,205,audiovisual,300,,1,0.48015940000186674,0.4601594000018667,-20.0,2363.7402722999977,toj
003,19,f,vandy,3,206,audiovisual,-100,,1,0.38318340000114404,0.363183400001144,-20.0,2365.4608944999927,toj
003,19,f,vandy,3,207,audiovisual,150,,1,0.3078056999947876,0.28780569999478756,-20.0,2367.101552299995,toj
003,19,f,vandy,3,208,audiovisual,150,,1,0.28018050000537187,0.26018050000537185,-20.0,2368.861979999987,toj
003,19,f,vandy,3,209,audiovisual,-300,,1,0.2948171000025468,0.2748171000025468,-20.0,2370.95826639999,toj
003,19,f,vandy,3,210,audiovisual,50,,2,0.4935616000002483,0.4735616000002483,-20.0,2372.957968699993,toj
003,19,f,vandy,3,211,audiovisual,-250,,2,0.6541722000110894,0.6341722000110894,-20.0,2375.2783669999917,toj
003,19,f,vandy,3,212,audiovisual,-200,,1,0.5079071999934968,0.48790719999349674,-20.0,2376.9979053999996,toj
003,19,f,vandy,3,213,audiovisual,-150,,1,0.4042040000058478,0.38420400000584776,-20.0,2378.7987663999957,toj
003,19,f,vandy,3,214,audiovisual,200,,1,0.3743462999991607,0.3543462999991607,-20.0,2380.9377779999922,toj
003,19,f,vandy,3,215,audiovisual,150,,1,0.42630479999934323,0.4063047999993432,-20.0,2383.093648899987,toj
003,19,f,vandy,3,216,audiovisual,100,,1,0.4005559999932302,0.3805559999932302,-20.0,2384.921313599989,toj
003,19,f,vandy,3,217,audiovisual,0,,1,0.29119859999627806,0.27119859999627804,-20.0,2386.45848619999,toj
003,19,f,vandy,3,218,audiovisual,200,,1,0.3883637999970233,0.3683637999970233,-20.0,2388.0293257999874,toj
003,19,f,vandy,3,219,audiovisual,-100,,1,0.38834099999803584,0.3683409999980358,-20.0,2389.7781020999973,toj
003,19,f,vandy,3,220,audiovisual,-100,,1,0.38653010000416543,0.3665301000041654,-20.0,2391.8588118999905,toj
003,19,f,vandy,3,221,audiovisual,150,,1,0.3466708999912953,0.3266708999912953,-20.0,2393.8048771999893,toj
003,19,f,vandy,3,222,audiovisual,-100,,2,2.279537700000219,2.259537700000219,-20.0,2395.44517739999,toj
003,19,f,vandy,3,223,audiovisual,-50,,2,0.6846820999926422,0.6646820999926422,-20.0,2398.9264878999966,toj
003,19,f,vandy,3,224,audiovisual,-150,,2,0.6541397999972105,0.6341397999972105,-20.0,2401.2784604999906,toj
003,19,f,vandy,3,225,audiovisual,300,,1,0.5740360999916447,0.5540360999916447,-20.0,2403.2219733999955,toj
003,19,f,vandy,3,226,audiovisual,0,,1,0.42931940000562463,0.4093194000056246,-20.0,2405.489700899998,toj
003,19,f,vandy,3,227,audiovisual,300,,1,0.5195349999994505,0.4995349999994505,-20.0,2407.1186726999877,toj
003,19,f,vandy,3,228,audiovisual,100,,1,0.44022280001081526,0.42022280001081525,-20.0,2409.010972799995,toj
003,19,f,vandy,3,229,audiovisual,-150,,1,0.48011969999060966,0.46011969999060964,-20.0,2410.704241399988,toj
003,19,f,vandy,3,230,audiovisual,100,,2,1.2305998999945587,1.2105998999945586,-20.0,2412.3978520999954,toj
003,19,f,vandy,3,231,audiovisual,-100,,2,0.8667944999906467,0.8467944999906467,-20.0,2415.256431799993,toj
003,19,f,vandy,3,232,audiovisual,100,,2,0.6178715999994893,0.5978715999994892,-20.0,2417.3467926999874,toj
003,19,f,vandy,3,233,audiovisual,-250,,1,0.7867383000120753,0.7667383000120753,-20.0,2419.258614599996,toj
003,19,f,vandy,3,234,audiovisual,-300,,1,0.8957512999913888,0.8757512999913888,-20.0,2421.387745199987,toj
003,19,f,vandy,3,235,audiovisual,50,,2,0.415713099995628,0.395713099995628,-20.0,2423.5781145999936,toj
003,19,f,vandy,3,236,audiovisual,200,,2,0.7877842000016244,0.7677842000016244,-20.0,2425.218126699998,toj
003,19,f,vandy,3,237,audiovisual,-150,,1,0.6009365000063553,0.5809365000063553,-20.0,2427.3382473999955,toj
003,19,f,vandy,3,238,audiovisual,100,,2,1.093875400008983,1.073875400008983,-20.0,2429.378405299998,toj
003,19,f,vandy,3,239,audiovisual,-100,,1,0.7070034000062151,0.6870034000062151,-20.0,2432.0586829999957,toj
003,19,f,vandy,3,240,audiovisual,-250,,1,0.46693239999876823,0.4469323999987682,-20.0,2433.8592329999956,toj
003,19,f,vandy,3,241,audiovisual,0,,1,0.4359060999995563,0.4159060999995563,-20.0,2435.6997749,toj
003,19,f,vandy,3,242,audiovisual,300,,2,0.36125709999760147,0.34125709999760145,-20.0,2437.5140190999955,toj
003,19,f,vandy,3,243,audiovisual,150,,2,0.7496825999987777,0.7296825999987777,-20.0,2439.0177731999866,toj
003,19,f,vandy,3,244,audiovisual,150,,2,0.534833300000173,0.514833300000173,-20.0,2441.238596299998,toj
003,19,f,vandy,3,245,audiovisual,50,,2,0.37319709999428596,0.35319709999428595,-20.0,2443.3581283999956,toj
003,19,f,vandy,3,246,audiovisual,150,,1,0.42646659999445546,0.40646659999445545,-20.0,2445.423748999994,toj
003,19,f,vandy,3,247,audiovisual,150,,1,0.6268662999937078,0.6068662999937078,-20.0,2447.5307292999933,toj
003,19,f,vandy,3,248,audiovisual,-100,,1,1.360205400007544,1.340205400007544,-20.0,2449.3714471999992,toj
003,19,f,vandy,3,249,audiovisual,-200,,1,0.5687887000094634,0.5487887000094633,-20.0,2451.879163599995,toj
003,19,f,vandy,3,250,audiovisual,-50,,1,0.7425848999992013,0.7225848999992013,-20.0,2454.2267482999887,toj
003,19,f,vandy,3,251,audiovisual,200,,2,0.6297683000011602,0.6097683000011602,-20.0,2456.5205148999958,toj
003,19,f,vandy,3,252,audiovisual,-250,,1,1.0537937000044622,1.0337937000044621,-20.0,2458.9781607999903,toj
003,19,f,vandy,3,253,audiovisual,250,,1,1.3203478999930667,1.3003478999930667,-20.0,2461.642625399996,toj
003,19,f,vandy,3,254,audiovisual,-150,,2,0.5205827000027057,0.5005827000027057,-20.0,2464.1101729999937,toj
003,19,f,vandy,3,255,audiovisual,300,,2,1.5347998999932315,1.5147998999932315,-20.0,2466.3780531999946,toj
003,19,f,vandy,3,256,audiovisual,-300,,1,0.38760329999786336,0.36760329999786334,-20.0,2469.086179299993,toj
003,19,f,vandy,3,257,audiovisual,300,,1,0.7468456000060542,0.7268456000060541,-20.0,2470.8192164999928,toj
003,19,f,vandy,3,258,audiovisual,50,,1,0.7330492000037339,0.7130492000037338,-20.0,2472.8198781999963,toj
003,19,f,vandy,3,259,audiovisual,-50,,1,0.5205754999915371,0.500575499991537,-20.0,2475.1276507999864,toj
003,19,f,vandy,3,260,audiovisual,-100,,1,0.43996099999640137,0.41996099999640135,-20.0,2477.1024075999885,toj
003,19,f,vandy,3,261,audiovisual,-100,,1,0.4555168999941088,0.4355168999941088,-20.0,2478.8222448999877,toj
003,19,f,vandy,3,262,audiovisual,50,,1,0.360064099993906,0.34006409999390597,-20.0,2480.5184159999917,toj
003,19,f,vandy,3,263,audiovisual,100,,1,0.40012839999690186,0.38012839999690184,-20.0,2482.4102022000006,toj
003,19,f,vandy,3,264,audiovisual,-200,,1,0.9734520999918459,0.9534520999918459,-20.0,2483.8508278999943,toj
003,19,f,vandy,3,265,audiovisual,-50,,1,0.5201975999952992,0.5001975999952992,-20.0,2486.6124068999925,toj
003,19,f,vandy,3,266,audiovisual,-100,,1,0.3999630999896908,0.3799630999896908,-20.0,2488.252583499998,toj
003,19,f,vandy,3,267,audiovisual,-300,,1,0.39995079999789596,0.37995079999789594,-20.0,2489.972921599998,toj
003,19,f,vandy,3,268,audiovisual,0,,2,0.39036550000309944,0.3703655000030994,-20.0,2492.1336643999966,toj
003,19,f,vandy,3,269,audiovisual,150,,2,1.1341287000104785,1.1141287000104785,-20.0,2493.7780870999995,toj
003,19,f,vandy,3,270,audiovisual,-250,,1,0.9602947999956086,0.9402947999956086,-20.0,2496.68227949999,toj
003,19,f,vandy,3,271,audiovisual,100,,1,0.4531533999979729,0.43315339999797287,-20.0,2499.1500989999913,toj
003,19,f,vandy,3,272,audiovisual,-250,,1,0.5349008999910438,0.5149008999910438,-20.0,2501.2975376999966,toj
003,19,f,vandy,3,273,audiovisual,-50,,1,0.36014720000093803,0.340147200000938,-20.0,2502.9108842999995,toj
003,19,f,vandy,3,274,audiovisual,100,,1,0.4266334999992978,0.40663349999929777,-20.0,2504.7251025000005,toj
003,19,f,vandy,3,275,audiovisual,-150,,1,0.4397723000001861,0.41977230000018606,-20.0,2506.312177899992,toj
003,19,f,vandy,3,276,audiovisual,100,,1,0.3599794999900041,0.3399794999900041,-20.0,2508.3530433999986,toj
003,19,f,vandy,3,277,audiovisual,-250,,1,0.3349156999902334,0.3149156999902334,-20.0,2510.527683799999,toj
003,19,f,vandy,3,278,audiovisual,-250,,1,0.384159000008367,0.364159000008367,-20.0,2512.3939515999955,toj
003,19,f,vandy,3,279,audiovisual,-250,,1,0.44132810000155587,0.42132810000155585,-20.0,2514.261882599996,toj
003,19,f,vandy,3,280,audiovisual,-300,,1,0.6266535000031581,0.6066535000031581,-20.0,2515.782242299989,toj
003,19,f,vandy,3,281,audiovisual,200,,1,0.5196925999916857,0.4996925999916857,-20.0,2518.0633544999873,toj
003,19,f,vandy,3,282,audiovisual,150,,1,0.3864723000006052,0.36647230000060516,-20.0,2519.9705063999863,toj
003,19,f,vandy,3,283,audiovisual,300,,1,0.38638260000152513,0.3663826000015251,-20.0,2521.5178711999906,toj
003,19,f,vandy,3,284,audiovisual,-300,,1,0.7461522999947192,0.7261522999947192,-20.0,2523.2888973999943,toj
003,19,f,vandy,3,285,audiovisual,-100,,1,1.46722829999635,1.44722829999635,-20.0,2525.1861371999985,toj
003,19,f,vandy,3,286,audiovisual,100,,2,0.48136089999752585,0.46136089999752583,-20.0,2527.9072251999896,toj
003,19,f,vandy,3,287,audiovisual,300,,2,0.5866334000020288,0.5666334000020288,-20.0,2530.0579433999956,toj
003,19,f,vandy,3,288,audiovisual,50,,2,0.4396497999987332,0.4196497999987332,-20.0,2531.9880878999975,toj
003,19,f,vandy,3,289,audiovisual,50,,2,1.0405177000066033,1.0205177000066032,-20.0,2533.882038599986,toj
003,19,f,vandy,3,290,audiovisual,-50,,1,2.1882384000055026,2.1682384000055026,-20.0,2536.4697106999956,toj
003,19,f,vandy,3,291,audiovisual,150,,1,1.4675921000016388,1.4475921000016387,-20.0,2539.8712793999875,toj
003,19,f,vandy,3,292,audiovisual,100,,1,0.773475399997551,0.753475399997551,-20.0,2542.8594809999922,toj
003,19,f,vandy,3,293,audiovisual,250,,2,0.7087912999995751,0.6887912999995751,-20.0,2544.899752799989,toj
003,19,f,vandy,3,294,audiovisual,-200,,2,0.9336580999952275,0.9136580999952275,-20.0,2547.1181900999945,toj
003,19,f,vandy,3,295,audiovisual,300,,2,0.5335131000028923,0.5135131000028923,-20.0,2549.1945973999973,toj
003,19,f,vandy,3,296,audiovisual,-150,,1,0.6273404999956256,0.6073404999956256,-20.0,2551.5019998999924,toj
003,19,f,vandy,3,297,audiovisual,-150,,1,1.426346399995964,1.406346399995964,-20.0,2553.262540999989,toj
003,19,f,vandy,3,298,audiovisual,200,,2,0.6526576000032946,0.6326576000032946,-20.0,2555.970371999996,toj
003,19,f,vandy,3,299,audiovisual,150,,1,0.8668220999970799,0.8468220999970799,-20.0,2558.3448059999937,toj
003,19,f,vandy,3,300,audiovisual,250,,1,0.8531863000098383,0.8331863000098383,-20.0,2560.932356999998,toj
003,19,f,vandy,3,301,audiovisual,50,,1,0.7373729999962961,0.7173729999962961,-20.0,2562.9195843999914,toj
003,19,f,vandy,3,302,audiovisual,-50,,2,0.8016808999964269,0.7816808999964269,-20.0,2565.2579265999957,toj
003,19,f,vandy,3,303,audiovisual,250,,2,1.066675900001428,1.046675900001428,-20.0,2567.5775824999873,toj
003,19,f,vandy,3,304,audiovisual,50,,2,0.64066050000838,0.62066050000838,-20.0,2570.108992999987,toj
003,19,f,vandy,3,305,audiovisual,250,,2,0.4800355000043055,0.4600355000043055,-20.0,2572.483588499992,toj
003,19,f,vandy,3,306,audiovisual,250,,2,0.44127369999478105,0.42127369999478104,-20.0,2574.670618899996,toj
003,19,f,vandy,3,307,audiovisual,-200,,1,0.46646830000099726,0.44646830000099724,-20.0,2576.59141909999,toj
003,19,f,vandy,3,308,audiovisual,50,,2,2.5475627000123495,2.5275627000123495,-20.0,2578.5387722999876,toj
003,19,f,vandy,3,309,audiovisual,300,,2,2.803748700011056,2.783748700011056,-20.0,2582.8601846999954,toj
003,19,f,vandy,3,310,audiovisual,100,,1,0.5341335000121035,0.5141335000121035,-20.0,2587.437973399996,toj
003,19,f,vandy,3,311,audiovisual,100,,1,0.6412071000086144,0.6212071000086143,-20.0,2589.622527899992,toj
003,19,f,vandy,3,312,audiovisual,-150,,1,1.092960399997537,1.072960399997537,-20.0,2592.011494499995,toj
003,19,f,vandy,3,313,audiovisual,250,,2,0.42682600000989623,0.4068260000098962,-20.0,2594.6779621999885,toj
003,19,f,vandy,3,314,audiovisual,200,,2,2.453781300006085,2.433781300006085,-20.0,2596.638600499995,toj
003,19,f,vandy,3,315,audiovisual,-50,,1,0.9203970999951707,0.9003970999951707,-20.0,2600.826988099987,toj
003,19,f,vandy,3,316,audiovisual,-300,,1,1.0934247999975923,1.0734247999975923,-20.0,2603.214784399999,toj
003,19,f,vandy,3,317,audiovisual,-150,,1,1.0138403000019025,0.9938403000019025,-20.0,2605.388631099995,toj
003,19,f,vandy,3,318,audiovisual,-150,,2,1.0151007000094978,0.9951007000094978,-20.0,2607.842644499993,toj
003,19,f,vandy,3,319,audiovisual,200,,1,2.5072795000014594,2.4872795000014594,-20.0,2610.1103088999953,toj
003,19,f,vandy,3,320,audiovisual,250,,2,0.5594998000015039,0.5394998000015039,-20.0,2614.0584887999867,toj
003,19,f,vandy,3,321,audiovisual,-250,,1,0.3736445999966236,0.35364459999662357,-20.0,2615.938954099998,toj
003,19,f,vandy,3,322,audiovisual,-200,,1,0.46559419999539386,0.44559419999539385,-20.0,2618.059956099998,toj
003,19,f,vandy,3,323,audiovisual,0,,2,0.4004683999955887,0.3804683999955887,-20.0,2620.1805711999914,toj
003,19,f,vandy,3,324,audiovisual,300,,2,0.6669257999892579,0.6469257999892579,-20.0,2621.861674499989,toj
003,19,f,vandy,3,325,audiovisual,200,,2,0.6803134000074351,0.6603134000074351,-20.0,2623.6489954999997,toj
003,19,f,vandy,3,326,audiovisual,-200,,1,0.38500539999222383,0.3650053999922238,-20.0,2625.9429481999978,toj
003,19,f,vandy,3,327,audiovisual,-300,,1,0.3210204000060912,0.3010204000060912,-20.0,2627.903563,toj
003,19,f,vandy,3,328,audiovisual,-150,,2,0.33534530000179075,0.31534530000179073,-20.0,2629.7039518999954,toj
003,19,f,vandy,3,329,audiovisual,-300,,1,1.146802100003697,1.126802100003697,-20.0,2631.518937999994,toj
003,19,f,vandy,3,330,audiovisual,50,,2,0.520049900005688,0.5000499000056879,-20.0,2633.8521129,toj
003,19,f,vandy,3,331,audiovisual,-200,,1,0.4505890000000363,0.4305890000000363,-20.0,2635.7732726999966,toj
003,19,f,vandy,3,332,audiovisual,150,,2,0.8267619999969611,0.8067619999969611,-20.0,2637.2800089999946,toj
003,19,f,vandy,3,333,audiovisual,250,,2,0.6269529999990482,0.6069529999990482,-20.0,2639.507754399994,toj
003,19,f,vandy,3,334,audiovisual,-150,,2,0.6138858999911463,0.5938858999911463,-20.0,2641.3085529999953,toj
003,19,f,vandy,3,335,audiovisual,-200,,2,0.3719000999990385,0.3519000999990385,-20.0,2643.163048699993,toj
003,19,f,vandy,3,336,audiovisual,-250,,2,0.6263611000031233,0.6063611000031233,-20.0,2644.9894764999917,toj
003,19,f,vandy,3,337,audiovisual,-200,,2,0.4265067999949679,0.40650679999496786,-20.0,2646.9639219999954,toj
003,19,f,vandy,3,338,audiovisual,150,,2,0.466384500003187,0.44638450000318697,-20.0,2648.6309201999975,toj
003,19,f,vandy,3,339,audiovisual,50,,2,0.5871285000030184,0.5671285000030184,-20.0,2650.6852599999984,toj
003,19,f,vandy,3,340,audiovisual,300,,1,1.5602268999937223,1.5402268999937223,-20.0,2653.0060605999897,toj
003,19,f,vandy,3,341,audiovisual,300,,2,2.841000400003395,2.821000400003395,-20.0,2656.3577755000006,toj
003,19,f,vandy,3,342,audiovisual,-300,,1,0.613926399993943,0.593926399993943,-20.0,2660.409192799998,toj
003,19,f,vandy,3,343,audiovisual,-50,,2,0.8795981000002939,0.8595981000002939,-20.0,2662.371815099992,toj
003,19,f,vandy,3,344,audiovisual,250,,1,2.479678999996395,2.459678999996395,-20.0,2664.5836160999897,toj
003,19,f,vandy,3,345,audiovisual,-200,,1,0.6804730000003474,0.6604730000003474,-20.0,2668.371427799997,toj
003,19,f,vandy,3,346,audiovisual,-50,,1,0.5073694000020623,0.4873694000020623,-20.0,2670.3323545999883,toj
003,19,f,vandy,3,347,audiovisual,100,,2,0.4393580000032671,0.41935800000326706,-20.0,2671.94675789999,toj
003,19,f,vandy,3,348,audiovisual,200,,1,0.8269182000076398,0.8069182000076398,-20.0,2673.8268868999876,toj
003,19,f,vandy,3,349,audiovisual,250,,2,1.707374500008882,1.687374500008882,-20.0,2676.1878739999956,toj
003,19,f,vandy,3,350,audiovisual,-100,,1,1.440465799998492,1.420465799998492,-20.0,2679.508983099993,toj
003,19,f,vandy,3,351,audiovisual,200,,2,0.5069455000048038,0.48694550000480374,-20.0,2682.6435851999995,toj
003,19,f,vandy,3,352,audiovisual,0,,1,0.32016529999964405,0.30016529999964403,-20.0,2684.884164499992,toj
003,19,f,vandy,3,353,audiovisual,150,,2,0.3333752999897115,0.3133752999897115,-20.0,2686.8585505999945,toj
003,19,f,vandy,3,354,audiovisual,0,,1,0.26678560000436846,0.24678560000436847,-20.0,2688.3655628999986,toj
003,19,f,vandy,3,355,audiovisual,-300,,1,0.6398238999972818,0.6198238999972818,-20.0,2690.259514199992,toj
003,19,f,vandy,3,356,audiovisual,-150,,2,0.9740521000057925,0.9540521000057924,-20.0,2692.140402899997,toj
003,19,f,vandy,3,357,audiovisual,-200,,1,0.8538694000017131,0.8338694000017131,-20.0,2694.421844899989,toj
003,19,f,vandy,3,358,audiovisual,150,,2,0.5212134999892442,0.5012134999892441,-20.0,2696.661881699998,toj
003,19,f,vandy,3,359,audiovisual,200,,2,1.360244600000442,1.340244600000442,-20.0,2698.8103700999927,toj
003,19,f,vandy,3,360,audiovisual,-300,,1,0.6685141999914777,0.6485141999914776,-20.0,2701.8775042999914,toj
003,19,f,vandy,3,361,audiovisual,150,,2,0.34822390000044834,0.3282239000004483,-20.0,2703.798364999995,toj
003,19,f,vandy,3,362,audiovisual,50,,1,0.49376509999274276,0.47376509999274274,-20.0,2705.9584334999963,toj
003,19,f,vandy,3,363,audiovisual,0,,2,0.34406630000739824,0.3240663000073982,-20.0,2707.506433399991,toj
003,19,f,vandy,3,364,audiovisual,-200,,1,0.8386124999960884,0.8186124999960884,-20.0,2709.6132125000004,toj
003,19,f,vandy,3,365,audiovisual,-100,,2,0.6410764000029303,0.6210764000029303,-20.0,2711.655741999988,toj
003,19,f,vandy,3,366,audiovisual,50,,2,0.895299800002249,0.8752998000022489,-20.0,2713.882412399995,toj
003,19,f,vandy,3,367,audiovisual,250,,2,0.7860761000047205,0.7660761000047205,-20.0,2715.817946199997,toj
003,19,f,vandy,3,368,audiovisual,-250,,2,0.9866920000058599,0.9666920000058599,-20.0,2718.203338399995,toj
003,19,f,vandy,3,369,audiovisual,300,,2,2.854419000010239,2.834419000010239,-20.0,2720.5506629999873,toj
003,19,f,vandy,3,370,audiovisual,-200,,1,0.37276300000667106,0.35276300000667105,-20.0,2724.7521452999936,toj
003,19,f,vandy,3,371,audiovisual,-300,,1,0.9200337000074796,0.9000337000074796,-20.0,2726.2594096999965,toj
003,19,f,vandy,3,372,audiovisual,0,,2,0.3864888999960385,0.3664888999960385,-20.0,2728.366952299999,toj
003,19,f,vandy,3,373,audiovisual,200,,1,0.9441786000097636,0.9241786000097636,-20.0,2729.8477671,toj
003,19,f,vandy,3,374,audiovisual,-250,,1,0.9995822999917436,0.9795822999917436,-20.0,2732.3015763000003,toj
003,19,f,vandy,3,375,audiovisual,-100,,1,0.8401371999934781,0.8201371999934781,-20.0,2734.7422504999995,toj
003,19,f,vandy,3,376,audiovisual,150,,2,0.5203135000047041,0.5003135000047041,-20.0,2736.8897832999937,toj
003,19,f,vandy,3,377,audiovisual,-200,,1,0.7072724000026938,0.6872724000026937,-20.0,2738.4378156999883,toj
003,19,f,vandy,3,378,audiovisual,50,,2,0.40029219999269117,0.38029219999269115,-20.0,2740.4248160999996,toj
003,19,f,vandy,3,379,audiovisual,0,,1,0.7065251000021817,0.6865251000021817,-20.0,2741.8919557999907,toj
003,19,f,vandy,3,380,audiovisual,-100,,1,0.8671427999943262,0.8471427999943262,-20.0,2743.6524935999914,toj
003,19,f,vandy,3,381,audiovisual,200,,1,0.7730732000054559,0.7530732000054559,-20.0,2745.9731384999905,toj
003,19,f,vandy,3,382,audiovisual,150,,2,1.1225658000039402,1.1025658000039402,-20.0,2748.5472638999927,toj
003,19,f,vandy,3,383,audiovisual,150,,1,0.7483346000080928,0.7283346000080928,-20.0,2751.377466699996,toj
003,19,f,vandy,3,384,audiovisual,-200,,1,0.7062793000077363,0.6862793000077363,-20.0,2753.7777156999946,toj
003,19,f,vandy,3,385,audiovisual,-50,,2,0.4529694000084419,0.43296940000844186,-20.0,2755.763451199993,toj
003,19,f,vandy,3,386,audiovisual,-50,,1,0.6520118000044022,0.6320118000044022,-20.0,2758.0444351999904,toj
003,19,f,vandy,3,387,audiovisual,50,,1,0.6266512000001967,0.6066512000001967,-20.0,2760.0182891000004,toj
003,19,f,vandy,3,388,audiovisual,-300,,1,0.7866404999949737,0.7666404999949736,-20.0,2761.685693499996,toj
003,19,f,vandy,3,389,audiovisual,-250,,1,1.800454099997296,1.780454099997296,-20.0,2763.552779999998,toj
003,19,f,vandy,3,390,audiovisual,50,,2,0.44020880000607576,0.42020880000607574,-20.0,2766.6208228999894,toj
