Participant_ID,Age,Gender,Site,Block_Number,Trial_Number,Trial_Type,SOA,Side,Response,Reaction_Time,Adjusted_RT,AV_Sync_Correction,Timestamp,Experiment
004,26,m,vandy,1,1,audiovisual,0,,1,1.8136645999620669,1.7936645999620668,-20.0,85.21141649998026,sj
004,26,m,vandy,1,2,audiovisual,50,,1,1.3878211000119336,1.3678211000119336,-20.0,88.9462548000156,sj
004,26,m,vandy,1,3,audiovisual,300,,2,1.2277669999748468,1.2077669999748468,-20.0,92.1211041000206,sj
004,26,m,vandy,1,4,audiovisual,200,,1,1.053721799980849,1.033721799980849,-20.0,94.61504180001793,sj
004,26,m,vandy,1,5,audiovisual,-200,,2,0.9471657000249252,0.9271657000249252,-20.0,96.72251920000417,sj
004,26,m,vandy,1,6,audiovisual,-250,,1,0.8002994999988005,0.7802994999988004,-20.0,99.00312150001992,sj
004,26,m,vandy,1,7,audiovisual,-300,,2,1.171595600026194,1.151595600026194,-20.0,101.26022840000223,sj
004,26,m,vandy,1,8,audiovisual,50,,1,0.64219610003056,0.62219610003056,-20.0,103.89851129997987,sj
004,26,m,vandy,1,9,audiovisual,-300,,2,0.7738720999914221,0.7538720999914221,-20.0,105.92768150003394,sj
004,26,m,vandy,1,10,audiovisual,-150,,1,0.7074422999867238,0.6874422999867238,-20.0,108.23302650003461,sj
004,26,m,vandy,1,11,audiovisual,300,,2,0.747283199976664,0.727283199976664,-20.0,110.70096089999424,sj
004,26,m,vandy,1,12,audiovisual,250,,1,0.9335009999922477,0.9135009999922477,-20.0,113.0352370000328,sj
004,26,m,vandy,1,13,audiovisual,-300,,2,0.7869703000178561,0.766970300017856,-20.0,115.08873010001844,sj
004,26,m,vandy,1,14,audiovisual,0,,1,0.7872868999838829,0.7672868999838829,-20.0,117.69042509997962,sj
004,26,m,vandy,1,15,audiovisual,-100,,1,0.6802467000088654,0.6602467000088654,-20.0,120.38419379998231,sj
004,26,m,vandy,1,16,audiovisual,50,,1,0.6142705999664031,0.5942705999664031,-20.0,122.35816170001635,sj
004,26,m,vandy,1,17,audiovisual,-300,,2,0.8006642999825999,0.7806642999825999,-20.0,124.07984209997812,sj
004,26,m,vandy,1,18,audiovisual,0,,1,0.6139026000164449,0.5939026000164449,-20.0,126.147100400005,sj
004,26,m,vandy,1,19,audiovisual,-200,,2,1.2142123999656178,1.1942123999656178,-20.0,128.04078889999073,sj
004,26,m,vandy,1,20,audiovisual,-150,,1,0.7996432000072673,0.7796432000072673,-20.0,130.77462580002612,sj
004,26,m,vandy,1,21,audiovisual,-300,,2,0.8763468000106514,0.8563468000106513,-20.0,133.21561670000665,sj
004,26,m,vandy,1,22,audiovisual,-150,,1,0.6503824999672361,0.630382499967236,-20.0,135.48319380002795,sj
004,26,m,vandy,1,23,audiovisual,300,,2,1.109908800048288,1.089908800048288,-20.0,137.49717899999814,sj
004,26,m,vandy,1,24,audiovisual,-200,,2,1.1320410000043921,1.112041000004392,-20.0,139.96703920001164,sj
004,26,m,vandy,1,25,audiovisual,100,,1,0.7213804999482818,0.7013804999482818,-20.0,142.498731700005,sj
004,26,m,vandy,1,26,audiovisual,-50,,1,0.6540429999586195,0.6340429999586195,-20.0,145.16727760003414,sj
004,26,m,vandy,1,27,audiovisual,-200,,1,0.7873065000167117,0.7673065000167116,-20.0,147.26090900000418,sj
004,26,m,vandy,1,28,audiovisual,200,,1,1.2948144999681972,1.2748144999681972,-20.0,149.76878799998667,sj
004,26,m,vandy,1,29,audiovisual,-200,,2,1.2635861999588087,1.2435861999588087,-20.0,152.5962171999854,sj
004,26,m,vandy,1,30,audiovisual,-250,,2,0.9602133999578655,0.9402133999578655,-20.0,155.29041299998062,sj
004,26,m,vandy,1,31,audiovisual,50,,1,0.5608627999899909,0.5408627999899909,-20.0,157.82682090002345,sj
004,26,m,vandy,1,32,audiovisual,-50,,1,0.6537957999971695,0.6337957999971695,-20.0,159.42754790000618,sj
004,26,m,vandy,1,33,audiovisual,150,,1,0.786920899990946,0.766920899990946,-20.0,161.7728039000067,sj
004,26,m,vandy,1,34,audiovisual,200,,1,1.333903899998404,1.313903899998404,-20.0,164.3868877000059,sj
004,26,m,vandy,1,35,audiovisual,200,,1,0.96054640004877,0.94054640004877,-20.0,167.24182779999683,sj
004,26,m,vandy,1,36,audiovisual,250,,1,0.9338665999821387,0.9138665999821387,-20.0,170.08242649998283,sj
004,26,m,vandy,1,37,audiovisual,-50,,1,0.6698316999827512,0.6498316999827511,-20.0,172.0560753000318,sj
004,26,m,vandy,1,38,audiovisual,50,,1,0.7310742999543436,0.7110742999543436,-20.0,174.40680410002824,sj
004,26,m,vandy,1,39,audiovisual,-150,,2,0.9603810000116937,0.9403810000116937,-20.0,176.65788290003547,sj
004,26,m,vandy,1,40,audiovisual,-300,,2,0.7732238000025973,0.7532238000025973,-20.0,179.61906960001215,sj
004,26,m,vandy,1,41,audiovisual,-250,,1,1.1343363999621943,1.1143363999621942,-20.0,181.90031890000682,sj
004,26,m,vandy,1,42,audiovisual,-100,,1,0.7743917999905534,0.7543917999905534,-20.0,184.51454370003194,sj
004,26,m,vandy,1,43,audiovisual,150,,1,1.2678329999907874,1.2478329999907873,-20.0,187.03565420000814,sj
004,26,m,vandy,1,44,audiovisual,100,,1,0.8005147000076249,0.7805147000076249,-20.0,189.98318390001077,sj
004,26,m,vandy,1,45,audiovisual,150,,2,1.2691918999771588,1.2491918999771587,-20.0,192.45053770003142,sj
004,26,m,vandy,1,46,audiovisual,-250,,2,1.3076604999951087,1.2876604999951087,-20.0,195.62673700001324,sj
004,26,m,vandy,1,47,audiovisual,-50,,1,0.5738151000114158,0.5538151000114158,-20.0,198.57327280001482,sj
004,26,m,vandy,1,48,audiovisual,-100,,1,0.6805056000011973,0.6605056000011973,-20.0,200.60051850002492,sj
004,26,m,vandy,1,49,audiovisual,-100,,1,0.7343253999715671,0.7143253999715671,-20.0,203.2277902000351,sj
004,26,m,vandy,1,50,audiovisual,100,,1,1.200510100054089,1.180510100054089,-20.0,205.52224100002786,sj
004,26,m,vandy,1,51,audiovisual,-50,,1,0.9306897000060417,0.9106897000060417,-20.0,208.45666379999602,sj
004,26,m,vandy,1,52,audiovisual,0,,1,0.9613453000201844,0.9413453000201844,-20.0,210.53737760003423,sj
004,26,m,vandy,1,53,audiovisual,-300,,1,0.9055205000331625,0.8855205000331625,-20.0,212.96669820003444,sj
004,26,m,vandy,1,54,audiovisual,0,,1,0.7202477999962866,0.7002477999962866,-20.0,215.27213310002116,sj
004,26,m,vandy,1,55,audiovisual,100,,1,0.8010768000385724,0.7810768000385724,-20.0,217.85964909999166,sj
004,26,m,vandy,1,56,audiovisual,200,,1,0.6938917000079527,0.6738917000079527,-20.0,220.18106819997774,sj
004,26,m,vandy,1,57,audiovisual,-250,,2,0.7604777000378817,0.7404777000378817,-20.0,221.96796360000735,sj
004,26,m,vandy,1,58,audiovisual,50,,1,0.600707900011912,0.580707900011912,-20.0,223.87537740002153,sj
004,26,m,vandy,1,59,audiovisual,-250,,2,0.8543913000030443,0.8343913000030443,-20.0,226.03661900002044,sj
004,26,m,vandy,1,60,audiovisual,200,,1,0.8937055999995209,0.8737055999995209,-20.0,228.59765329997754,sj
004,26,m,vandy,1,61,audiovisual,-100,,1,0.8154254999826662,0.7954254999826662,-20.0,230.58445770002436,sj
004,26,m,vandy,1,62,audiovisual,-50,,1,0.5601663000416011,0.540166300041601,-20.0,232.54686639999272,sj
004,26,m,vandy,1,63,audiovisual,-300,,2,0.8139145000022836,0.7939145000022836,-20.0,235.13280520000262,sj
004,26,m,vandy,1,64,audiovisual,100,,1,0.6407062000362203,0.6207062000362202,-20.0,237.2802723000059,sj
004,26,m,vandy,1,65,audiovisual,100,,1,0.6538838000269607,0.6338838000269607,-20.0,239.12102860002778,sj
004,26,m,vandy,1,66,audiovisual,150,,2,1.0156496000126936,0.9956496000126935,-20.0,241.3619910000125,sj
004,26,m,vandy,1,67,audiovisual,-250,,2,0.7745173000148498,0.7545173000148497,-20.0,244.01795800001128,sj
004,26,m,vandy,1,68,audiovisual,150,,1,0.6698147000279278,0.6498147000279277,-20.0,246.2570538999862,sj
004,26,m,vandy,1,69,audiovisual,200,,1,0.9229021000210196,0.9029021000210196,-20.0,248.24681660003262,sj
004,26,m,vandy,1,70,audiovisual,-50,,1,0.7080529000377283,0.6880529000377282,-20.0,250.20706859999336,sj
004,26,m,vandy,1,71,audiovisual,-50,,1,0.8270356999710202,0.8070356999710202,-20.0,252.56686900003115,sj
004,26,m,vandy,1,72,audiovisual,150,,1,1.080854100000579,1.060854100000579,-20.0,255.40676709997933,sj
004,26,m,vandy,1,73,audiovisual,50,,1,0.6931954000028782,0.6731954000028781,-20.0,257.82121169997845,sj
004,26,m,vandy,1,74,audiovisual,0,,1,0.6848224999848753,0.6648224999848753,-20.0,260.4488167000236,sj
004,26,m,vandy,1,75,audiovisual,-100,,1,0.560740299988538,0.540740299988538,-20.0,262.6271557,sj
004,26,m,vandy,1,76,audiovisual,100,,1,0.49401369999395683,0.4740136999939568,-20.0,264.25009330001194,sj
004,26,m,vandy,1,77,audiovisual,-50,,1,0.6537886000005528,0.6337886000005528,-20.0,266.3842215000186,sj
004,26,m,vandy,1,78,audiovisual,300,,2,0.8801602000021376,0.8601602000021376,-20.0,268.97185720002744,sj
004,26,m,vandy,1,79,audiovisual,-50,,1,0.8012617999920622,0.7812617999920621,-20.0,270.93243510002503,sj
004,26,m,vandy,1,80,audiovisual,-300,,2,0.7557251999969594,0.7357251999969594,-20.0,273.66788860003,sj
004,26,m,vandy,1,81,audiovisual,-300,,2,1.1081112999818288,1.0881112999818288,-20.0,275.44088579999516,sj
004,26,m,vandy,1,82,audiovisual,250,,1,1.4896874999976717,1.4696874999976717,-20.0,278.13592849997804,sj
004,26,m,vandy,1,83,audiovisual,150,,1,0.7872650999925099,0.7672650999925099,-20.0,280.8961392000201,sj
004,26,m,vandy,1,84,audiovisual,100,,1,0.8961507999920286,0.8761507999920286,-20.0,283.35093860002235,sj
004,26,m,vandy,1,85,audiovisual,-100,,1,1.5595764000318013,1.5395764000318013,-20.0,286.20688489999156,sj
004,26,m,vandy,1,86,audiovisual,-150,,1,0.9468908999697305,0.9268908999697305,-20.0,289.35301870002877,sj
004,26,m,vandy,1,87,audiovisual,-150,,1,0.9343171999789774,0.9143171999789774,-20.0,291.5534189000027,sj
004,26,m,vandy,1,88,audiovisual,0,,1,1.0134528999915347,0.9934528999915346,-20.0,293.8211577000329,sj
004,26,m,vandy,1,89,audiovisual,250,,2,1.2542225999641232,1.2342225999641232,-20.0,296.2885298000183,sj
004,26,m,vandy,1,90,audiovisual,-100,,1,0.7070922999992035,0.6870922999992035,-20.0,299.2895090000238,sj
004,26,m,vandy,1,91,audiovisual,0,,1,0.7088593000080436,0.6888593000080436,-20.0,301.6769523000112,sj
004,26,m,vandy,1,92,audiovisual,-300,,2,0.8420643999706954,0.8220643999706954,-20.0,304.26657410000917,sj
004,26,m,vandy,1,93,audiovisual,-300,,1,1.494408199971076,1.474408199971076,-20.0,306.2267137999879,sj
004,26,m,vandy,1,94,audiovisual,100,,1,0.6672588000074029,0.6472588000074029,-20.0,309.3068818000029,sj
004,26,m,vandy,1,95,audiovisual,100,,1,0.6267724999925122,0.6067724999925121,-20.0,311.320945399988,sj
004,26,m,vandy,1,96,audiovisual,0,,1,0.6263809999800287,0.6063809999800287,-20.0,313.8014513999806,sj
004,26,m,vandy,1,97,audiovisual,0,,1,0.46813499997369945,0.44813499997369943,-20.0,315.49531149998074,sj
004,26,m,vandy,1,98,audiovisual,0,,1,0.4403864999767393,0.42038649997673927,-20.0,317.40399070002604,sj
004,26,m,vandy,1,99,audiovisual,100,,1,0.48080710001522675,0.46080710001522673,-20.0,319.6169394000317,sj
004,26,m,vandy,1,100,audiovisual,50,,1,0.5735245000105351,0.5535245000105351,-20.0,321.25781729997834,sj
004,26,m,vandy,1,101,audiovisual,0,,1,0.5060048999730498,0.48600489997304974,-20.0,323.45811750000576,sj
004,26,m,vandy,1,102,audiovisual,50,,1,0.6265878999838606,0.6065878999838605,-20.0,325.67230279999785,sj
004,26,m,vandy,1,103,audiovisual,200,,1,0.7871562999789603,0.7671562999789603,-20.0,327.96665600000415,sj
004,26,m,vandy,1,104,audiovisual,-50,,1,0.7603474999777973,0.7403474999777973,-20.0,329.88716440001735,sj
004,26,m,vandy,1,105,audiovisual,250,,2,1.16031499998644,1.14031499998644,-20.0,332.5548710000003,sj
004,26,m,vandy,1,106,audiovisual,-300,,2,0.8399384000222199,0.8199384000222198,-20.0,335.72990149998805,sj
004,26,m,vandy,1,107,audiovisual,-300,,2,1.0409653999959119,1.0209653999959118,-20.0,338.0102486999822,sj
004,26,m,vandy,1,108,audiovisual,0,,1,0.6002967999665998,0.5802967999665998,-20.0,340.73163440002827,sj
004,26,m,vandy,1,109,audiovisual,-250,,2,0.8680887999944389,0.8480887999944389,-20.0,342.74674349999987,sj
004,26,m,vandy,1,110,audiovisual,250,,2,0.7601960999891162,0.7401960999891162,-20.0,344.86697650002316,sj
004,26,m,vandy,1,111,audiovisual,-100,,1,0.6410854000132531,0.6210854000132531,-20.0,347.1068042999832,sj
004,26,m,vandy,1,112,audiovisual,-100,,1,0.6528915999806486,0.6328915999806486,-20.0,349.12198180000996,sj
004,26,m,vandy,1,113,audiovisual,50,,1,0.6098684000317007,0.5898684000317007,-20.0,351.66919809998944,sj
004,26,m,vandy,1,114,audiovisual,-300,,2,0.9323914999840781,0.9123914999840781,-20.0,353.5761768000084,sj
004,26,m,vandy,1,115,audiovisual,150,,1,0.7345539999660105,0.7145539999660104,-20.0,356.41710239998065,sj
004,26,m,vandy,1,116,audiovisual,50,,1,0.6543785000103526,0.6343785000103526,-20.0,358.95224549999693,sj
004,26,m,vandy,1,117,audiovisual,250,,2,0.7604336999938823,0.7404336999938823,-20.0,360.9531504000188,sj
004,26,m,vandy,1,118,audiovisual,-50,,1,0.4673323000315577,0.44733230003155766,-20.0,363.327046099992,sj
004,26,m,vandy,1,119,audiovisual,-200,,1,0.7740688000340015,0.7540688000340015,-20.0,365.14068589999806,sj
004,26,m,vandy,1,120,audiovisual,50,,1,0.7068624999956228,0.6868624999956228,-20.0,367.4884753000224,sj
004,26,m,vandy,1,121,audiovisual,300,,2,0.7605766999768093,0.7405766999768093,-20.0,369.9950590999797,sj
004,26,m,vandy,1,122,audiovisual,50,,1,0.5604124999954365,0.5404124999954365,-20.0,372.5300853999797,sj
004,26,m,vandy,1,123,audiovisual,-200,,2,0.8801252999692224,0.8601252999692224,-20.0,374.4769304000074,sj
004,26,m,vandy,1,124,audiovisual,0,,1,0.5204848000430502,0.5004848000430502,-20.0,376.67784419999225,sj
004,26,m,vandy,1,125,audiovisual,-200,,1,0.8140226000105031,0.7940226000105031,-20.0,378.73270430002594,sj
004,26,m,vandy,1,126,audiovisual,100,,1,0.840088700002525,0.820088700002525,-20.0,381.2930581999826,sj
004,26,m,vandy,1,127,audiovisual,150,,2,0.814197100000456,0.794197100000456,-20.0,383.30691809998825,sj
004,26,m,vandy,1,128,audiovisual,200,,1,0.7624398000189103,0.7424398000189103,-20.0,385.48147759999847,sj
004,26,m,vandy,1,129,audiovisual,150,,1,0.7368251999723725,0.7168251999723725,-20.0,387.61735580000095,sj
004,26,m,vandy,1,130,audiovisual,250,,1,0.7340746999834664,0.7140746999834664,-20.0,389.7664757000166,sj
004,26,m,vandy,1,131,audiovisual,250,,1,1.1473671999992803,1.1273671999992803,-20.0,391.7104618999874,sj
004,26,m,vandy,1,132,audiovisual,200,,2,0.9607106999610551,0.940710699961055,-20.0,394.6179704000242,sj
004,26,m,vandy,1,133,audiovisual,-100,,1,0.6409491000231355,0.6209491000231355,-20.0,397.5123260000255,sj
004,26,m,vandy,1,134,audiovisual,300,,2,0.8812983999960124,0.8612983999960124,-20.0,399.2197005000198,sj
004,26,m,vandy,1,135,audiovisual,300,,2,0.8140791999758221,0.7940791999758221,-20.0,401.63456809998024,sj
004,26,m,vandy,1,136,audiovisual,150,,1,0.8004746000515297,0.7804746000515297,-20.0,403.90138659998775,sj
004,26,m,vandy,1,137,audiovisual,-50,,1,0.538046800007578,0.518046800007578,-20.0,406.7162078000256,sj
004,26,m,vandy,1,138,audiovisual,150,,1,0.6644323000218719,0.6444323000218719,-20.0,408.42697279999265,sj
004,26,m,vandy,1,139,audiovisual,-300,,2,0.7320143000106327,0.7120143000106327,-20.0,410.33059209998464,sj
004,26,m,vandy,1,140,audiovisual,200,,2,1.094137399981264,1.074137399981264,-20.0,412.15846040000906,sj
004,26,m,vandy,1,141,audiovisual,250,,2,1.160613199986983,1.140613199986983,-20.0,414.79917469999054,sj
004,26,m,vandy,1,142,audiovisual,-100,,1,0.946937299973797,0.926937299973797,-20.0,417.14625599997817,sj
004,26,m,vandy,1,143,audiovisual,0,,1,0.6001786999986507,0.5801786999986507,-20.0,419.5605738000013,sj
004,26,m,vandy,1,144,audiovisual,-50,,1,0.6800962000270374,0.6600962000270374,-20.0,421.96142840001266,sj
004,26,m,vandy,1,145,audiovisual,-200,,1,0.8805306000285782,0.8605306000285782,-20.0,424.4957501000026,sj
004,26,m,vandy,1,146,audiovisual,-200,,2,1.027984899992589,1.007984899992589,-20.0,427.3364744000137,sj
004,26,m,vandy,1,147,audiovisual,-250,,1,0.6670016000280157,0.6470016000280157,-20.0,429.65768629999366,sj
004,26,m,vandy,1,148,audiovisual,0,,1,0.7743192000198178,0.7543192000198178,-20.0,431.41795390000334,sj
004,26,m,vandy,1,149,audiovisual,200,,2,0.9070043999818154,0.8870043999818154,-20.0,433.44627379998565,sj
004,26,m,vandy,1,150,audiovisual,-50,,1,0.8945068999892101,0.87450689998921,-20.0,435.8996734999819,sj
004,26,m,vandy,1,151,audiovisual,0,,1,0.7838485999964178,0.7638485999964177,-20.0,437.9806422999827,sj
004,26,m,vandy,1,152,audiovisual,0,,1,0.8269076999858953,0.8069076999858953,-20.0,440.12801009998657,sj
004,26,m,vandy,1,153,audiovisual,-150,,1,1.3208762999856845,1.3008762999856844,-20.0,442.2753741000197,sj
004,26,m,vandy,1,154,audiovisual,100,,1,0.7358231000252999,0.7158231000252999,-20.0,445.4102349000168,sj
004,26,m,vandy,1,155,audiovisual,150,,1,0.855950600001961,0.835950600001961,-20.0,447.30667910003103,sj
004,26,m,vandy,1,156,audiovisual,-150,,1,0.6656833000015467,0.6456833000015467,-20.0,449.4666892000241,sj
004,26,m,vandy,1,157,audiovisual,-100,,1,0.5739622000255622,0.5539622000255622,-20.0,451.21195620001527,sj
004,26,m,vandy,1,158,audiovisual,300,,2,0.9464225999545306,0.9264225999545306,-20.0,452.8521777000278,sj
004,26,m,vandy,1,159,audiovisual,150,,1,0.8276588000007905,0.8076588000007905,-20.0,455.49320570001146,sj
004,26,m,vandy,1,160,audiovisual,50,,1,0.7477593999938108,0.7277593999938108,-20.0,457.48163809999824,sj
004,26,m,vandy,1,161,audiovisual,300,,2,0.907367100007832,0.887367100007832,-20.0,460.05621980002616,sj
004,26,m,vandy,1,162,audiovisual,-250,,2,0.8270927999983542,0.8070927999983541,-20.0,462.14963890000945,sj
004,26,m,vandy,1,163,audiovisual,100,,1,0.6804478999692947,0.6604478999692946,-20.0,464.29631060000975,sj
004,26,m,vandy,1,164,audiovisual,250,,1,0.9210524000227451,0.9010524000227451,-20.0,466.37696620001225,sj
004,26,m,vandy,1,165,audiovisual,50,,1,0.6945262000081129,0.6745262000081129,-20.0,468.61908720002975,sj
004,26,m,vandy,1,166,audiovisual,50,,1,0.6694635999738239,0.6494635999738239,-20.0,470.9267703000223,sj
004,26,m,vandy,1,167,audiovisual,-50,,1,0.7063374000135809,0.6863374000135809,-20.0,472.9551997000235,sj
004,26,m,vandy,1,168,audiovisual,-150,,1,0.7613264999818057,0.7413264999818057,-20.0,475.1814629000146,sj
004,26,m,vandy,1,169,audiovisual,0,,1,0.6310885000275448,0.6110885000275448,-20.0,477.7156955000246,sj
004,26,m,vandy,1,170,audiovisual,-300,,2,0.79048279998824,0.77048279998824,-20.0,479.86650689999806,sj
004,26,m,vandy,1,171,audiovisual,0,,1,0.640997399983462,0.6209973999834619,-20.0,482.3061616999912,sj
004,26,m,vandy,1,172,audiovisual,-150,,1,0.5727551000309177,0.5527551000309177,-20.0,484.34622950002085,sj
004,26,m,vandy,1,173,audiovisual,-250,,2,0.8536541000357829,0.8336541000357829,-20.0,486.59881809999933,sj
004,26,m,vandy,1,174,audiovisual,200,,1,0.6933904999750666,0.6733904999750666,-20.0,488.91974969999865,sj
004,26,m,vandy,1,175,audiovisual,-100,,1,0.5469840000150725,0.5269840000150725,-20.0,491.10698029998457,sj
004,26,m,vandy,1,176,audiovisual,-150,,1,0.6285014000022784,0.6085014000022784,-20.0,492.7871344999876,sj
004,26,m,vandy,1,177,audiovisual,300,,2,0.8283741000341251,0.8083741000341251,-20.0,494.82893060002243,sj
004,26,m,vandy,1,178,audiovisual,250,,1,0.6777170000132173,0.6577170000132173,-20.0,497.3765852000215,sj
004,26,m,vandy,1,179,audiovisual,300,,1,0.8671022999915294,0.8471022999915294,-20.0,499.28371679998236,sj
004,26,m,vandy,1,180,audiovisual,300,,2,1.2023827999946661,1.1823827999946661,-20.0,501.41665129998,sj
004,26,m,vandy,1,181,audiovisual,200,,1,0.7337610000395216,0.7137610000395216,-20.0,504.27299750002567,sj
004,26,m,vandy,1,182,audiovisual,-250,,2,0.8282546999980696,0.8082546999980695,-20.0,506.91241590003483,sj
004,26,m,vandy,1,183,audiovisual,50,,1,0.5600861999555491,0.5400861999555491,-20.0,508.8742756000138,sj
004,26,m,vandy,1,184,audiovisual,-150,,1,0.760389800008852,0.740389800008852,-20.0,511.19368520000717,sj
004,26,m,vandy,1,185,audiovisual,300,,2,0.8400482999859378,0.8200482999859378,-20.0,513.3414941999945,sj
004,26,m,vandy,1,186,audiovisual,-150,,1,0.7435752000310458,0.7235752000310458,-20.0,515.4881778000272,sj
004,26,m,vandy,1,187,audiovisual,250,,1,0.8003256000229158,0.7803256000229157,-20.0,517.4894158000243,sj
004,26,m,vandy,1,188,audiovisual,-250,,2,0.8002641000202857,0.7802641000202857,-20.0,519.6663100000005,sj
004,26,m,vandy,1,189,audiovisual,300,,2,1.0001330999657512,0.9801330999657512,-20.0,522.1577767999843,sj
004,26,m,vandy,1,190,audiovisual,50,,1,0.5480960999848321,0.5280960999848321,-20.0,524.6384972999804,sj
004,26,m,vandy,1,191,audiovisual,-200,,1,0.8936743999947794,0.8736743999947794,-20.0,526.4673287000041,sj
004,26,m,vandy,1,192,audiovisual,-250,,2,1.2670567000168376,1.2470567000168375,-20.0,528.9464328000322,sj
004,26,m,vandy,1,193,audiovisual,0,,1,0.5068413999979384,0.4868413999979384,-20.0,531.8814610000118,sj
004,26,m,vandy,1,194,audiovisual,-150,,1,0.4676383000332862,0.4476383000332862,-20.0,534.082479899982,sj
004,26,m,vandy,1,195,audiovisual,50,,1,0.6136654999572784,0.5936654999572784,-20.0,536.4974705000059,sj
004,26,m,vandy,1,196,audiovisual,-250,,2,0.707376700011082,0.687376700011082,-20.0,539.0843702999991,sj
004,26,m,vandy,1,197,audiovisual,-200,,1,0.6279441000078805,0.6079441000078805,-20.0,540.8179176999838,sj
004,26,m,vandy,1,198,audiovisual,-100,,1,0.6797766000381671,0.6597766000381671,-20.0,542.9262716000085,sj
004,26,m,vandy,1,199,audiovisual,-300,,1,1.3077124999836087,1.2877124999836087,-20.0,545.4590400999878,sj
004,26,m,vandy,1,200,audiovisual,-200,,1,0.8667601000051945,0.8467601000051945,-20.0,548.7680258000037,sj
004,26,m,vandy,1,201,audiovisual,250,,1,0.9202897999784909,0.9002897999784909,-20.0,551.5149466000148,sj
004,26,m,vandy,1,202,audiovisual,100,,1,0.6141270999796689,0.5941270999796688,-20.0,553.8897005000035,sj
004,26,m,vandy,1,203,audiovisual,-250,,2,0.7735935999662615,0.7535935999662615,-20.0,555.7972586000105,sj
004,26,m,vandy,1,204,audiovisual,300,,2,1.1884024000028148,1.1684024000028148,-20.0,557.9312344000209,sj
004,26,m,vandy,1,205,audiovisual,300,,2,1.1995877999579534,1.1795877999579534,-20.0,560.8661240999936,sj
004,26,m,vandy,1,206,audiovisual,-200,,1,0.7866418000194244,0.7666418000194244,-20.0,563.8268554999959,sj
004,26,m,vandy,1,207,audiovisual,-200,,1,0.7340711999568157,0.7140711999568157,-20.0,566.3745010999846,sj
004,26,m,vandy,1,208,audiovisual,-50,,1,0.6177383000031114,0.5977383000031113,-20.0,568.1884607999818,sj
004,26,m,vandy,1,209,audiovisual,-150,,1,0.7570136000285856,0.7370136000285856,-20.0,570.7264088999946,sj
004,26,m,vandy,1,210,audiovisual,-150,,1,0.8419226999976672,0.8219226999976672,-20.0,572.8834125000285,sj
004,26,m,vandy,1,211,audiovisual,50,,1,0.7072698000119999,0.6872698000119999,-20.0,575.1114572000224,sj
004,26,m,vandy,1,212,audiovisual,-50,,1,0.7736586999963038,0.7536586999963037,-20.0,576.9913874000194,sj
004,26,m,vandy,1,213,audiovisual,-150,,1,0.9050218999618664,0.8850218999618664,-20.0,579.5126967999968,sj
004,26,m,vandy,1,214,audiovisual,100,,1,0.9079177999519743,0.8879177999519743,-20.0,582.1795819000108,sj
004,26,m,vandy,1,215,audiovisual,-150,,1,0.6268678000196815,0.6068678000196814,-20.0,585.0084924999974,sj
004,26,m,vandy,1,216,audiovisual,100,,1,0.6234591000247747,0.6034591000247747,-20.0,587.127626600035,sj
004,26,m,vandy,1,217,audiovisual,-200,,1,1.3106411999906413,1.2906411999906413,-20.0,588.8894350000191,sj
004,26,m,vandy,1,218,audiovisual,-250,,2,1.5496199000044726,1.5296199000044726,-20.0,591.5060405000113,sj
004,26,m,vandy,1,219,audiovisual,50,,1,0.6271189000108279,0.6071189000108279,-20.0,594.8262774000177,sj
004,26,m,vandy,1,220,audiovisual,100,,1,0.6796378000290133,0.6596378000290133,-20.0,596.6779725999804,sj
004,26,m,vandy,1,221,audiovisual,-150,,1,0.8408336999709718,0.8208336999709718,-20.0,598.6784210000187,sj
004,26,m,vandy,1,222,audiovisual,150,,1,0.946612500003539,0.926612500003539,-20.0,601.3744912000257,sj
004,26,m,vandy,1,223,audiovisual,-150,,1,0.7746730999788269,0.7546730999788269,-20.0,604.1473779000225,sj
004,26,m,vandy,1,224,audiovisual,150,,1,0.6806174999801442,0.6606174999801442,-20.0,606.549413700006,sj
004,26,m,vandy,1,225,audiovisual,-150,,1,0.6403920999728143,0.6203920999728143,-20.0,608.8829140000162,sj
004,26,m,vandy,1,226,audiovisual,-50,,1,0.6156955999904312,0.5956955999904312,-20.0,610.6059091000352,sj
004,26,m,vandy,1,227,audiovisual,300,,2,0.8399299000157043,0.8199299000157043,-20.0,612.3261772000114,sj
004,26,m,vandy,1,228,audiovisual,100,,1,0.7870974999968894,0.7670974999968894,-20.0,614.6176356999786,sj
004,26,m,vandy,1,229,audiovisual,300,,1,0.9210612999740988,0.9010612999740988,-20.0,616.6994736000197,sj
004,26,m,vandy,1,230,audiovisual,150,,1,0.8011601999751292,0.7811601999751292,-20.0,618.8469769000076,sj
004,26,m,vandy,1,231,audiovisual,-100,,1,0.6809771999833174,0.6609771999833174,-20.0,621.3681278000004,sj
004,26,m,vandy,1,232,audiovisual,200,,1,0.7868689999449998,0.7668689999449998,-20.0,623.5682391999871,sj
004,26,m,vandy,1,233,audiovisual,-100,,1,0.6271962999599054,0.6071962999599054,-20.0,625.9156956999796,sj
004,26,m,vandy,1,234,audiovisual,-250,,2,0.8398713000351563,0.8198713000351563,-20.0,627.8105852000299,sj
004,26,m,vandy,1,235,audiovisual,-50,,1,0.5737353999866173,0.5537353999866172,-20.0,630.1855082000257,sj
004,26,m,vandy,1,236,audiovisual,200,,1,0.7714880999992602,0.7514880999992601,-20.0,632.0114372000098,sj
004,26,m,vandy,1,237,audiovisual,-300,,2,0.8269682999816723,0.8069682999816723,-20.0,634.7184161000187,sj
004,26,m,vandy,1,238,audiovisual,-100,,1,0.5871711000218056,0.5671711000218056,-20.0,636.7460142000346,sj
004,26,m,vandy,1,239,audiovisual,-50,,1,0.5094503999571316,0.4894503999571316,-20.0,638.5470290000085,sj
004,26,m,vandy,1,240,audiovisual,150,,1,0.7070796000189148,0.6870796000189148,-20.0,640.5764043999952,sj
004,26,m,vandy,1,241,audiovisual,-250,,2,0.8266273000044748,0.8066273000044748,-20.0,643.0421199999982,sj
004,26,m,vandy,1,242,audiovisual,-200,,1,0.599014499981422,0.579014499981422,-20.0,645.4825162999914,sj
004,26,m,vandy,1,243,audiovisual,-300,,2,0.8399586000014096,0.8199586000014096,-20.0,647.1250936000142,sj
004,26,m,vandy,1,244,audiovisual,-50,,1,0.5072396000032313,0.4872396000032313,-20.0,649.9776232999866,sj
004,26,m,vandy,1,245,audiovisual,200,,1,0.733728599967435,0.713728599967435,-20.0,651.8317425000132,sj
004,26,m,vandy,1,246,audiovisual,50,,1,0.6796352999517694,0.6596352999517694,-20.0,654.2599557000212,sj
004,26,m,vandy,1,247,audiovisual,-250,,2,0.8829177999868989,0.8629177999868989,-20.0,656.5667536000255,sj
004,26,m,vandy,1,248,audiovisual,150,,1,0.6786627999972552,0.6586627999972552,-20.0,659.2776846000343,sj
004,26,m,vandy,1,249,audiovisual,-100,,1,0.6780047999927774,0.6580047999927774,-20.0,661.835666500032,sj
004,26,m,vandy,1,250,audiovisual,300,,1,0.8144024999928661,0.794402499992866,-20.0,664.3836198000354,sj
004,26,m,vandy,1,251,audiovisual,300,,1,0.7862921999767423,0.7662921999767422,-20.0,666.8110834999825,sj
004,26,m,vandy,1,252,audiovisual,250,,1,0.6805651999893598,0.6605651999893598,-20.0,669.2239973000251,sj
004,26,m,vandy,1,253,audiovisual,-250,,2,0.9742667000391521,0.954266700039152,-20.0,671.7459505000152,sj
004,26,m,vandy,1,254,audiovisual,250,,1,0.7474577000248246,0.7274577000248246,-20.0,674.3868745000218,sj
004,26,m,vandy,1,255,audiovisual,-50,,1,0.5998017999809235,0.5798017999809235,-20.0,676.4142326000147,sj
004,26,m,vandy,1,256,audiovisual,-250,,1,1.144411199958995,1.124411199958995,-20.0,678.4411286999821,sj
004,26,m,vandy,1,257,audiovisual,200,,1,0.8004313000128604,0.7804313000128604,-20.0,681.1898586000316,sj
004,26,m,vandy,1,258,audiovisual,-300,,2,0.8684689999790862,0.8484689999790862,-20.0,683.9903847000096,sj
004,26,m,vandy,1,259,audiovisual,-50,,1,0.6675282000214793,0.6475282000214793,-20.0,686.3657125000027,sj
004,26,m,vandy,1,260,audiovisual,-250,,1,0.8266338999965228,0.8066338999965228,-20.0,688.2991063999943,sj
004,26,m,vandy,1,261,audiovisual,-50,,1,0.6407633000053465,0.6207633000053465,-20.0,690.4593139999779,sj
004,26,m,vandy,1,262,audiovisual,0,,1,0.7080135999713093,0.6880135999713093,-20.0,692.3144457000308,sj
004,26,m,vandy,1,263,audiovisual,50,,1,0.5611313999979757,0.5411313999979757,-20.0,694.7281476000207,sj
004,26,m,vandy,1,264,audiovisual,150,,1,0.6536323999753222,0.6336323999753222,-20.0,696.4757450000034,sj
004,26,m,vandy,1,265,audiovisual,50,,1,0.5354224999900907,0.5154224999900907,-20.0,698.9693396000075,sj
004,26,m,vandy,1,266,audiovisual,100,,1,0.6427034999942407,0.6227034999942407,-20.0,701.3852110999869,sj
004,26,m,vandy,1,267,audiovisual,250,,1,0.8136958000250161,0.793695800025016,-20.0,703.4139752000337,sj
004,26,m,vandy,1,268,audiovisual,200,,1,0.6144022999797016,0.5944022999797016,-20.0,705.8779539000243,sj
004,26,m,vandy,1,269,audiovisual,100,,1,0.3743792999885045,0.3543792999885045,-20.0,707.8124756999896,sj
004,26,m,vandy,1,270,audiovisual,200,,1,0.5600330000161193,0.5400330000161193,-20.0,709.8400214000139,sj
004,26,m,vandy,1,271,audiovisual,0,,1,0.33306889998493716,0.31306889998493714,-20.0,711.5464110000175,sj
004,26,m,vandy,1,272,audiovisual,-150,,1,0.40092669997829944,0.3809266999782994,-20.0,713.0675168000162,sj
004,26,m,vandy,1,273,audiovisual,-300,,2,1.0703441999503411,1.0503441999503411,-20.0,714.881789600011,sj
004,26,m,vandy,1,274,audiovisual,-250,,1,0.7767444999772124,0.7567444999772124,-20.0,717.5658483000007,sj
004,26,m,vandy,1,275,audiovisual,-200,,1,0.6953376999590546,0.6753376999590546,-20.0,719.9659155000118,sj
004,26,m,vandy,1,276,audiovisual,250,,1,0.8295330000109971,0.809533000010997,-20.0,721.7254952000221,sj
004,26,m,vandy,1,277,audiovisual,150,,1,0.7206351999775507,0.7006351999775506,-20.0,723.5948980000103,sj
004,26,m,vandy,1,278,audiovisual,200,,1,0.6538199000060558,0.6338199000060558,-20.0,725.8588279000251,sj
004,26,m,vandy,1,279,audiovisual,-200,,1,0.8138944000238553,0.7938944000238553,-20.0,727.9791501000291,sj
004,26,m,vandy,1,280,audiovisual,150,,1,0.7337436000234447,0.7137436000234447,-20.0,730.073772200034,sj
004,26,m,vandy,1,281,audiovisual,-200,,1,0.8708831000258215,0.8508831000258215,-20.0,732.4743310000049,sj
004,26,m,vandy,1,282,audiovisual,250,,1,1.3038444999838248,1.2838444999838248,-20.0,734.7059366999893,sj
004,26,m,vandy,1,283,audiovisual,-100,,1,0.6400594000006095,0.6200594000006094,-20.0,737.1692948000273,sj
004,26,m,vandy,1,284,audiovisual,300,,2,1.8009349000058137,1.7809349000058137,-20.0,738.9456253999961,sj
004,26,m,vandy,1,285,audiovisual,200,,1,0.7612427999847569,0.7412427999847568,-20.0,742.1462034999859,sj
004,26,m,vandy,1,286,audiovisual,-50,,1,0.6415675999596715,0.6215675999596715,-20.0,744.3463507000124,sj
004,26,m,vandy,1,287,audiovisual,-250,,1,1.3071268000057898,1.2871268000057898,-20.0,746.3468833999941,sj
004,26,m,vandy,1,288,audiovisual,150,,1,0.7702475000405684,0.7502475000405684,-20.0,749.281247499981,sj
004,26,m,vandy,1,289,audiovisual,-200,,1,1.014456800010521,0.994456800010521,-20.0,751.4159743000055,sj
004,26,m,vandy,1,290,audiovisual,-200,,1,0.853831899992656,0.833831899992656,-20.0,753.8156400999869,sj
004,26,m,vandy,1,291,audiovisual,-150,,1,0.7999944999464788,0.7799944999464787,-20.0,755.8568183000316,sj
004,26,m,vandy,1,292,audiovisual,100,,1,0.6005314000067301,0.5805314000067301,-20.0,757.856554900005,sj
004,26,m,vandy,1,293,audiovisual,300,,1,0.7603495999937877,0.7403495999937877,-20.0,759.606077799981,sj
004,26,m,vandy,1,294,audiovisual,150,,1,0.6276225000037812,0.6076225000037812,-20.0,761.8722629999975,sj
004,26,m,vandy,1,295,audiovisual,200,,1,0.60026450001169,0.5802645000116899,-20.0,763.9129798000213,sj
004,26,m,vandy,1,296,audiovisual,150,,1,0.5471621000324376,0.5271621000324376,-20.0,765.9263424000237,sj
004,26,m,vandy,1,297,audiovisual,-50,,1,0.5060367000405677,0.48603670004056765,-20.0,767.6346865000087,sj
004,26,m,vandy,1,298,audiovisual,-200,,1,0.8800616000080481,0.8600616000080481,-20.0,769.8879477999872,sj
004,26,m,vandy,1,299,audiovisual,150,,1,0.5866752000292763,0.5666752000292763,-20.0,772.7292500000331,sj
004,26,m,vandy,1,300,audiovisual,0,,1,0.5746904999832623,0.5546904999832623,-20.0,775.1565117000137,sj
004,26,m,vandy,1,301,audiovisual,0,,1,0.6940341999870725,0.6740341999870725,-20.0,777.2518882000004,sj
004,26,m,vandy,1,302,audiovisual,-250,,1,0.8547893000068143,0.8347893000068143,-20.0,779.6382663000259,sj
004,26,m,vandy,1,303,audiovisual,250,,1,0.7873917000251822,0.7673917000251822,-20.0,781.5203810000094,sj
004,26,m,vandy,1,304,audiovisual,-100,,1,0.7083563999622129,0.6883563999622129,-20.0,783.4269589000032,sj
004,26,m,vandy,1,305,audiovisual,100,,1,0.7597794999601319,0.7397794999601319,-20.0,785.8019573999918,sj
004,26,m,vandy,1,306,audiovisual,-250,,2,0.8779462999664247,0.8579462999664247,-20.0,788.1480781999999,sj
004,26,m,vandy,1,307,audiovisual,100,,1,0.6669595999992453,0.6469595999992452,-20.0,790.4832996000187,sj
004,26,m,vandy,1,308,audiovisual,200,,1,0.8138118999777362,0.7938118999777362,-20.0,792.297060700017,sj
004,26,m,vandy,1,309,audiovisual,-100,,1,0.7477223000023514,0.7277223000023514,-20.0,794.8571430000011,sj
004,26,m,vandy,1,310,audiovisual,-100,,1,0.5607151000294834,0.5407151000294834,-20.0,797.0459115999984,sj
004,26,m,vandy,1,311,audiovisual,-50,,1,0.5605695000267588,0.5405695000267587,-20.0,799.0992687999969,sj
004,26,m,vandy,1,312,audiovisual,250,,1,0.8139800999779254,0.7939800999779254,-20.0,801.5801659999997,sj
004,26,m,vandy,1,313,audiovisual,-200,,1,0.8939550999784842,0.8739550999784842,-20.0,803.8339661000064,sj
004,26,m,vandy,1,314,audiovisual,-300,,1,1.0683273000176996,1.0483273000176996,-20.0,805.8748607999878,sj
004,26,m,vandy,1,315,audiovisual,-100,,1,0.7501439000479877,0.7301439000479877,-20.0,808.505321100005,sj
004,26,m,vandy,1,316,audiovisual,300,,2,0.9346348000108264,0.9146348000108264,-20.0,810.3459561000345,sj
004,26,m,vandy,1,317,audiovisual,100,,1,0.7468453000183217,0.7268453000183217,-20.0,812.8916689000325,sj
004,26,m,vandy,1,318,audiovisual,150,,1,0.7875162999844179,0.7675162999844178,-20.0,814.7176424000063,sj
004,26,m,vandy,1,319,audiovisual,-150,,1,0.6535777999670245,0.6335777999670245,-20.0,817.1588684000308,sj
004,26,m,vandy,1,320,audiovisual,-200,,1,0.7341699000098743,0.7141699000098742,-20.0,818.8666895999922,sj
004,26,m,vandy,1,321,audiovisual,250,,1,0.8803258999832906,0.8603258999832906,-20.0,821.3876079000183,sj
004,26,m,vandy,1,322,audiovisual,-100,,1,0.586790400033351,0.566790400033351,-20.0,823.8814749000012,sj
004,26,m,vandy,1,323,audiovisual,-150,,1,0.787486799992621,0.7674867999926209,-20.0,826.0684106000117,sj
004,26,m,vandy,1,324,audiovisual,-200,,1,0.7207100000232458,0.7007100000232458,-20.0,828.696920700022,sj
004,26,m,vandy,1,325,audiovisual,0,,1,0.5723756999941543,0.5523756999941543,-20.0,830.697144899983,sj
004,26,m,vandy,1,326,audiovisual,200,,1,0.6279023000388406,0.6079023000388406,-20.0,832.6974781000172,sj
004,26,m,vandy,1,327,audiovisual,50,,1,0.45280729996738955,0.43280729996738954,-20.0,834.4590959000052,sj
004,26,m,vandy,1,328,audiovisual,-250,,2,1.122313799976837,1.1023137999768369,-20.0,836.6858479999937,sj
004,26,m,vandy,1,329,audiovisual,100,,1,0.5212873999844305,0.5012873999844305,-20.0,839.1957321999944,sj
004,26,m,vandy,1,330,audiovisual,200,,1,0.5890013999887742,0.5690013999887742,-20.0,841.5551092000096,sj
004,26,m,vandy,1,331,audiovisual,250,,1,0.6913774000131525,0.6713774000131525,-20.0,844.1055437999894,sj
004,26,m,vandy,1,332,audiovisual,50,,1,0.45373149996157736,0.43373149996157734,-20.0,846.1968449000269,sj
004,26,m,vandy,1,333,audiovisual,-300,,2,0.7600198999862187,0.7400198999862186,-20.0,848.009699599992,sj
004,26,m,vandy,1,334,audiovisual,200,,1,0.6533292999956757,0.6333292999956757,-20.0,849.9706776000094,sj
004,26,m,vandy,1,335,audiovisual,-100,,1,0.6282849999843165,0.6082849999843165,-20.0,851.9723308000248,sj
004,26,m,vandy,1,336,audiovisual,-300,,2,0.9738600000273436,0.9538600000273436,-20.0,854.4806213999982,sj
004,26,m,vandy,1,337,audiovisual,-150,,1,0.6541068999795243,0.6341068999795243,-20.0,857.0001989000011,sj
004,26,m,vandy,1,338,audiovisual,250,,1,1.4940685000037774,1.4740685000037774,-20.0,859.5344801000319,sj
004,26,m,vandy,1,339,audiovisual,-300,,2,1.0539655999746174,1.0339655999746173,-20.0,862.2286608000286,sj
004,26,m,vandy,1,340,audiovisual,250,,1,1.853814499976579,1.833814499976579,-20.0,864.5495098999818,sj
004,26,m,vandy,1,341,audiovisual,150,,1,0.7072198999812827,0.6872198999812826,-20.0,867.6849336000159,sj
004,26,m,vandy,1,342,audiovisual,-100,,1,0.6671747000073083,0.6471747000073083,-20.0,869.9780237000086,sj
004,26,m,vandy,1,343,audiovisual,0,,1,0.7321699999738485,0.7121699999738484,-20.0,871.7790641000029,sj
004,26,m,vandy,1,344,audiovisual,-300,,2,0.8659040000056848,0.8459040000056848,-20.0,874.5255498000188,sj
004,26,m,vandy,1,345,audiovisual,200,,1,0.8677903999923728,0.8477903999923728,-20.0,876.74174149998,sj
004,26,m,vandy,1,346,audiovisual,-300,,2,1.013926799991168,0.9939267999911681,-20.0,878.8356480000075,sj
004,26,m,vandy,1,347,audiovisual,0,,1,0.640717800008133,0.620717800008133,-20.0,881.5688004000112,sj
004,26,m,vandy,1,348,audiovisual,50,,1,0.813980899984017,0.793980899984017,-20.0,883.3293249999988,sj
004,26,m,vandy,1,349,audiovisual,0,,1,0.7073365999967791,0.6873365999967791,-20.0,886.0509875999996,sj
004,26,m,vandy,1,350,audiovisual,-250,,2,0.96043809998082,0.94043809998082,-20.0,887.9060115999891,sj
004,26,m,vandy,1,351,audiovisual,300,,2,1.2437409999547526,1.2237409999547526,-20.0,890.8654950000346,sj
004,26,m,vandy,1,352,audiovisual,300,,2,1.0352769999881275,1.0152769999881275,-20.0,893.2430927000241,sj
004,26,m,vandy,1,353,audiovisual,-100,,1,0.6806827999535017,0.6606827999535017,-20.0,896.0803944999934,sj
004,26,m,vandy,1,354,audiovisual,-100,,1,0.640643699967768,0.620643699967768,-20.0,898.0279786000028,sj
004,26,m,vandy,1,355,audiovisual,-300,,2,1.026937499991618,1.006937499991618,-20.0,899.8158745000255,sj
004,26,m,vandy,1,356,audiovisual,-300,,2,1.0677340000402182,1.0477340000402182,-20.0,902.6702911999892,sj
004,26,m,vandy,1,357,audiovisual,150,,1,0.7471157999825664,0.7271157999825664,-20.0,905.6983359000296,sj
004,26,m,vandy,1,358,audiovisual,300,,2,1.2944863000302576,1.2744863000302575,-20.0,908.0728430000017,sj
004,26,m,vandy,1,359,audiovisual,150,,1,0.7868959999759682,0.7668959999759681,-20.0,910.9802609999897,sj
004,26,m,vandy,1,360,audiovisual,100,,1,0.9236569000058807,0.9036569000058807,-20.0,913.2467190999887,sj
004,26,m,vandy,1,361,audiovisual,250,,1,1.3094358000089414,1.2894358000089414,-20.0,915.4747498999932,sj
004,26,m,vandy,1,362,audiovisual,0,,1,0.7867538999998942,0.7667538999998942,-20.0,917.8252467000275,sj
004,26,m,vandy,1,363,audiovisual,250,,2,0.8550857999944128,0.8350857999944128,-20.0,919.8759233999881,sj
004,26,m,vandy,1,364,audiovisual,250,,1,1.1611083999741822,1.1411083999741822,-20.0,922.5055377000244,sj
004,26,m,vandy,1,365,audiovisual,300,,2,0.9732739999890327,0.9532739999890327,-20.0,925.4788994999835,sj
004,26,m,vandy,1,366,audiovisual,250,,2,1.4155371999950148,1.3955371999950148,-20.0,927.532166399993,sj
004,26,m,vandy,1,367,audiovisual,-50,,1,0.7594963999581523,0.7394963999581523,-20.0,930.4950664000353,sj
004,26,m,vandy,1,368,audiovisual,300,,2,1.8811491999658756,1.8611491999658756,-20.0,933.1072538000299,sj
004,26,m,vandy,1,369,audiovisual,-150,,1,0.7204527999856509,0.7004527999856509,-20.0,936.1494692999986,sj
004,26,m,vandy,1,370,audiovisual,100,,1,0.7602854000288062,0.7402854000288062,-20.0,937.8960089000175,sj
004,26,m,vandy,1,371,audiovisual,-150,,1,0.8676677999901585,0.8476677999901585,-20.0,940.1655981999938,sj
004,26,m,vandy,1,372,audiovisual,-150,,1,0.7604546999791637,0.7404546999791637,-20.0,942.4587687000167,sj
004,26,m,vandy,1,373,audiovisual,200,,2,1.3238934999681078,1.3038934999681078,-20.0,944.3519935000222,sj
004,26,m,vandy,1,374,audiovisual,300,,2,1.0013985999976285,0.9813985999976285,-20.0,947.2334321999806,sj
004,26,m,vandy,1,375,audiovisual,50,,1,0.7475917000556365,0.7275917000556364,-20.0,950.1676791000064,sj
004,26,m,vandy,1,376,audiovisual,-200,,1,0.9733566999784671,0.9533566999784671,-20.0,952.0482222000137,sj
004,26,m,vandy,1,377,audiovisual,50,,1,0.7053477999870665,0.6853477999870665,-20.0,954.8486944999895,sj
004,26,m,vandy,1,378,audiovisual,250,,1,1.0549949999549426,1.0349949999549426,-20.0,956.9302970999852,sj
004,26,m,vandy,1,379,audiovisual,100,,1,0.8533624000265263,0.8333624000265263,-20.0,959.4657621000079,sj
004,26,m,vandy,1,380,audiovisual,300,,2,1.3082465999759734,1.2882465999759733,-20.0,962.2917338000261,sj
004,26,m,vandy,1,381,audiovisual,50,,1,0.600916099967435,0.580916099967435,-20.0,964.733466500009,sj
004,26,m,vandy,1,382,audiovisual,-100,,1,0.7202080999850295,0.7002080999850295,-20.0,966.8277613000246,sj
004,26,m,vandy,1,383,audiovisual,-200,,1,0.8005090999649838,0.7805090999649837,-20.0,968.7073211999959,sj
004,26,m,vandy,1,384,audiovisual,-200,,1,0.9741053000325337,0.9541053000325337,-20.0,970.6282939999946,sj
004,26,m,vandy,1,385,audiovisual,-250,,1,1.1098738000146113,1.0898738000146113,-20.0,972.8822144999867,sj
004,26,m,vandy,1,386,audiovisual,-50,,1,0.8415184000041336,0.8215184000041336,-20.0,975.2059233000036,sj
004,26,m,vandy,1,387,audiovisual,200,,2,1.2273888000054285,1.2073888000054285,-20.0,977.5519751000102,sj
004,26,m,vandy,1,388,audiovisual,100,,1,0.7736748000024818,0.7536748000024818,-20.0,980.418444400013,sj
004,26,m,vandy,1,389,audiovisual,-200,,1,1.0410746000125073,1.0210746000125073,-20.0,982.9396223999793,sj
004,26,m,vandy,1,390,audiovisual,-150,,1,0.9068567000213079,0.8868567000213079,-20.0,985.0346538000158,sj
004,26,m,vandy,2,1,audiovisual,nan,,nan,0.37354649999178946,0.35354649999178944,-20.0,1092.245544400008,srt
004,26,m,vandy,2,2,audiovisual,nan,,nan,0.41387410002062097,0.39387410002062095,-20.0,1094.3323681000038,srt
004,26,m,vandy,2,3,audio,nan,,nan,0.23546860000351444,0.21546860000351445,-20.0,1095.6800514000352,srt
004,26,m,vandy,2,4,audiovisual,nan,,nan,0.2541699999710545,0.2341699999710545,-20.0,1097.185258499987,srt
004,26,m,vandy,2,5,audiovisual,nan,,nan,0.24096160003682598,0.220961600036826,-20.0,1099.9850268000155,srt
004,26,m,vandy,2,6,audiovisual,nan,,nan,0.21425909997196868,0.1942590999719687,-20.0,1102.1476854999783,srt
004,26,m,vandy,2,7,audiovisual,nan,,nan,0.21469980000983924,0.19469980000983925,-20.0,1104.0406459000078,srt
004,26,m,vandy,2,8,visual,nan,,nan,0.28005030000349507,0.28005030000349507,-20.0,1105.8684083999833,srt
004,26,m,vandy,2,9,audiovisual,nan,,nan,0.2270966999931261,0.2070966999931261,-20.0,1108.6540347000118,srt
004,26,m,vandy,2,10,visual,nan,,nan,0.41341159999137744,0.41341159999137744,-20.0,1110.2555222000228,srt
004,26,m,vandy,2,11,audiovisual,nan,,nan,0.23945489997277036,0.21945489997277037,-20.0,1111.5077731999918,srt
004,26,m,vandy,2,12,audiovisual,nan,,nan,0.20997379999607801,0.18997379999607802,-20.0,1113.5882709000143,srt
004,26,m,vandy,2,13,audiovisual,nan,,nan,0.1987428999855183,0.17874289998551832,-20.0,1115.618082400004,srt
004,26,m,vandy,2,14,audiovisual,nan,,nan,0.19963960000313818,0.1796396000031382,-20.0,1117.9767170000123,srt
004,26,m,vandy,2,15,visual,nan,,nan,0.38468489999650046,0.38468489999650046,-20.0,1120.4974155999953,srt
004,26,m,vandy,2,16,visual,nan,,nan,0.3476240999880247,0.3476240999880247,-20.0,1123.2723481000285,srt
004,26,m,vandy,2,17,visual,nan,,nan,0.371862499974668,0.371862499974668,-20.0,1124.5661095000105,srt
004,26,m,vandy,2,18,audio,nan,,nan,0.3485332999844104,0.3285332999844104,-20.0,1126.5401508000214,srt
004,26,m,vandy,2,19,visual,nan,,nan,0.42679419997148216,0.42679419997148216,-20.0,1128.837197899993,srt
004,26,m,vandy,2,20,audiovisual,nan,,nan,0.2945167999714613,0.2745167999714613,-20.0,1130.6614928999916,srt
004,26,m,vandy,2,21,audio,nan,,nan,0.34616790001746267,0.32616790001746265,-20.0,1131.8631887999945,srt
004,26,m,vandy,2,22,visual,nan,,nan,0.3044627000344917,0.3044627000344917,-20.0,1134.0755602000281,srt
004,26,m,vandy,2,23,audiovisual,nan,,nan,0.26664300000993535,0.24664300000993536,-20.0,1137.0511941000004,srt
004,26,m,vandy,2,24,visual,nan,,nan,0.3054784999694675,0.3054784999694675,-20.0,1139.2778150999802,srt
004,26,m,vandy,2,25,visual,nan,,nan,0.3068673000088893,0.3068673000088893,-20.0,1140.8524812000105,srt
004,26,m,vandy,2,26,visual,nan,,nan,0.2666993999737315,0.2666993999737315,-20.0,1142.186071300006,srt
004,26,m,vandy,2,27,audio,nan,,nan,0.5743865999975242,0.5543865999975242,-20.0,1145.2004244999844,srt
004,26,m,vandy,2,28,audio,nan,,nan,0.34948690002784133,0.3294869000278413,-20.0,1146.7483072000323,srt
004,26,m,vandy,2,29,visual,nan,,nan,0.2714735000045039,0.2714735000045039,-20.0,1148.0293703000061,srt
004,26,m,vandy,2,30,audiovisual,nan,,nan,0.2713067000149749,0.2513067000149749,-20.0,1150.4490809999988,srt
004,26,m,vandy,2,31,visual,nan,,nan,0.25466450001113117,0.25466450001113117,-20.0,1152.447597099992,srt
004,26,m,vandy,2,32,audiovisual,nan,,nan,0.22709040000336245,0.20709040000336246,-20.0,1154.6592294999864,srt
004,26,m,vandy,2,33,audiovisual,nan,,nan,0.24055129999760538,0.2205512999976054,-20.0,1157.2586721000262,srt
004,26,m,vandy,2,34,audio,nan,,nan,0.2253441999782808,0.20534419997828082,-20.0,1158.338196900033,srt
004,26,m,vandy,2,35,audio,nan,,nan,0.22719770000549033,0.20719770000549034,-20.0,1161.3524076000322,srt
004,26,m,vandy,2,36,visual,nan,,nan,0.3068994000204839,0.3068994000204839,-20.0,1163.5936797999893,srt
004,26,m,vandy,2,37,audio,nan,,nan,0.39170839998405427,0.37170839998405425,-20.0,1164.7541774000274,srt
004,26,m,vandy,2,38,visual,nan,,nan,0.25365279999095947,0.25365279999095947,-20.0,1166.0273035999853,srt
004,26,m,vandy,2,39,audio,nan,,nan,0.2571192000177689,0.2371192000177689,-20.0,1167.7418602000107,srt
004,26,m,vandy,2,40,audio,nan,,nan,0.2637295000022277,0.24372950000222773,-20.0,1169.7466791000334,srt
004,26,m,vandy,2,41,visual,nan,,nan,0.36198159999912605,0.36198159999912605,-20.0,1172.2101067000185,srt
004,26,m,vandy,2,42,audio,nan,,nan,0.21261519996915013,0.19261519996915014,-20.0,1174.6662148000323,srt
004,26,m,vandy,2,43,visual,nan,,nan,0.26805250003235415,0.26805250003235415,-20.0,1177.1188349000295,srt
004,26,m,vandy,2,44,visual,nan,,nan,0.25410620000911877,0.25410620000911877,-20.0,1178.7867987999925,srt
004,26,m,vandy,2,45,visual,nan,,nan,0.3199987999978475,0.3199987999978475,-20.0,1180.8943096000003,srt
004,26,m,vandy,2,46,audio,nan,,nan,0.21418070001527667,0.19418070001527668,-20.0,1182.254377299978,srt
004,26,m,vandy,2,47,audiovisual,nan,,nan,0.19126009999308735,0.17126009999308736,-20.0,1184.4965750999982,srt
004,26,m,vandy,2,48,audio,nan,,nan,0.3297006000066176,0.3097006000066176,-20.0,1186.1667798000271,srt
004,26,m,vandy,2,49,visual,nan,,nan,0.28071349998936057,0.28071349998936057,-20.0,1188.0957799000316,srt
004,26,m,vandy,2,50,audio,nan,,nan,0.35927660000743344,0.3392766000074334,-20.0,1189.8072096999967,srt
004,26,m,vandy,2,51,visual,nan,,nan,0.2534124000230804,0.2534124000230804,-20.0,1191.1253844000166,srt
004,26,m,vandy,2,52,audiovisual,nan,,nan,0.20000219997018576,0.18000219997018577,-20.0,1192.391246700019,srt
004,26,m,vandy,2,53,audiovisual,nan,,nan,0.2001833000103943,0.18018330001039431,-20.0,1194.3786140999873,srt
004,26,m,vandy,2,54,audiovisual,nan,,nan,0.22774389997357503,0.20774389997357504,-20.0,1196.7398953000084,srt
004,26,m,vandy,2,55,audiovisual,nan,,nan,0.20136349997483194,0.18136349997483195,-20.0,1198.1547164000222,srt
004,26,m,vandy,2,56,audio,nan,,nan,0.2665163000347093,0.24651630003470928,-20.0,1200.4756162000122,srt
004,26,m,vandy,2,57,audio,nan,,nan,0.3057349000009708,0.2857349000009708,-20.0,1202.101091300021,srt
004,26,m,vandy,2,58,visual,nan,,nan,0.36079220002284274,0.36079220002284274,-20.0,1205.1561271999963,srt
004,26,m,vandy,2,59,visual,nan,,nan,0.26702849997673184,0.26702849997673184,-20.0,1206.956110500032,srt
004,26,m,vandy,2,60,audio,nan,,nan,0.2535807000240311,0.2335807000240311,-20.0,1208.2505449000164,srt
004,26,m,vandy,2,61,audiovisual,nan,,nan,0.22685120004462078,0.2068512000446208,-20.0,1209.6367142000236,srt
004,26,m,vandy,2,62,visual,nan,,nan,0.33495530002983287,0.33495530002983287,-20.0,1211.278548500035,srt
004,26,m,vandy,2,63,visual,nan,,nan,0.24141489999601617,0.24141489999601617,-20.0,1212.5475837999838,srt
004,26,m,vandy,2,64,audio,nan,,nan,0.21331860002828762,0.19331860002828763,-20.0,1214.827138499997,srt
004,26,m,vandy,2,65,visual,nan,,nan,0.37356269999872893,0.37356269999872893,-20.0,1217.0937295000185,srt
004,26,m,vandy,2,66,audio,nan,,nan,0.24002660001860932,0.22002660001860933,-20.0,1220.2544066000264,srt
004,26,m,vandy,2,67,visual,nan,,nan,0.27039700001478195,0.27039700001478195,-20.0,1222.4427251000307,srt
004,26,m,vandy,2,68,audiovisual,nan,,nan,0.18723710003541782,0.16723710003541783,-20.0,1225.3664073999971,srt
004,26,m,vandy,2,69,visual,nan,,nan,0.2656565000070259,0.2656565000070259,-20.0,1228.2992350999848,srt
004,26,m,vandy,2,70,visual,nan,,nan,0.2800633999868296,0.2800633999868296,-20.0,1231.2580982000218,srt
004,26,m,vandy,2,71,audio,nan,,nan,0.2135083000175655,0.1935083000175655,-20.0,1233.0065302000148,srt
004,26,m,vandy,2,72,visual,nan,,nan,0.2686657999875024,0.2686657999875024,-20.0,1235.873144000012,srt
004,26,m,vandy,2,73,audio,nan,,nan,0.32110659999307245,0.30110659999307243,-20.0,1238.9576703000348,srt
004,26,m,vandy,2,74,audiovisual,nan,,nan,0.18993359996238723,0.16993359996238724,-20.0,1240.6610423999955,srt
004,26,m,vandy,2,75,audiovisual,nan,,nan,0.20311259996378794,0.18311259996378795,-20.0,1242.746265200025,srt
004,26,m,vandy,2,76,audio,nan,,nan,0.2271883999928832,0.20718839999288322,-20.0,1245.4271221000236,srt
004,26,m,vandy,2,77,audiovisual,nan,,nan,0.2152864999952726,0.19528649999527262,-20.0,1248.4512708000257,srt
004,26,m,vandy,2,78,audio,nan,,nan,0.24012999999104068,0.2201299999910407,-20.0,1249.9072957999888,srt
004,26,m,vandy,2,79,visual,nan,,nan,0.2676632999791764,0.2676632999791764,-20.0,1251.0787156000151,srt
004,26,m,vandy,2,80,audio,nan,,nan,0.2405016000266187,0.2205016000266187,-20.0,1253.308944999997,srt
004,26,m,vandy,2,81,visual,nan,,nan,0.2799421999952756,0.2799421999952756,-20.0,1254.6272022000048,srt
004,26,m,vandy,2,82,visual,nan,,nan,0.2804083999944851,0.2804083999944851,-20.0,1256.894599799998,srt
004,26,m,vandy,2,83,audio,nan,,nan,0.22652300004847348,0.2065230000484735,-20.0,1259.85678989999,srt
004,26,m,vandy,2,84,audio,nan,,nan,0.21143209998263046,0.19143209998263047,-20.0,1262.2287662000163,srt
004,26,m,vandy,2,85,audiovisual,nan,,nan,0.22599909995915368,0.2059990999591537,-20.0,1263.617505000031,srt
004,26,m,vandy,2,86,visual,nan,,nan,0.3463245000457391,0.3463245000457391,-20.0,1265.2568178999936,srt
004,26,m,vandy,2,87,audiovisual,nan,,nan,0.2011839000042528,0.1811839000042528,-20.0,1266.4840384999989,srt
004,26,m,vandy,2,88,audiovisual,nan,,nan,0.2015728999977,0.18157289999770002,-20.0,1268.6468565000105,srt
004,26,m,vandy,2,89,audio,nan,,nan,0.22710130002815276,0.20710130002815277,-20.0,1270.6345037000137,srt
004,26,m,vandy,2,90,visual,nan,,nan,0.2672404999611899,0.2672404999611899,-20.0,1272.1407654000213,srt
004,26,m,vandy,2,91,visual,nan,,nan,0.25412739999592304,0.25412739999592304,-20.0,1274.3413389000343,srt
004,26,m,vandy,2,92,audio,nan,,nan,0.3734317000489682,0.3534317000489682,-20.0,1276.3555727000348,srt
004,26,m,vandy,2,93,visual,nan,,nan,0.28065550001338124,0.28065550001338124,-20.0,1278.8227075000177,srt
004,26,m,vandy,2,94,audio,nan,,nan,0.25077430001692846,0.23077430001692847,-20.0,1281.306684900017,srt
004,26,m,vandy,2,95,audiovisual,nan,,nan,0.2117333000060171,0.1917333000060171,-20.0,1283.116845200013,srt
004,26,m,vandy,2,96,audio,nan,,nan,0.2270225000102073,0.2070225000102073,-20.0,1284.5577321000164,srt
004,26,m,vandy,2,97,audiovisual,nan,,nan,0.2272075000219047,0.20720750002190472,-20.0,1286.386324400024,srt
004,26,m,vandy,2,98,audiovisual,nan,,nan,0.21386960003292188,0.1938696000329219,-20.0,1288.013842699991,srt
004,26,m,vandy,2,99,visual,nan,,nan,0.4948996000457555,0.4948996000457555,-20.0,1290.214014600031,srt
004,26,m,vandy,2,100,visual,nan,,nan,0.2807637000223622,0.2807637000223622,-20.0,1293.1619720000308,srt
004,26,m,vandy,2,101,audiovisual,nan,,nan,0.21320559998275712,0.19320559998275713,-20.0,1295.0286070000147,srt
004,26,m,vandy,2,102,audio,nan,,nan,0.21420769998803735,0.19420769998803736,-20.0,1297.7100844000233,srt
004,26,m,vandy,2,103,audiovisual,nan,,nan,0.200532499991823,0.180532499991823,-20.0,1299.030670200009,srt
004,26,m,vandy,2,104,audio,nan,,nan,0.21343940001679584,0.19343940001679585,-20.0,1301.3667210999993,srt
004,26,m,vandy,2,105,audio,nan,,nan,0.2945291000069119,0.2745291000069119,-20.0,1304.2187443000148,srt
004,26,m,vandy,2,106,audiovisual,nan,,nan,0.24068099999567494,0.22068099999567495,-20.0,1305.4328439999954,srt
004,26,m,vandy,2,107,audiovisual,nan,,nan,0.20029830001294613,0.18029830001294614,-20.0,1308.4200825000298,srt
004,26,m,vandy,2,108,audiovisual,nan,,nan,0.2001649999874644,0.1801649999874644,-20.0,1311.2077123000054,srt
004,26,m,vandy,2,109,audio,nan,,nan,0.21363470004871488,0.1936347000487149,-20.0,1312.8896086000022,srt
004,26,m,vandy,2,110,audiovisual,nan,,nan,0.20048289996339008,0.1804828999633901,-20.0,1315.7462186000193,srt
004,26,m,vandy,2,111,audiovisual,nan,,nan,0.19990690000122413,0.17990690000122414,-20.0,1318.7465618000133,srt
004,26,m,vandy,2,112,visual,nan,,nan,0.2951372999814339,0.2951372999814339,-20.0,1321.397892399982,srt
004,26,m,vandy,2,113,audio,nan,,nan,0.2529560999828391,0.2329560999828391,-20.0,1322.6262277999776,srt
004,26,m,vandy,2,114,visual,nan,,nan,0.2937911999761127,0.2937911999761127,-20.0,1324.331925800012,srt
004,26,m,vandy,2,115,audio,nan,,nan,0.3333930000080727,0.3133930000080727,-20.0,1327.4151587000233,srt
004,26,m,vandy,2,116,audio,nan,,nan,0.20076820004032925,0.18076820004032926,-20.0,1328.7743797000148,srt
004,26,m,vandy,2,117,visual,nan,,nan,0.28056519996607676,0.28056519996607676,-20.0,1331.083755300031,srt
004,26,m,vandy,2,118,audio,nan,,nan,0.19998679996933788,0.1799867999693379,-20.0,1332.2958708999795,srt
004,26,m,vandy,2,119,audiovisual,nan,,nan,0.21069360000547022,0.19069360000547023,-20.0,1334.71000620001,srt
004,26,m,vandy,2,120,visual,nan,,nan,0.24025229999097064,0.24025229999097064,-20.0,1336.3764132999931,srt
004,26,m,vandy,2,121,audiovisual,nan,,nan,0.18803850002586842,0.16803850002586843,-20.0,1338.2587863000226,srt
004,26,m,vandy,2,122,visual,nan,,nan,0.2674941000295803,0.2674941000295803,-20.0,1341.0597812000196,srt
004,26,m,vandy,2,123,audio,nan,,nan,0.26677799999015406,0.24677799999015407,-20.0,1344.114241400035,srt
004,26,m,vandy,2,124,audio,nan,,nan,0.22667210001964122,0.20667210001964123,-20.0,1345.5945818999899,srt
004,26,m,vandy,2,125,visual,nan,,nan,0.4411170000093989,0.4411170000093989,-20.0,1348.4222267000005,srt
004,26,m,vandy,2,126,visual,nan,,nan,0.24198699998669326,0.24198699998669326,-20.0,1349.890189800004,srt
004,26,m,vandy,2,127,audio,nan,,nan,0.24201009998796508,0.2220100999879651,-20.0,1352.2785733999917,srt
004,26,m,vandy,2,128,visual,nan,,nan,0.28182770003331825,0.28182770003331825,-20.0,1355.0124299000017,srt
004,26,m,vandy,2,129,audio,nan,,nan,0.2663346999906935,0.2463346999906935,-20.0,1357.4660680000088,srt
004,26,m,vandy,2,130,visual,nan,,nan,0.2534886000212282,0.2534886000212282,-20.0,1360.0381739999866,srt
004,26,m,vandy,2,131,audiovisual,nan,,nan,0.2279153999988921,0.2079153999988921,-20.0,1362.9207872999832,srt
004,26,m,vandy,2,132,audio,nan,,nan,0.2261727000004612,0.2061727000004612,-20.0,1365.0678666000022,srt
004,26,m,vandy,2,133,audio,nan,,nan,0.22968760004732758,0.2096876000473276,-20.0,1367.641186700028,srt
004,26,m,vandy,2,134,audiovisual,nan,,nan,0.22427629999583587,0.20427629999583588,-20.0,1369.6060900000157,srt
004,26,m,vandy,2,135,audiovisual,nan,,nan,0.21467040001880378,0.19467040001880379,-20.0,1371.7903102000128,srt
004,26,m,vandy,2,136,audiovisual,nan,,nan,0.266304399992805,0.24630439999280498,-20.0,1374.6861000999925,srt
004,26,m,vandy,2,137,audiovisual,nan,,nan,0.20118550001643598,0.181185500016436,-20.0,1375.8843471999862,srt
004,26,m,vandy,2,138,audio,nan,,nan,0.22714999999152496,0.20714999999152497,-20.0,1377.6591034000157,srt
004,26,m,vandy,2,139,visual,nan,,nan,0.3995924000046216,0.3995924000046216,-20.0,1379.6071690000244,srt
004,26,m,vandy,2,140,audiovisual,nan,,nan,0.20039779995568097,0.18039779995568098,-20.0,1381.953500100004,srt
004,26,m,vandy,2,141,audiovisual,nan,,nan,0.2405299000092782,0.22052990000927822,-20.0,1384.1278304000152,srt
004,26,m,vandy,2,142,visual,nan,,nan,0.27029890002449974,0.27029890002449974,-20.0,1386.1419908999815,srt
004,26,m,vandy,2,143,audiovisual,nan,,nan,0.2003027999890037,0.1803027999890037,-20.0,1387.745934400009,srt
004,26,m,vandy,2,144,audiovisual,nan,,nan,0.18736209999769926,0.16736209999769927,-20.0,1389.4671759000048,srt
004,26,m,vandy,2,145,visual,nan,,nan,0.385017299966421,0.385017299966421,-20.0,1392.0377158999909,srt
004,26,m,vandy,2,146,visual,nan,,nan,0.26862500002607703,0.26862500002607703,-20.0,1393.4505701999879,srt
004,26,m,vandy,2,147,visual,nan,,nan,0.2674887999892235,0.2674887999892235,-20.0,1395.347441799997,srt
004,26,m,vandy,2,148,visual,nan,,nan,0.26674970000749454,0.26674970000749454,-20.0,1397.2258852000232,srt
004,26,m,vandy,2,149,audiovisual,nan,,nan,0.20054650004021823,0.18054650004021824,-20.0,1398.6137607999844,srt
004,26,m,vandy,2,150,audio,nan,,nan,0.24096090003149584,0.22096090003149585,-20.0,1401.2276229999843,srt
004,26,m,vandy,2,151,audio,nan,,nan,0.20006329996977001,0.18006329996977002,-20.0,1402.9619728000253,srt
004,26,m,vandy,2,152,audio,nan,,nan,0.24278750002849847,0.22278750002849848,-20.0,1404.7760377000086,srt
004,26,m,vandy,2,153,audio,nan,,nan,0.22714159998577088,0.2071415999857709,-20.0,1407.2990633000154,srt
004,26,m,vandy,2,154,visual,nan,,nan,0.2682012000004761,0.2682012000004761,-20.0,1410.0994507999858,srt
004,26,m,vandy,2,155,audio,nan,,nan,0.25178290001349524,0.23178290001349525,-20.0,1413.1261674999841,srt
004,26,m,vandy,2,156,audiovisual,nan,,nan,0.21353710000403225,0.19353710000403226,-20.0,1415.2073170000222,srt
004,26,m,vandy,2,157,audio,nan,,nan,0.20082720002392307,0.18082720002392308,-20.0,1416.6601894000196,srt
004,26,m,vandy,2,158,audio,nan,,nan,0.22593230003258213,0.20593230003258214,-20.0,1418.0078561999835,srt
004,26,m,vandy,2,159,audio,nan,,nan,0.19970980001380667,0.17970980001380668,-20.0,1420.326860100031,srt
004,26,m,vandy,2,160,audio,nan,,nan,0.20027299999492243,0.18027299999492244,-20.0,1422.5016607000143,srt
004,26,m,vandy,2,161,audio,nan,,nan,0.20023409998975694,0.18023409998975695,-20.0,1424.30623560003,srt
004,26,m,vandy,2,162,visual,nan,,nan,0.3872086000046693,0.3872086000046693,-20.0,1426.7722046999843,srt
004,26,m,vandy,2,163,audiovisual,nan,,nan,0.22832840000046417,0.20832840000046418,-20.0,1429.4376270999783,srt
004,26,m,vandy,2,164,visual,nan,,nan,0.2530489999917336,0.2530489999917336,-20.0,1430.7871886999928,srt
004,26,m,vandy,2,165,visual,nan,,nan,0.25396489998092875,0.25396489998092875,-20.0,1433.8125180000206,srt
004,26,m,vandy,2,166,audio,nan,,nan,0.21348429995123297,0.19348429995123298,-20.0,1435.9352771000122,srt
004,26,m,vandy,2,167,audiovisual,nan,,nan,0.21785319998161867,0.19785319998161868,-20.0,1438.8813008000143,srt
004,26,m,vandy,2,168,audio,nan,,nan,0.22705780004616827,0.20705780004616828,-20.0,1441.8460088000284,srt
004,26,m,vandy,2,169,audiovisual,nan,,nan,,,-20.0,1443.909751900006,srt
004,26,m,vandy,2,170,audio,nan,,nan,,,-20.0,1446.4587137000053,srt
004,26,m,vandy,2,171,audiovisual,nan,,nan,,,-20.0,1448.9085072000162,srt
004,26,m,vandy,2,172,visual,nan,,nan,,,-20.0,1450.0189286000095,srt
004,26,m,vandy,2,173,audio,nan,,nan,,,-20.0,1451.8459815999959,srt
004,26,m,vandy,2,174,audiovisual,nan,,nan,,,-20.0,1454.1877959999838,srt
004,26,m,vandy,2,175,audio,nan,,nan,,,-20.0,1456.0302118000109,srt
004,26,m,vandy,2,176,audio,nan,,nan,,,-20.0,1457.261188799981,srt
004,26,m,vandy,2,177,audiovisual,nan,,nan,,,-20.0,1458.99015279999,srt
004,26,m,vandy,2,178,visual,nan,,nan,,,-20.0,1461.1976827000035,srt
004,26,m,vandy,2,179,visual,nan,,nan,,,-20.0,1463.0759032000205,srt
004,26,m,vandy,2,180,audiovisual,nan,,nan,,,-20.0,1465.6907253999962,srt
004,26,m,vandy,2,181,audio,nan,,nan,,,-20.0,1468.23801000003,srt
004,26,m,vandy,2,182,visual,nan,,nan,,,-20.0,1470.6466965000145,srt
004,26,m,vandy,2,183,audiovisual,nan,,nan,0.23971980001078919,0.2197198000107892,-20.0,1471.6411590999924,srt
004,26,m,vandy,2,184,audiovisual,nan,,nan,0.3066180999740027,0.28661809997400267,-20.0,1473.7076431000023,srt
004,26,m,vandy,2,185,visual,nan,,nan,0.3195545999915339,0.3195545999915339,-20.0,1476.628906500002,srt
004,26,m,vandy,2,186,audio,nan,,nan,0.34767579997424036,0.32767579997424034,-20.0,1479.3357495000237,srt
004,26,m,vandy,2,187,audiovisual,nan,,nan,0.30573140003252774,0.2857314000325277,-20.0,1482.3115697000176,srt
004,26,m,vandy,2,188,visual,nan,,nan,0.3069653999991715,0.3069653999991715,-20.0,1483.5907031000243,srt
004,26,m,vandy,2,189,audio,nan,,nan,0.26726210000924766,0.24726210000924767,-20.0,1485.698002499994,srt
004,26,m,vandy,2,190,audio,nan,,nan,0.29395799996564165,0.27395799996564163,-20.0,1487.2987250000006,srt
004,26,m,vandy,2,191,visual,nan,,nan,0.3612760999822058,0.3612760999822058,-20.0,1488.4337817000342,srt
004,26,m,vandy,2,192,audio,nan,,nan,0.2669451999827288,0.24694519998272882,-20.0,1491.4490621000296,srt
004,26,m,vandy,2,193,audio,nan,,nan,0.2540022999746725,0.2340022999746725,-20.0,1494.1408262000186,srt
004,26,m,vandy,2,194,audiovisual,nan,,nan,0.2412008999963291,0.2212008999963291,-20.0,1495.9687200000044,srt
004,26,m,vandy,2,195,audio,nan,,nan,0.254008200019598,0.23400820001959802,-20.0,1497.705817500013,srt
004,26,m,vandy,2,196,audiovisual,nan,,nan,0.23919330001808703,0.21919330001808704,-20.0,1500.19699820003,srt
004,26,m,vandy,2,197,audiovisual,nan,,nan,0.2141198000172153,0.19411980001721532,-20.0,1501.3298918000073,srt
004,26,m,vandy,2,198,audio,nan,,nan,0.2136925000231713,0.19369250002317132,-20.0,1503.9184018999804,srt
004,26,m,vandy,2,199,audio,nan,,nan,0.2277624000562355,0.2077624000562355,-20.0,1506.8534835000173,srt
004,26,m,vandy,2,200,visual,nan,,nan,0.42675169999711215,0.42675169999711215,-20.0,1508.6548058000044,srt
004,26,m,vandy,2,201,visual,nan,,nan,0.2930103999678977,0.2930103999678977,-20.0,1509.9730276000337,srt
004,26,m,vandy,2,202,audio,nan,,nan,0.40018589998362586,0.38018589998362584,-20.0,1511.8137264000252,srt
004,26,m,vandy,2,203,audio,nan,,nan,0.22665940003935248,0.2066594000393525,-20.0,1514.8815933000296,srt
004,26,m,vandy,2,204,visual,nan,,nan,0.3601566000143066,0.3601566000143066,-20.0,1517.8842666000128,srt
004,26,m,vandy,2,205,audiovisual,nan,,nan,0.2530005000298843,0.2330005000298843,-20.0,1520.617667899991,srt
004,26,m,vandy,2,206,audiovisual,nan,,nan,0.24034619994927198,0.220346199949272,-20.0,1521.8586091999896,srt
004,26,m,vandy,2,207,audio,nan,,nan,0.2542941000428982,0.23429410004289822,-20.0,1523.8061508000246,srt
004,26,m,vandy,2,208,audio,nan,,nan,0.21317690005525947,0.19317690005525948,-20.0,1525.633083200024,srt
004,26,m,vandy,2,209,visual,nan,,nan,0.3335998000111431,0.3335998000111431,-20.0,1528.1276301000034,srt
004,26,m,vandy,2,210,audio,nan,,nan,0.26708469999721274,0.24708469999721275,-20.0,1529.7804477000027,srt
004,26,m,vandy,2,211,audio,nan,,nan,0.21712380001554266,0.19712380001554267,-20.0,1532.1822619999875,srt
004,26,m,vandy,2,212,audio,nan,,nan,0.22436210000887513,0.20436210000887514,-20.0,1534.507705600001,srt
004,26,m,vandy,2,213,visual,nan,,nan,0.2920307000167668,0.2920307000167668,-20.0,1537.371615800017,srt
004,26,m,vandy,2,214,audio,nan,,nan,0.24055880005471408,0.2205588000547141,-20.0,1539.9975447999896,srt
004,26,m,vandy,2,215,audio,nan,,nan,0.26708789996337146,0.24708789996337147,-20.0,1541.7326486000093,srt
004,26,m,vandy,2,216,audiovisual,nan,,nan,0.22666379995644093,0.20666379995644094,-20.0,1542.906492399983,srt
004,26,m,vandy,2,217,audiovisual,nan,,nan,0.28307100001256913,0.2630710000125691,-20.0,1545.4001340999966,srt
004,26,m,vandy,2,218,visual,nan,,nan,,,-20.0,1547.426648600027,srt
004,26,m,vandy,2,219,audio,nan,,nan,,,-20.0,1550.188178099983,srt
004,26,m,vandy,2,220,visual,nan,,nan,,,-20.0,1553.0585382999852,srt
004,26,m,vandy,2,221,visual,nan,,nan,,,-20.0,1555.0026160000125,srt
004,26,m,vandy,2,222,visual,nan,,nan,,,-20.0,1557.805245399999,srt
004,26,m,vandy,2,223,audiovisual,nan,,nan,,,-20.0,1559.3113155000028,srt
004,26,m,vandy,2,224,audiovisual,nan,,nan,,,-20.0,1562.205982799991,srt
004,26,m,vandy,2,225,visual,nan,,nan,,,-20.0,1564.1304474000353,srt
004,26,m,vandy,2,226,audio,nan,,nan,,,-20.0,1565.2223066000151,srt
004,26,m,vandy,2,227,audio,nan,,nan,,,-20.0,1567.268086600001,srt
004,26,m,vandy,2,228,audiovisual,nan,,nan,,,-20.0,1568.264191400027,srt
004,26,m,vandy,2,229,audiovisual,nan,,nan,,,-20.0,1570.197005700029,srt
004,26,m,vandy,2,230,audiovisual,nan,,nan,,,-20.0,1573.026999099995,srt
004,26,m,vandy,2,231,visual,nan,,nan,,,-20.0,1575.4562302000122,srt
004,26,m,vandy,2,232,visual,nan,,nan,,,-20.0,1577.825293300033,srt
004,26,m,vandy,2,233,visual,nan,,nan,,,-20.0,1580.0394146000035,srt
004,26,m,vandy,2,234,visual,nan,,nan,,,-20.0,1581.2122624000185,srt
004,26,m,vandy,2,235,audiovisual,nan,,nan,,,-20.0,1583.372987299983,srt
004,26,m,vandy,2,236,audio,nan,,nan,,,-20.0,1584.4389144000015,srt
004,26,m,vandy,2,237,audiovisual,nan,,nan,,,-20.0,1586.7491398000275,srt
004,26,m,vandy,2,238,audiovisual,nan,,nan,,,-20.0,1588.2098631000263,srt
004,26,m,vandy,2,239,audiovisual,nan,,nan,,,-20.0,1590.4076314999838,srt
004,26,m,vandy,2,240,visual,nan,,nan,,,-20.0,1592.050834099995,srt
004,26,m,vandy,2,241,audiovisual,nan,,nan,,,-20.0,1593.965732200013,srt
004,26,m,vandy,2,242,visual,nan,,nan,,,-20.0,1596.5692831000197,srt
004,26,m,vandy,2,243,audio,nan,,nan,,,-20.0,1599.259232099983,srt
004,26,m,vandy,2,244,visual,nan,,nan,,,-20.0,1600.394240099995,srt
004,26,m,vandy,2,245,audio,nan,,nan,,,-20.0,1602.381404099986,srt
004,26,m,vandy,2,246,audiovisual,nan,,nan,,,-20.0,1603.6478226000327,srt
004,26,m,vandy,2,247,audiovisual,nan,,nan,,,-20.0,1606.0095274000196,srt
004,26,m,vandy,2,248,visual,nan,,nan,,,-20.0,1608.8069666000083,srt
004,26,m,vandy,2,249,audio,nan,,nan,,,-20.0,1609.9464386000182,srt
004,26,m,vandy,2,250,audio,nan,,nan,,,-20.0,1611.698636999994,srt
004,26,m,vandy,2,251,audiovisual,nan,,nan,,,-20.0,1613.6957719000056,srt
004,26,m,vandy,2,252,audio,nan,,nan,,,-20.0,1614.7752550999867,srt
004,26,m,vandy,2,253,visual,nan,,nan,,,-20.0,1617.3296001999988,srt
004,26,m,vandy,2,254,visual,nan,,nan,,,-20.0,1618.8408613000065,srt
004,26,m,vandy,2,255,visual,nan,,nan,,,-20.0,1620.921003800002,srt
004,26,m,vandy,2,256,visual,nan,,nan,,,-20.0,1622.002696199983,srt
004,26,m,vandy,2,257,audio,nan,,nan,,,-20.0,1623.0943361999816,srt
004,26,m,vandy,2,258,audio,nan,,nan,,,-20.0,1625.7874053000123,srt
004,26,m,vandy,2,259,audio,nan,,nan,,,-20.0,1627.9960083999904,srt
004,26,m,vandy,2,260,visual,nan,,nan,,,-20.0,1630.5158945000148,srt
004,26,m,vandy,2,261,audiovisual,nan,,nan,,,-20.0,1632.1106975000002,srt
004,26,m,vandy,2,262,visual,nan,,nan,,,-20.0,1633.1070106999832,srt
004,26,m,vandy,2,263,audiovisual,nan,,nan,,,-20.0,1635.8997845000122,srt
004,26,m,vandy,2,264,audiovisual,nan,,nan,,,-20.0,1638.4908574,srt
004,26,m,vandy,2,265,audiovisual,nan,,nan,,,-20.0,1641.0887470000307,srt
004,26,m,vandy,2,266,audio,nan,,nan,,,-20.0,1643.5079855999793,srt
004,26,m,vandy,2,267,visual,nan,,nan,,,-20.0,1644.6692169000162,srt
004,26,m,vandy,2,268,visual,nan,,nan,,,-20.0,1646.237146700034,srt
004,26,m,vandy,2,269,audiovisual,nan,,nan,,,-20.0,1647.2106489000143,srt
004,26,m,vandy,2,270,audiovisual,nan,,nan,,,-20.0,1649.1299094000133,srt
004,26,m,vandy,2,271,audio,nan,,nan,,,-20.0,1651.7391181000276,srt
004,26,m,vandy,2,272,visual,nan,,nan,,,-20.0,1653.1659370000125,srt
004,26,m,vandy,2,273,visual,nan,,nan,,,-20.0,1654.148022999987,srt
004,26,m,vandy,2,274,visual,nan,,nan,,,-20.0,1655.6928274999955,srt
004,26,m,vandy,2,275,visual,nan,,nan,,,-20.0,1657.7344025000348,srt
004,26,m,vandy,2,276,audiovisual,nan,,nan,,,-20.0,1659.1740776000079,srt
004,26,m,vandy,2,277,audiovisual,nan,,nan,,,-20.0,1660.9191151999985,srt
004,26,m,vandy,2,278,audiovisual,nan,,nan,,,-20.0,1662.5184738999815,srt
004,26,m,vandy,2,279,audiovisual,nan,,nan,,,-20.0,1663.8205157000339,srt
004,26,m,vandy,2,280,visual,nan,,nan,,,-20.0,1665.5671362000285,srt
004,26,m,vandy,2,281,audiovisual,nan,,nan,,,-20.0,1668.2175561999902,srt
004,26,m,vandy,2,282,audio,nan,,nan,,,-20.0,1669.5525995999924,srt
004,26,m,vandy,2,283,visual,nan,,nan,,,-20.0,1672.4002112000016,srt
004,26,m,vandy,2,284,audio,nan,,nan,,,-20.0,1673.7798017000314,srt
004,26,m,vandy,2,285,visual,nan,,nan,,,-20.0,1675.7969730999903,srt
004,26,m,vandy,2,286,audiovisual,nan,,nan,,,-20.0,1676.888646700012,srt
004,26,m,vandy,2,287,audio,nan,,nan,,,-20.0,1678.9786061000195,srt
004,26,m,vandy,2,288,visual,nan,,nan,,,-20.0,1681.3482460000087,srt
004,26,m,vandy,2,289,audio,nan,,nan,,,-20.0,1683.3835929000052,srt
004,26,m,vandy,2,290,audiovisual,nan,,nan,,,-20.0,1685.9481856999919,srt
004,26,m,vandy,2,291,visual,nan,,nan,,,-20.0,1688.256819000002,srt
004,26,m,vandy,2,292,audiovisual,nan,,nan,,,-20.0,1690.5594386000303,srt
004,26,m,vandy,2,293,audio,nan,,nan,,,-20.0,1692.5470483999816,srt
004,26,m,vandy,2,294,audiovisual,nan,,nan,,,-20.0,1693.5487799000111,srt
004,26,m,vandy,2,295,audiovisual,nan,,nan,,,-20.0,1696.0272095000255,srt
004,26,m,vandy,2,296,audio,nan,,nan,,,-20.0,1698.7288704999955,srt
004,26,m,vandy,2,297,audiovisual,nan,,nan,,,-20.0,1700.3792749000131,srt
004,26,m,vandy,2,298,audiovisual,nan,,nan,,,-20.0,1702.6756145000109,srt
004,26,m,vandy,2,299,audio,nan,,nan,,,-20.0,1704.5660451999865,srt
004,26,m,vandy,2,300,visual,nan,,nan,,,-20.0,1707.181313899986,srt
004,26,m,vandy,3,1,audiovisual,150,,1,1.64396429999033,1.6239642999903299,-20.0,1788.7935427000048,toj
004,26,m,vandy,3,2,audiovisual,100,,1,2.107677899999544,2.087677899999544,-20.0,1792.2782281999825,toj
004,26,m,vandy,3,3,audiovisual,-100,,1,3.2818196000298485,3.2618196000298485,-20.0,1795.637522200006,toj
004,26,m,vandy,3,4,audiovisual,100,,2,2.845128200016916,2.825128200016916,-20.0,1800.6920390999876,toj
004,26,m,vandy,3,5,audiovisual,300,,2,4.493609800003469,4.473609800003469,-20.0,1804.9634616000112,toj
004,26,m,vandy,3,6,audiovisual,100,,1,0.895682799979113,0.875682799979113,-20.0,1810.7492829000112,toj
004,26,m,vandy,3,7,audiovisual,-250,,2,1.0538766999961808,1.0338766999961808,-20.0,1813.1378712999867,toj
004,26,m,vandy,3,8,audiovisual,-300,,2,5.726901000016369,5.706901000016369,-20.0,1815.2971571999951,toj
004,26,m,vandy,3,9,audiovisual,-300,,1,2.1188109000213444,2.0988109000213444,-20.0,1822.1034331999836,toj
004,26,m,vandy,3,10,audiovisual,200,,1,2.296040699991863,2.276040699991863,-20.0,1825.5421991000185,toj
004,26,m,vandy,3,11,audiovisual,-200,,2,2.13539969996782,2.11539969996782,-20.0,1828.8639432000346,toj
004,26,m,vandy,3,12,audiovisual,300,,2,2.3607331999810413,2.3407331999810412,-20.0,1832.5039556000265,toj
004,26,m,vandy,3,13,audiovisual,0,,1,1.1734462999738753,1.1534462999738753,-20.0,1836.4245689000236,toj
004,26,m,vandy,3,14,audiovisual,-200,,2,1.6411050999886356,1.6211050999886356,-20.0,1839.4122613000218,toj
004,26,m,vandy,3,15,audiovisual,-50,,1,3.0122157000005245,2.9922157000005245,-20.0,1842.2799300000188,toj
004,26,m,vandy,3,16,audiovisual,-200,,1,4.3345969000365585,4.314596900036559,-20.0,1846.8680560999783,toj
004,26,m,vandy,3,17,audiovisual,150,,2,1.5606535999686457,1.5406535999686457,-20.0,1852.6981856999919,toj
004,26,m,vandy,3,18,audiovisual,-100,,1,1.4538045999943279,1.4338045999943279,-20.0,1855.9916275999858,toj
004,26,m,vandy,3,19,audiovisual,100,,1,1.7061835999484174,1.6861835999484174,-20.0,1859.1793631000328,toj
004,26,m,vandy,3,20,audiovisual,200,,1,1.1338423999841325,1.1138423999841325,-20.0,1862.7272018999793,toj
004,26,m,vandy,3,21,audiovisual,-300,,1,2.120906699972693,2.100906699972693,-20.0,1865.2885324999806,toj
004,26,m,vandy,3,22,audiovisual,200,,2,1.9738060000236146,1.9538060000236146,-20.0,1868.8501357000205,toj
004,26,m,vandy,3,23,audiovisual,-250,,1,2.441097900038585,2.421097900038585,-20.0,1871.9843580999877,toj
004,26,m,vandy,3,24,audiovisual,0,,1,5.468102399958298,5.448102399958298,-20.0,1875.865358399984,toj
004,26,m,vandy,3,25,audiovisual,-200,,1,2.787714699981734,2.767714699981734,-20.0,1882.5746110000182,toj
004,26,m,vandy,3,26,audiovisual,-250,,1,2.3879693999770097,2.3679693999770097,-20.0,1886.7358673000126,toj
004,26,m,vandy,3,27,audiovisual,-150,,1,3.1746882000006735,3.1546882000006735,-20.0,1890.8450620999793,toj
004,26,m,vandy,3,28,audiovisual,250,,2,1.2698558999691159,1.2498558999691158,-20.0,1895.112728099979,toj
004,26,m,vandy,3,29,audiovisual,100,,1,1.3895913999876939,1.3695913999876939,-20.0,1898.0734912999906,toj
004,26,m,vandy,3,30,audiovisual,250,,2,2.2011715000262484,2.1811715000262484,-20.0,1901.1438007000252,toj
004,26,m,vandy,3,31,audiovisual,100,,1,0.8279265000019222,0.8079265000019222,-20.0,1904.4889881000272,toj
004,26,m,vandy,3,32,audiovisual,150,,1,2.1610321999760345,2.1410321999760344,-20.0,1906.970693100011,toj
004,26,m,vandy,3,33,audiovisual,50,,2,2.4283376000239514,2.4083376000239514,-20.0,1910.545448400022,toj
004,26,m,vandy,3,34,audiovisual,0,,1,1.1330757000250742,1.1130757000250742,-20.0,1914.6403841000283,toj
004,26,m,vandy,3,35,audiovisual,-50,,1,1.7602626000298187,1.7402626000298187,-20.0,1917.5738882999867,toj
004,26,m,vandy,3,36,audiovisual,0,,1,2.213844900019467,2.193844900019467,-20.0,1920.6147713999962,toj
004,26,m,vandy,3,37,audiovisual,100,,1,1.441302299965173,1.421302299965173,-20.0,1924.5636614999967,toj
004,26,m,vandy,3,38,audiovisual,-250,,1,2.734105199982878,2.714105199982878,-20.0,1927.2449259000132,toj
004,26,m,vandy,3,39,audiovisual,-150,,1,2.5614336999715306,2.5414336999715306,-20.0,1931.859496399993,toj
004,26,m,vandy,3,40,audiovisual,150,,2,2.9879281999892555,2.9679281999892555,-20.0,1935.8476119000115,toj
004,26,m,vandy,3,41,audiovisual,-50,,2,3.868412100011483,3.848412100011483,-20.0,1940.4240938000148,toj
004,26,m,vandy,3,42,audiovisual,0,,1,1.0000621000071988,0.9800621000071987,-20.0,1946.291554299998,toj
004,26,m,vandy,3,43,audiovisual,50,,1,1.1072175999870524,1.0872175999870524,-20.0,1949.2520262000035,toj
004,26,m,vandy,3,44,audiovisual,-100,,2,3.161525300005451,3.141525300005451,-20.0,1952.080135199998,toj
004,26,m,vandy,3,45,audiovisual,-150,,2,4.402062100009061,4.382062100009062,-20.0,1956.8044500999968,toj
004,26,m,vandy,3,46,audiovisual,200,,1,1.1098757999716327,1.0898757999716326,-20.0,1963.1771933999844,toj
004,26,m,vandy,3,47,audiovisual,250,,2,2.160646700009238,2.140646700009238,-20.0,1965.5676629000227,toj
004,26,m,vandy,3,48,audiovisual,-300,,1,2.8702639999683015,2.8502639999683015,-20.0,1969.245952700032,toj
004,26,m,vandy,3,49,audiovisual,150,,1,1.1868742000078782,1.1668742000078782,-20.0,1973.7439061999903,toj
004,26,m,vandy,3,50,audiovisual,-50,,1,2.0406349999830127,2.0206349999830127,-20.0,1976.4487989000045,toj
004,26,m,vandy,3,51,audiovisual,-200,,1,1.8941535000340082,1.8741535000340082,-20.0,1980.0238587000058,toj
004,26,m,vandy,3,52,audiovisual,-150,,1,1.961269799969159,1.941269799969159,-20.0,1983.451910200005,toj
004,26,m,vandy,3,53,audiovisual,250,,2,1.2543441000161693,1.2343441000161692,-20.0,1986.7066814000136,toj
004,26,m,vandy,3,54,audiovisual,250,,2,1.9227336999610998,1.9027336999610998,-20.0,1989.6275845000055,toj
004,26,m,vandy,3,55,audiovisual,50,,1,0.8401246000430547,0.8201246000430547,-20.0,1992.803554299986,toj
004,26,m,vandy,3,56,audiovisual,150,,1,0.9600114999921061,0.9400114999921061,-20.0,1995.29539069999,toj
004,26,m,vandy,3,57,audiovisual,200,,1,0.8939540999708697,0.8739540999708697,-20.0,1998.0439487000112,toj
004,26,m,vandy,3,58,audiovisual,150,,1,0.7921388000249863,0.7721388000249862,-20.0,2000.6447915000026,toj
004,26,m,vandy,3,59,audiovisual,50,,1,0.6132413999876007,0.5932413999876007,-20.0,2002.4636951999855,toj
004,26,m,vandy,3,60,audiovisual,-100,,1,0.7604003000305966,0.7404003000305965,-20.0,2005.0724412000272,toj
004,26,m,vandy,3,61,audiovisual,-50,,1,0.6528299999772571,0.6328299999772571,-20.0,2007.8627351000323,toj
004,26,m,vandy,3,62,audiovisual,-250,,2,3.1220917000318877,3.1020917000318877,-20.0,2010.4878933000145,toj
004,26,m,vandy,3,63,audiovisual,250,,2,1.1880859999801032,1.1680859999801032,-20.0,2014.9041677999776,toj
004,26,m,vandy,3,64,audiovisual,0,,1,0.7728922999813221,0.7528922999813221,-20.0,2017.7313247999991,toj
004,26,m,vandy,3,65,audiovisual,250,,1,1.4145482000312768,1.3945482000312768,-20.0,2019.9578009999823,toj
004,26,m,vandy,3,66,audiovisual,-200,,1,1.8776458999491297,1.8576458999491297,-20.0,2022.6261878000223,toj
004,26,m,vandy,3,67,audiovisual,300,,2,1.0266122999601066,1.0066122999601066,-20.0,2025.880705700023,toj
004,26,m,vandy,3,68,audiovisual,-50,,1,1.175308599951677,1.155308599951677,-20.0,2028.0548426000169,toj
004,26,m,vandy,3,69,audiovisual,-250,,1,1.8541757999919355,1.8341757999919355,-20.0,2030.4837244999944,toj
004,26,m,vandy,3,70,audiovisual,0,,1,1.028853700030595,1.008853700030595,-20.0,2033.857256999996,toj
004,26,m,vandy,3,71,audiovisual,-50,,1,0.9471452999860048,0.9271452999860048,-20.0,2036.5929832999827,toj
004,26,m,vandy,3,72,audiovisual,-50,,1,1.750196999986656,1.730196999986656,-20.0,2038.791593300004,toj
004,26,m,vandy,3,73,audiovisual,200,,2,1.256072000018321,1.236072000018321,-20.0,2042.463238299999,toj
004,26,m,vandy,3,74,audiovisual,-100,,1,1.025343100016471,1.005343100016471,-20.0,2045.5434168000356,toj
004,26,m,vandy,3,75,audiovisual,-200,,1,1.801639300014358,1.781639300014358,-20.0,2047.928325899993,toj
004,26,m,vandy,3,76,audiovisual,-300,,1,1.3475826000212692,1.3275826000212692,-20.0,2050.7836561999866,toj
004,26,m,vandy,3,77,audiovisual,-250,,1,1.307826800039038,1.287826800039038,-20.0,2053.344224200002,toj
004,26,m,vandy,3,78,audiovisual,200,,2,0.9331917999661528,0.9131917999661527,-20.0,2056.011689200008,toj
004,26,m,vandy,3,79,audiovisual,100,,1,0.7898618000326678,0.7698618000326678,-20.0,2058.6257889000117,toj
004,26,m,vandy,3,80,audiovisual,-50,,1,0.9041481000022031,0.8841481000022031,-20.0,2060.724916599982,toj
004,26,m,vandy,3,81,audiovisual,300,,2,1.1469529999885708,1.1269529999885708,-20.0,2062.9468868999975,toj
004,26,m,vandy,3,82,audiovisual,150,,1,0.8401121000060812,0.8201121000060811,-20.0,2065.481059200014,toj
004,26,m,vandy,3,83,audiovisual,50,,1,0.7627141999546438,0.7427141999546438,-20.0,2068.2029138000216,toj
004,26,m,vandy,3,84,audiovisual,300,,2,1.4141475000069477,1.3941475000069476,-20.0,2070.752278400003,toj
004,26,m,vandy,3,85,audiovisual,-50,,1,0.7479578999918886,0.7279578999918885,-20.0,2073.858615999983,toj
004,26,m,vandy,3,86,audiovisual,50,,1,0.8804493999923579,0.8604493999923579,-20.0,2075.7125517000095,toj
004,26,m,vandy,3,87,audiovisual,50,,1,0.7060332999681123,0.6860332999681122,-20.0,2078.303166800004,toj
004,26,m,vandy,3,88,audiovisual,-200,,2,2.7080506999627687,2.6880506999627687,-20.0,2080.1128622000106,toj
004,26,m,vandy,3,89,audiovisual,300,,2,0.9079388999962248,0.8879388999962248,-20.0,2084.248701100005,toj
004,26,m,vandy,3,90,audiovisual,-150,,1,0.8136016000062227,0.7936016000062227,-20.0,2086.582719500002,toj
004,26,m,vandy,3,91,audiovisual,0,,1,0.7338336000102572,0.7138336000102572,-20.0,2088.7698283999925,toj
004,26,m,vandy,3,92,audiovisual,200,,2,1.295653500012122,1.275653500012122,-20.0,2091.4113673000247,toj
004,26,m,vandy,3,93,audiovisual,300,,2,2.2308333999826573,2.2108333999826573,-20.0,2094.173729100032,toj
004,26,m,vandy,3,94,audiovisual,-150,,1,1.2782118000322953,1.2582118000322953,-20.0,2098.1231123000034,toj
004,26,m,vandy,3,95,audiovisual,-300,,1,2.6942551999818534,2.6742551999818533,-20.0,2100.6808635999914,toj
004,26,m,vandy,3,96,audiovisual,-50,,1,1.280660100048408,1.260660100048408,-20.0,2104.7493323999806,toj
004,26,m,vandy,3,97,audiovisual,-200,,1,1.3884194999700412,1.3684194999700412,-20.0,2107.6969499000115,toj
004,26,m,vandy,3,98,audiovisual,300,,2,1.0540271999780089,1.0340271999780088,-20.0,2110.4326893999823,toj
004,26,m,vandy,3,99,audiovisual,250,,1,2.45347030000994,2.43347030000994,-20.0,2112.6456920999917,toj
004,26,m,vandy,3,100,audiovisual,-300,,1,1.6946370000368915,1.6746370000368915,-20.0,2116.7532762000337,toj
004,26,m,vandy,3,101,audiovisual,0,,2,1.8285733999800868,1.8085733999800868,-20.0,2120.4229979999945,toj
004,26,m,vandy,3,102,audiovisual,250,,2,1.8673749000299722,1.8473749000299722,-20.0,2124.2761595000047,toj
004,26,m,vandy,3,103,audiovisual,-250,,1,1.747586700017564,1.727586700017564,-20.0,2127.611441200017,toj
004,26,m,vandy,3,104,audiovisual,150,,1,0.9698917000205256,0.9498917000205256,-20.0,2131.052972299978,toj
004,26,m,vandy,3,105,audiovisual,-150,,1,2.0812497999868356,2.0612497999868356,-20.0,2133.3725066999905,toj
004,26,m,vandy,3,106,audiovisual,50,,1,0.8400382000254467,0.8200382000254467,-20.0,2136.5879458999843,toj
004,26,m,vandy,3,107,audiovisual,50,,1,0.6413268000469543,0.6213268000469543,-20.0,2138.908107700001,toj
004,26,m,vandy,3,108,audiovisual,-50,,1,0.9607001999975182,0.9407001999975182,-20.0,2140.976711000025,toj
004,26,m,vandy,3,109,audiovisual,150,,2,1.3339669000124559,1.3139669000124559,-20.0,2143.8170014999923,toj
004,26,m,vandy,3,110,audiovisual,200,,2,0.8262637999723665,0.8062637999723665,-20.0,2147.084937000007,toj
004,26,m,vandy,3,111,audiovisual,250,,2,2.3505750999902375,2.3305750999902375,-20.0,2149.511670799984,toj
004,26,m,vandy,3,112,audiovisual,-50,,1,2.2012113999808207,2.1812113999808207,-20.0,2152.903302200022,toj
004,26,m,vandy,3,113,audiovisual,150,,1,2.4542958000092767,2.4342958000092767,-20.0,2156.4481990999775,toj
004,26,m,vandy,3,114,audiovisual,100,,1,1.027249299979303,1.007249299979303,-20.0,2160.235456900031,toj
004,26,m,vandy,3,115,audiovisual,100,,1,1.2149121999973431,1.194912199997343,-20.0,2162.771046900016,toj
004,26,m,vandy,3,116,audiovisual,-150,,1,1.8716217000037432,1.8516217000037432,-20.0,2165.22545800003,toj
004,26,m,vandy,3,117,audiovisual,-200,,1,1.8643474000273272,1.8443474000273272,-20.0,2168.2034088000073,toj
004,26,m,vandy,3,118,audiovisual,0,,1,1.0412263000034727,1.0212263000034727,-20.0,2171.8267715999973,toj
004,26,m,vandy,3,119,audiovisual,300,,2,1.0820600999868475,1.0620600999868475,-20.0,2174.6960274000303,toj
004,26,m,vandy,3,120,audiovisual,-200,,1,4.855260299984366,4.835260299984366,-20.0,2177.043143099989,toj
004,26,m,vandy,3,121,audiovisual,0,,1,0.9745584999909624,0.9545584999909624,-20.0,2183.377983400016,toj
004,26,m,vandy,3,122,audiovisual,250,,1,2.121882999956142,2.101882999956142,-20.0,2185.873000200023,toj
004,26,m,vandy,3,123,audiovisual,-50,,1,1.054236600000877,1.034236600000877,-20.0,2189.594595200033,toj
004,26,m,vandy,3,124,audiovisual,300,,2,1.0546298999688588,1.0346298999688588,-20.0,2192.2480731999967,toj
004,26,m,vandy,3,125,audiovisual,-50,,2,2.1088534999871626,2.0888534999871626,-20.0,2194.9160624999786,toj
004,26,m,vandy,3,126,audiovisual,100,,1,0.7464509999845177,0.7264509999845177,-20.0,2198.8650237999973,toj
004,26,m,vandy,3,127,audiovisual,-250,,1,2.5210131000494584,2.5010131000494584,-20.0,2200.9975663999794,toj
004,26,m,vandy,3,128,audiovisual,250,,2,1.761010600021109,1.741010600021109,-20.0,2205.078576,toj
004,26,m,vandy,3,129,audiovisual,200,,1,0.8401843000319786,0.8201843000319786,-20.0,2208.026890899986,toj
004,26,m,vandy,3,130,audiovisual,-100,,1,1.0403820000356063,1.0203820000356063,-20.0,2210.1341212000116,toj
004,26,m,vandy,3,131,audiovisual,-300,,1,1.5755278000142425,1.5555278000142425,-20.0,2212.3751957999775,toj
004,26,m,vandy,3,132,audiovisual,-50,,2,1.7604705999838188,1.7404705999838188,-20.0,2215.88515669998,toj
004,26,m,vandy,3,133,audiovisual,-150,,1,1.2548538999981247,1.2348538999981247,-20.0,2219.3648961000144,toj
004,26,m,vandy,3,134,audiovisual,-300,,1,2.641328199999407,2.621328199999407,-20.0,2222.3669948999886,toj
004,26,m,vandy,3,135,audiovisual,-100,,2,1.6958070999826305,1.6758070999826304,-20.0,2226.566880600003,toj
004,26,m,vandy,3,136,audiovisual,100,,1,0.9209245000383817,0.9009245000383816,-20.0,2229.914521400002,toj
004,26,m,vandy,3,137,audiovisual,150,,1,0.760335800005123,0.740335800005123,-20.0,2232.1829381000134,toj
004,26,m,vandy,3,138,audiovisual,-250,,1,1.693711199972313,1.6737111999723129,-20.0,2234.529548200022,toj
004,26,m,vandy,3,139,audiovisual,300,,2,0.9739916000398807,0.9539916000398807,-20.0,2237.5312593000126,toj
004,26,m,vandy,3,140,audiovisual,250,,2,1.6402418999932706,1.6202418999932706,-20.0,2239.731805599993,toj
004,26,m,vandy,3,141,audiovisual,-300,,2,1.1496983999968506,1.1296983999968506,-20.0,2242.4025962000014,toj
004,26,m,vandy,3,142,audiovisual,0,,1,0.7219120999798179,0.7019120999798178,-20.0,2244.6030899999896,toj
004,26,m,vandy,3,143,audiovisual,-50,,2,1.4936538000474684,1.4736538000474684,-20.0,2247.1362947000307,toj
004,26,m,vandy,3,144,audiovisual,100,,1,0.6926030999748036,0.6726030999748036,-20.0,2249.9363156000036,toj
004,26,m,vandy,3,145,audiovisual,100,,1,0.6933912000386044,0.6733912000386044,-20.0,2252.0961121,toj
004,26,m,vandy,3,146,audiovisual,50,,1,0.6534778999630362,0.6334778999630362,-20.0,2254.6172862999956,toj
004,26,m,vandy,3,147,audiovisual,-100,,1,1.8665410000248812,1.8465410000248812,-20.0,2256.417879500019,toj
004,26,m,vandy,3,148,audiovisual,0,,1,0.8533497000462376,0.8333497000462375,-20.0,2260.2726087000337,toj
004,26,m,vandy,3,149,audiovisual,200,,1,0.8401373000233434,0.8201373000233434,-20.0,2262.713871099986,toj
004,26,m,vandy,3,150,audiovisual,-150,,1,1.494860599981621,1.474860599981621,-20.0,2264.8479919999954,toj
004,26,m,vandy,3,151,audiovisual,0,,2,1.6540403999970295,1.6340403999970294,-20.0,2267.823147999996,toj
004,26,m,vandy,3,152,audiovisual,-200,,1,2.174344300001394,2.154344300001394,-20.0,2271.063474100025,toj
004,26,m,vandy,3,153,audiovisual,-200,,1,2.097715000039898,2.077715000039898,-20.0,2274.5315162999905,toj
004,26,m,vandy,3,154,audiovisual,250,,2,1.1738530999864452,1.1538530999864451,-20.0,2277.9229203999857,toj
004,26,m,vandy,3,155,audiovisual,150,,1,1.0952875000075437,1.0752875000075437,-20.0,2281.066710599989,toj
004,26,m,vandy,3,156,audiovisual,150,,2,0.8672436999622732,0.8472436999622732,-20.0,2283.2027644999907,toj
004,26,m,vandy,3,157,audiovisual,-50,,1,0.6403346000006422,0.6203346000006422,-20.0,2286.016084700008,toj
004,26,m,vandy,3,158,audiovisual,-250,,1,2.188447199994698,2.168447199994698,-20.0,2288.443218100001,toj
004,26,m,vandy,3,159,audiovisual,-150,,1,2.5648273000260815,2.5448273000260815,-20.0,2292.2322346,toj
004,26,m,vandy,3,160,audiovisual,-100,,2,1.6805749000050128,1.6605749000050127,-20.0,2295.862743100035,toj
004,26,m,vandy,3,161,audiovisual,-250,,1,2.2811731999972835,2.2611731999972835,-20.0,2299.3540418000193,toj
004,26,m,vandy,3,162,audiovisual,150,,2,1.346954500011634,1.326954500011634,-20.0,2302.955256599991,toj
004,26,m,vandy,3,163,audiovisual,0,,1,0.653998399968259,0.633998399968259,-20.0,2306.143132099998,toj
004,26,m,vandy,3,164,audiovisual,-100,,1,0.5872551000211388,0.5672551000211388,-20.0,2307.849956799997,toj
004,26,m,vandy,3,165,audiovisual,150,,1,0.6670189999858849,0.6470189999858849,-20.0,2309.8241250999854,toj
004,26,m,vandy,3,166,audiovisual,-100,,1,0.7095539000001736,0.6895539000001736,-20.0,2311.971932400018,toj
004,26,m,vandy,3,167,audiovisual,-200,,1,2.283531800028868,2.263531800028868,-20.0,2314.602593699994,toj
004,26,m,vandy,3,168,audiovisual,250,,2,1.240588500048034,1.2205885000480339,-20.0,2318.736453999998,toj
004,26,m,vandy,3,169,audiovisual,300,,2,1.680808499979321,1.660808499979321,-20.0,2321.5479958999786,toj
004,26,m,vandy,3,170,audiovisual,100,,1,0.8011659999610856,0.7811659999610856,-20.0,2324.349584600015,toj
004,26,m,vandy,3,171,audiovisual,-300,,1,1.707440999976825,1.687440999976825,-20.0,2326.5647843999905,toj
004,26,m,vandy,3,172,audiovisual,50,,1,1.1092553000198677,1.0892553000198677,-20.0,2329.417596700019,toj
004,26,m,vandy,3,173,audiovisual,100,,2,1.2670689999940805,1.2470689999940805,-20.0,2332.034000899992,toj
004,26,m,vandy,3,174,audiovisual,300,,2,0.9600200999993831,0.9400200999993831,-20.0,2335.0064977,toj
004,26,m,vandy,3,175,audiovisual,250,,2,1.041797799989581,1.021797799989581,-20.0,2337.8343472999986,toj
004,26,m,vandy,3,176,audiovisual,-300,,1,1.2803308999864385,1.2603308999864384,-20.0,2340.2763084000326,toj
004,26,m,vandy,3,177,audiovisual,-100,,1,1.093969300040044,1.0739693000400439,-20.0,2342.689364299993,toj
004,26,m,vandy,3,178,audiovisual,300,,2,1.0819875999586657,1.0619875999586657,-20.0,2345.117594900017,toj
004,26,m,vandy,3,179,audiovisual,-300,,1,1.510084600013215,1.490084600013215,-20.0,2347.7864748000284,toj
004,26,m,vandy,3,180,audiovisual,200,,2,1.480717700032983,1.460717700032983,-20.0,2350.3627707000123,toj
004,26,m,vandy,3,181,audiovisual,-250,,1,2.0253040000097826,2.0053040000097826,-20.0,2352.9063592000166,toj
004,26,m,vandy,3,182,audiovisual,100,,1,0.6800661000306718,0.6600661000306718,-20.0,2356.5476332000108,toj
004,26,m,vandy,3,183,audiovisual,0,,1,0.5870957000297494,0.5670957000297494,-20.0,2358.7224979000166,toj
004,26,m,vandy,3,184,audiovisual,0,,1,0.6542310999939218,0.6342310999939218,-20.0,2360.7632621999946,toj
004,26,m,vandy,3,185,audiovisual,-300,,1,1.413772700005211,1.393772700005211,-20.0,2362.9637764000217,toj
004,26,m,vandy,3,186,audiovisual,-250,,1,1.2502630000235513,1.2302630000235513,-20.0,2366.085190700018,toj
004,26,m,vandy,3,187,audiovisual,250,,2,0.8820284999674186,0.8620284999674186,-20.0,2369.152272599982,toj
004,26,m,vandy,3,188,audiovisual,-150,,2,1.361186699999962,1.341186699999962,-20.0,2371.7029370000237,toj
004,26,m,vandy,3,189,audiovisual,-250,,1,1.4415054999990389,1.4215054999990389,-20.0,2374.2747034999775,toj
004,26,m,vandy,3,190,audiovisual,50,,2,1.0669004000374116,1.0469004000374116,-20.0,2377.70343579998,toj
004,26,m,vandy,3,191,audiovisual,-150,,1,1.6003757000435144,1.5803757000435144,-20.0,2380.4632910999935,toj
004,26,m,vandy,3,192,audiovisual,200,,2,0.9477866999804974,0.9277866999804973,-20.0,2383.424091699999,toj
004,26,m,vandy,3,193,audiovisual,-100,,1,0.9063538000336848,0.8863538000336848,-20.0,2385.8256417000084,toj
004,26,m,vandy,3,194,audiovisual,-250,,1,1.3356124000274576,1.3156124000274576,-20.0,2388.532391500019,toj
004,26,m,vandy,3,195,audiovisual,-250,,1,1.1066071999957785,1.0866071999957785,-20.0,2391.602410599997,toj
004,26,m,vandy,3,196,audiovisual,150,,2,0.8685084000462666,0.8485084000462666,-20.0,2393.7750848000287,toj
004,26,m,vandy,3,197,audiovisual,-250,,1,1.8672847999841906,1.8472847999841906,-20.0,2395.7638412999804,toj
004,26,m,vandy,3,198,audiovisual,250,,2,1.0545207999530248,1.0345207999530248,-20.0,2398.976707499998,toj
004,26,m,vandy,3,199,audiovisual,-250,,2,2.5389587999670766,2.5189587999670766,-20.0,2401.8720547999837,toj
004,26,m,vandy,3,200,audiovisual,-300,,1,2.440334500046447,2.420334500046447,-20.0,2406.0239516000147,toj
004,26,m,vandy,3,201,audiovisual,200,,2,1.8937795999809168,1.8737795999809168,-20.0,2409.862293699989,toj
004,26,m,vandy,3,202,audiovisual,200,,2,1.8146303999819793,1.7946303999819793,-20.0,2413.315706000023,toj
004,26,m,vandy,3,203,audiovisual,200,,2,1.4405532000237145,1.4205532000237144,-20.0,2416.210119700001,toj
004,26,m,vandy,3,204,audiovisual,300,,2,1.666778400016483,1.646778400016483,-20.0,2418.7847728999914,toj
004,26,m,vandy,3,205,audiovisual,300,,1,1.108336600009352,1.088336600009352,-20.0,2422.051384099992,toj
004,26,m,vandy,3,206,audiovisual,100,,1,1.175770099973306,1.155770099973306,-20.0,2424.880212899996,toj
004,26,m,vandy,3,207,audiovisual,200,,1,1.3075439000385813,1.2875439000385813,-20.0,2427.6424000000115,toj
004,26,m,vandy,3,208,audiovisual,300,,2,1.7203063999768347,1.7003063999768346,-20.0,2430.802583199984,toj
004,26,m,vandy,3,209,audiovisual,-100,,2,1.5750504999887198,1.5550504999887198,-20.0,2434.455920699984,toj
004,26,m,vandy,3,210,audiovisual,250,,2,1.8577636000118218,1.8377636000118218,-20.0,2437.8720280000125,toj
004,26,m,vandy,3,211,audiovisual,-200,,1,2.9769298000028357,2.9569298000028357,-20.0,2440.822270500008,toj
004,26,m,vandy,3,212,audiovisual,150,,1,0.9203595999861136,0.9003595999861136,-20.0,2445.5428879000247,toj
004,26,m,vandy,3,213,audiovisual,-150,,1,0.7476254000212066,0.7276254000212066,-20.0,2447.88777869998,toj
004,26,m,vandy,3,214,audiovisual,150,,1,0.6538410999928601,0.6338410999928601,-20.0,2450.0224695000215,toj
004,26,m,vandy,3,215,audiovisual,0,,1,0.5597323999973014,0.5397323999973014,-20.0,2452.4224195000133,toj
004,26,m,vandy,3,216,audiovisual,-150,,1,0.6541268000146374,0.6341268000146374,-20.0,2454.677148399991,toj
004,26,m,vandy,3,217,audiovisual,200,,1,0.8669877999927849,0.8469877999927848,-20.0,2456.864706100023,toj
004,26,m,vandy,3,218,audiovisual,-250,,1,0.7334008000325412,0.7134008000325411,-20.0,2459.7321230000234,toj
004,26,m,vandy,3,219,audiovisual,-250,,1,0.8536624999833293,0.8336624999833293,-20.0,2461.626549799985,toj
004,26,m,vandy,3,220,audiovisual,-300,,1,1.640906700049527,1.620906700049527,-20.0,2463.7336846999824,toj
004,26,m,vandy,3,221,audiovisual,-50,,1,1.0005777000333183,0.9805777000333182,-20.0,2466.427978300024,toj
004,26,m,vandy,3,222,audiovisual,-100,,2,1.187722600006964,1.167722600006964,-20.0,2468.895420500019,toj
004,26,m,vandy,3,223,audiovisual,-200,,2,1.0408377000130713,1.0208377000130713,-20.0,2471.8041393000167,toj
004,26,m,vandy,3,224,audiovisual,200,,2,0.8274385000113398,0.8074385000113398,-20.0,2473.9908982000197,toj
004,26,m,vandy,3,225,audiovisual,250,,2,0.839691600005608,0.819691600005608,-20.0,2476.3788077000063,toj
004,26,m,vandy,3,226,audiovisual,-50,,1,0.9598342999815941,0.9398342999815941,-20.0,2478.4723495999933,toj
004,26,m,vandy,3,227,audiovisual,50,,1,0.6546593999955803,0.6346593999955803,-20.0,2481.1804370000027,toj
004,26,m,vandy,3,228,audiovisual,300,,2,0.8271637999569066,0.8071637999569066,-20.0,2483.2081234999932,toj
004,26,m,vandy,3,229,audiovisual,-50,,1,0.6140423999750055,0.5940423999750055,-20.0,2485.408398600004,toj
004,26,m,vandy,3,230,audiovisual,100,,1,0.8539126999676228,0.8339126999676227,-20.0,2487.3162834999966,toj
004,26,m,vandy,3,231,audiovisual,-150,,2,1.2816503000212833,1.2616503000212833,-20.0,2489.2494068000233,toj
004,26,m,vandy,3,232,audiovisual,100,,1,0.6176176999579184,0.5976176999579184,-20.0,2492.4517391999834,toj
004,26,m,vandy,3,233,audiovisual,250,,2,1.053990199987311,1.033990199987311,-20.0,2494.562573699979,toj
004,26,m,vandy,3,234,audiovisual,-300,,1,1.533274999994319,1.513274999994319,-20.0,2497.5062972999876,toj
004,26,m,vandy,3,235,audiovisual,250,,2,1.1605230999994092,1.1405230999994092,-20.0,2500.747697999992,toj
004,26,m,vandy,3,236,audiovisual,-100,,1,0.8137851000064984,0.7937851000064984,-20.0,2503.562453499995,toj
004,26,m,vandy,3,237,audiovisual,0,,1,0.6544517999864183,0.6344517999864183,-20.0,2505.842795900011,toj
004,26,m,vandy,3,238,audiovisual,-250,,1,1.6005569999688305,1.5805569999688305,-20.0,2508.0172338000266,toj
004,26,m,vandy,3,239,audiovisual,50,,1,0.7717564000049606,0.7517564000049606,-20.0,2510.870983700035,toj
004,26,m,vandy,3,240,audiovisual,-150,,1,0.8103718000347726,0.7903718000347726,-20.0,2512.778360600001,toj
004,26,m,vandy,3,241,audiovisual,150,,1,1.0948373000137508,1.0748373000137508,-20.0,2514.6318626999855,toj
004,26,m,vandy,3,242,audiovisual,200,,2,1.2549092999543063,1.2349092999543063,-20.0,2517.222148300032,toj
004,26,m,vandy,3,243,audiovisual,300,,1,1.201353200012818,1.181353200012818,-20.0,2520.342645100027,toj
004,26,m,vandy,3,244,audiovisual,0,,1,0.7345358000020497,0.7145358000020496,-20.0,2522.6892645999906,toj
004,26,m,vandy,3,245,audiovisual,-300,,1,1.708435200038366,1.688435200038366,-20.0,2524.8233015000005,toj
004,26,m,vandy,3,246,audiovisual,50,,2,0.8937316999654286,0.8737316999654285,-20.0,2528.451395699987,toj
004,26,m,vandy,3,247,audiovisual,300,,2,0.8934987000538968,0.8734987000538967,-20.0,2530.7449377999874,toj
004,26,m,vandy,3,248,audiovisual,300,,2,0.9478658000007272,0.9278658000007272,-20.0,2533.3055541000213,toj
004,26,m,vandy,3,249,audiovisual,-200,,1,1.6155834000092,1.5955834000092,-20.0,2536.2144682999933,toj
004,26,m,vandy,3,250,audiovisual,-50,,1,0.6665871000150219,0.6465871000150218,-20.0,2539.002302000008,toj
004,26,m,vandy,3,251,audiovisual,50,,1,0.6263584999833256,0.6063584999833256,-20.0,2540.988471599994,toj
004,26,m,vandy,3,252,audiovisual,-200,,1,1.2530996999703348,1.2330996999703348,-20.0,2543.2155869000126,toj
004,26,m,vandy,3,253,audiovisual,50,,1,0.6012138000223786,0.5812138000223785,-20.0,2546.216745599988,toj
004,26,m,vandy,3,254,audiovisual,-100,,1,0.6662031000014395,0.6462031000014394,-20.0,2547.951870399993,toj
004,26,m,vandy,3,255,audiovisual,-200,,1,1.3741512999986298,1.3541512999986298,-20.0,2549.77852729999,toj
004,26,m,vandy,3,256,audiovisual,50,,2,1.3085918999859132,1.2885918999859132,-20.0,2552.5799254000303,toj
004,26,m,vandy,3,257,audiovisual,150,,2,0.9348017000011168,0.9148017000011168,-20.0,2555.0348889000015,toj
004,26,m,vandy,3,258,audiovisual,200,,2,0.7471204000175931,0.727120400017593,-20.0,2557.28854660003,toj
004,26,m,vandy,3,259,audiovisual,-300,,1,2.5083495000144467,2.4883495000144467,-20.0,2559.235330800002,toj
004,26,m,vandy,3,260,audiovisual,-100,,2,1.2003013999783434,1.1803013999783434,-20.0,2563.624675600033,toj
004,26,m,vandy,3,261,audiovisual,50,,2,0.9746227000141516,0.9546227000141516,-20.0,2566.4911586000235,toj
004,26,m,vandy,3,262,audiovisual,300,,2,1.5576220999937505,1.5376220999937504,-20.0,2568.906479600002,toj
004,26,m,vandy,3,263,audiovisual,100,,2,1.1345826999749988,1.1145826999749988,-20.0,2571.679659400019,toj
004,26,m,vandy,3,264,audiovisual,0,,1,0.8675669000367634,0.8475669000367634,-20.0,2574.227792599995,toj
004,26,m,vandy,3,265,audiovisual,-150,,1,1.0932878000312485,1.0732878000312485,-20.0,2576.3625010999967,toj
004,26,m,vandy,3,266,audiovisual,300,,2,1.012943300011102,0.9929433000111021,-20.0,2579.0560373000335,toj
004,26,m,vandy,3,267,audiovisual,100,,2,0.7338936000014655,0.7138936000014655,-20.0,2582.0578728999826,toj
004,26,m,vandy,3,268,audiovisual,150,,2,0.7762117000529543,0.7562117000529542,-20.0,2584.5915743000223,toj
004,26,m,vandy,3,269,audiovisual,-150,,1,1.8537671000231057,1.8337671000231057,-20.0,2587.261856199999,toj
004,26,m,vandy,3,270,audiovisual,-200,,1,1.3600742000271566,1.3400742000271566,-20.0,2590.7530238000327,toj
004,26,m,vandy,3,271,audiovisual,100,,2,1.026818300015293,1.006818300015293,-20.0,2593.6882334999973,toj
004,26,m,vandy,3,272,audiovisual,100,,1,0.7069609999889508,0.6869609999889508,-20.0,2595.981581400032,toj
004,26,m,vandy,3,273,audiovisual,-300,,1,1.2240765999886207,1.2040765999886207,-20.0,2598.515991799999,toj
004,26,m,vandy,3,274,audiovisual,0,,2,1.2313912999816239,1.2113912999816239,-20.0,2601.0905902999802,toj
004,26,m,vandy,3,275,audiovisual,-250,,1,1.2806856000097468,1.2606856000097468,-20.0,2604.3224451999995,toj
004,26,m,vandy,3,276,audiovisual,50,,2,0.7878530999878421,0.7678530999878421,-20.0,2607.345971599978,toj
004,26,m,vandy,3,277,audiovisual,100,,2,1.400774099980481,1.380774099980481,-20.0,2609.4815319000045,toj
004,26,m,vandy,3,278,audiovisual,-200,,1,1.5341422999626957,1.5141422999626957,-20.0,2612.4815840999945,toj
004,26,m,vandy,3,279,audiovisual,50,,1,0.6403357000090182,0.6203357000090182,-20.0,2615.656040699978,toj
004,26,m,vandy,3,280,audiovisual,50,,1,0.78755030001048,0.76755030001048,-20.0,2617.7367654999834,toj
004,26,m,vandy,3,281,audiovisual,-200,,2,1.3698777999961749,1.3498777999961749,-20.0,2619.8179373000166,toj
004,26,m,vandy,3,282,audiovisual,150,,2,1.0413844999857247,1.0213844999857247,-20.0,2622.471614099981,toj
004,26,m,vandy,3,283,audiovisual,300,,2,1.171873199986294,1.151873199986294,-20.0,2624.8064515999868,toj
004,26,m,vandy,3,284,audiovisual,-200,,1,1.1347773000015877,1.1147773000015877,-20.0,2627.433751899982,toj
004,26,m,vandy,3,285,audiovisual,300,,2,1.0136255000252277,0.9936255000252276,-20.0,2629.8624389999895,toj
004,26,m,vandy,3,286,audiovisual,-250,,1,1.3606928999652155,1.3406928999652155,-20.0,2632.8887867000303,toj
004,26,m,vandy,3,287,audiovisual,0,,2,1.2931962999864481,1.2731962999864481,-20.0,2635.689774200029,toj
004,26,m,vandy,3,288,audiovisual,100,,1,0.8672520999680273,0.8472520999680273,-20.0,2638.650404600019,toj
004,26,m,vandy,3,289,audiovisual,-200,,2,2.9358602999709547,2.9158602999709546,-20.0,2641.0518189999857,toj
004,26,m,vandy,3,290,audiovisual,-100,,1,2.0397544000297785,2.0197544000297785,-20.0,2645.7620267000166,toj
004,26,m,vandy,3,291,audiovisual,-300,,1,1.8942809000145644,1.8742809000145644,-20.0,2649.707823100034,toj
004,26,m,vandy,3,292,audiovisual,0,,2,0.9611118999891914,0.9411118999891914,-20.0,2653.177057199995,toj
004,26,m,vandy,3,293,audiovisual,-300,,2,2.601198700023815,2.581198700023815,-20.0,2655.6706243000226,toj
004,26,m,vandy,3,294,audiovisual,100,,1,0.7199395999778062,0.6999395999778062,-20.0,2660.178783899988,toj
004,26,m,vandy,3,295,audiovisual,250,,2,1.1453078999766149,1.1253078999766148,-20.0,2662.485886199982,toj
004,26,m,vandy,3,296,audiovisual,-300,,1,1.0415678000426851,1.021567800042685,-20.0,2664.7672994000022,toj
004,26,m,vandy,3,297,audiovisual,-50,,2,0.7884108999860473,0.7684108999860473,-20.0,2667.0756496000104,toj
004,26,m,vandy,3,298,audiovisual,250,,2,0.9070647000335157,0.8870647000335157,-20.0,2669.1840499999817,toj
004,26,m,vandy,3,299,audiovisual,-250,,1,1.7606412000022829,1.7406412000022828,-20.0,2671.8095320999855,toj
004,26,m,vandy,3,300,audiovisual,50,,2,1.4560742999892682,1.4360742999892682,-20.0,2674.984286800027,toj
004,26,m,vandy,3,301,audiovisual,250,,2,1.1848306999891065,1.1648306999891065,-20.0,2678.1617204999784,toj
004,26,m,vandy,3,302,audiovisual,-150,,1,1.5869716000161134,1.5669716000161134,-20.0,2680.546511200024,toj
004,26,m,vandy,3,303,audiovisual,150,,2,1.467157200037036,1.447157200037036,-20.0,2683.6808776999824,toj
004,26,m,vandy,3,304,audiovisual,300,,2,1.1868413999909535,1.1668413999909535,-20.0,2686.3614910999895,toj
004,26,m,vandy,3,305,audiovisual,0,,2,1.1202253000228666,1.1002253000228666,-20.0,2689.21573549998,toj
004,26,m,vandy,3,306,audiovisual,-50,,2,0.6675668999669142,0.6475668999669142,-20.0,2691.736400199996,toj
004,26,m,vandy,3,307,audiovisual,200,,2,1.133483299985528,1.113483299985528,-20.0,2693.604761900031,toj
004,26,m,vandy,3,308,audiovisual,-300,,1,1.1350169000215828,1.1150169000215828,-20.0,2695.7784187999787,toj
004,26,m,vandy,3,309,audiovisual,50,,1,0.9085355999995954,0.8885355999995954,-20.0,2698.126937700028,toj
004,26,m,vandy,3,310,audiovisual,-200,,1,1.4808899000054225,1.4608899000054225,-20.0,2700.3946278999792,toj
004,26,m,vandy,3,311,audiovisual,-50,,2,0.7474579000263475,0.7274579000263475,-20.0,2703.6617465000018,toj
004,26,m,vandy,3,312,audiovisual,-50,,2,0.5741276000044309,0.5541276000044308,-20.0,2705.542978900019,toj
004,26,m,vandy,3,313,audiovisual,50,,2,1.2405513999983668,1.2205513999983668,-20.0,2707.436876600026,toj
004,26,m,vandy,3,314,audiovisual,-100,,1,1.3604861999629065,1.3404861999629065,-20.0,2710.6107880999916,toj
004,26,m,vandy,3,315,audiovisual,-300,,1,1.4011255000368692,1.3811255000368692,-20.0,2713.931606500002,toj
004,26,m,vandy,3,316,audiovisual,50,,2,0.9603671999648213,0.9403671999648213,-20.0,2716.946459700004,toj
004,26,m,vandy,3,317,audiovisual,200,,2,0.9605683999834582,0.9405683999834582,-20.0,2718.9468793999986,toj
004,26,m,vandy,3,318,audiovisual,-150,,2,2.6412312999600545,2.6212312999600544,-20.0,2721.027624899987,toj
004,26,m,vandy,3,319,audiovisual,-250,,1,1.308182000007946,1.288182000007946,-20.0,2725.643271800014,toj
004,26,m,vandy,3,320,audiovisual,200,,2,1.1909878000151366,1.1709878000151366,-20.0,2728.564745599986,toj
004,26,m,vandy,3,321,audiovisual,-100,,2,0.9879540999536403,0.9679540999536402,-20.0,2730.902133000025,toj
004,26,m,vandy,3,322,audiovisual,300,,2,0.97407050000038,0.95407050000038,-20.0,2733.2196621000185,toj
004,26,m,vandy,3,323,audiovisual,50,,2,2.41387610003585,2.39387610003585,-20.0,2735.553445800033,toj
004,26,m,vandy,3,324,audiovisual,150,,2,0.8276362000033259,0.8076362000033259,-20.0,2739.0472888000077,toj
004,26,m,vandy,3,325,audiovisual,-100,,1,0.8666069000028074,0.8466069000028074,-20.0,2740.9957928999793,toj
004,26,m,vandy,3,326,audiovisual,50,,2,1.0413418000098318,1.0213418000098318,-20.0,2743.489573800005,toj
004,26,m,vandy,3,327,audiovisual,200,,2,1.1329070999636315,1.1129070999636315,-20.0,2745.624878600007,toj
004,26,m,vandy,3,328,audiovisual,-200,,1,0.8009093999862671,0.7809093999862671,-20.0,2748.557533300016,toj
004,26,m,vandy,3,329,audiovisual,150,,1,1.240141699963715,1.220141699963715,-20.0,2750.9851863000076,toj
004,26,m,vandy,3,330,audiovisual,150,,2,0.7735156000126153,0.7535156000126153,-20.0,2753.761799500033,toj
004,26,m,vandy,3,331,audiovisual,150,,2,0.774070700048469,0.754070700048469,-20.0,2755.9874747000285,toj
004,26,m,vandy,3,332,audiovisual,-250,,1,1.5346148000098765,1.5146148000098765,-20.0,2758.522000099998,toj
004,26,m,vandy,3,333,audiovisual,0,,1,0.8403590999660082,0.8203590999660082,-20.0,2761.763484199997,toj
004,26,m,vandy,3,334,audiovisual,-100,,1,0.7741380999796093,0.7541380999796092,-20.0,2764.310280100035,toj
004,26,m,vandy,3,335,audiovisual,-300,,1,1.1890647999825887,1.1690647999825887,-20.0,2766.8849497000338,toj
004,26,m,vandy,3,336,audiovisual,-200,,2,3.4288383000530303,3.4088383000530302,-20.0,2769.2742988999817,toj
004,26,m,vandy,3,337,audiovisual,50,,1,0.8530616000061855,0.8330616000061855,-20.0,2774.5149583999882,toj
004,26,m,vandy,3,338,audiovisual,250,,2,1.0665157999610528,1.0465157999610528,-20.0,2776.394717100018,toj
004,26,m,vandy,3,339,audiovisual,0,,1,1.6272685999865644,1.6072685999865644,-20.0,2779.32872520003,toj
004,26,m,vandy,3,340,audiovisual,-150,,2,1.1870816000155173,1.1670816000155173,-20.0,2782.4104480000096,toj
004,26,m,vandy,3,341,audiovisual,-300,,2,2.6912338999682106,2.6712338999682106,-20.0,2785.3314430000028,toj
004,26,m,vandy,3,342,audiovisual,-200,,2,1.4271411999943666,1.4071411999943666,-20.0,2789.6125505000236,toj
004,26,m,vandy,3,343,audiovisual,250,,2,1.1748785000527278,1.1548785000527277,-20.0,2792.6533401000197,toj
004,26,m,vandy,3,344,audiovisual,-200,,1,1.267834500002209,1.247834500002209,-20.0,2794.922155499982,toj
004,26,m,vandy,3,345,audiovisual,-100,,2,1.506969099980779,1.486969099980779,-20.0,2797.4829807999777,toj
004,26,m,vandy,3,346,audiovisual,-250,,1,2.813602299953345,2.793602299953345,-20.0,2800.0161499999813,toj
004,26,m,vandy,3,347,audiovisual,300,,2,0.9074080000282265,0.8874080000282265,-20.0,2804.7247922000242,toj
004,26,m,vandy,3,348,audiovisual,300,,2,1.2281629999633878,1.2081629999633878,-20.0,2807.2861988000222,toj
004,26,m,vandy,3,349,audiovisual,-150,,2,1.4278373999986798,1.4078373999986797,-20.0,2809.833941799996,toj
004,26,m,vandy,3,350,audiovisual,-200,,1,1.053925900021568,1.033925900021568,-20.0,2812.4754477000097,toj
004,26,m,vandy,3,351,audiovisual,100,,2,0.8534580999985337,0.8334580999985337,-20.0,2814.7285951999947,toj
004,26,m,vandy,3,352,audiovisual,-150,,1,1.9074098999844864,1.8874098999844864,-20.0,2817.315515300026,toj
004,26,m,vandy,3,353,audiovisual,-150,,2,0.8948068000026979,0.8748068000026978,-20.0,2820.2508481999976,toj
004,26,m,vandy,3,354,audiovisual,-100,,2,1.69405699998606,1.67405699998606,-20.0,2822.185763799993,toj
004,26,m,vandy,3,355,audiovisual,200,,2,1.3470172000234015,1.3270172000234015,-20.0,2825.2793117000256,toj
004,26,m,vandy,3,356,audiovisual,300,,2,1.05470909998985,1.03470909998985,-20.0,2828.426619999984,toj
004,26,m,vandy,3,357,audiovisual,150,,1,1.0268181000137702,1.0068181000137701,-20.0,2831.3891202000086,toj
004,26,m,vandy,3,358,audiovisual,-50,,2,0.7064778999774717,0.6864778999774717,-20.0,2833.9093953000265,toj
004,26,m,vandy,3,359,audiovisual,-50,,2,0.8538541999878362,0.8338541999878362,-20.0,2836.282964700018,toj
004,26,m,vandy,3,360,audiovisual,200,,2,1.0707466999883763,1.0507466999883763,-20.0,2838.8574819000205,toj
004,26,m,vandy,3,361,audiovisual,-150,,1,1.2797651999862865,1.2597651999862864,-20.0,2841.7418682000134,toj
004,26,m,vandy,3,362,audiovisual,0,,1,0.908422700013034,0.888422700013034,-20.0,2844.4327138999943,toj
004,26,m,vandy,3,363,audiovisual,50,,2,0.8143105999915861,0.794310599991586,-20.0,2847.195192700019,toj
004,26,m,vandy,3,364,audiovisual,-100,,2,3.4016550999949686,3.3816550999949686,-20.0,2849.701993399998,toj
004,26,m,vandy,3,365,audiovisual,250,,2,0.9425314000109211,0.922531400010921,-20.0,2854.9176215000334,toj
004,26,m,vandy,3,366,audiovisual,-250,,1,1.2004362000152469,1.1804362000152469,-20.0,2856.9038306000293,toj
004,26,m,vandy,3,367,audiovisual,0,,1,0.8553702000062913,0.8353702000062913,-20.0,2859.401927900035,toj
004,26,m,vandy,3,368,audiovisual,200,,2,0.9741357000311837,0.9541357000311836,-20.0,2861.520580600016,toj
004,26,m,vandy,3,369,audiovisual,-100,,2,2.173614799976349,2.153614799976349,-20.0,2864.347652700031,toj
004,26,m,vandy,3,370,audiovisual,-100,,1,0.920769400021527,0.900769400021527,-20.0,2867.881560300011,toj
004,26,m,vandy,3,371,audiovisual,-50,,1,0.8681490999879315,0.8481490999879315,-20.0,2870.416254699987,toj
004,26,m,vandy,3,372,audiovisual,-150,,1,0.9204133999883197,0.9004133999883197,-20.0,2873.2844325000187,toj
004,26,m,vandy,3,373,audiovisual,-150,,2,1.8541033000219613,1.8341033000219613,-20.0,2875.991331600002,toj
004,26,m,vandy,3,374,audiovisual,200,,2,0.9330954999895766,0.9130954999895766,-20.0,2879.366376799997,toj
004,26,m,vandy,3,375,audiovisual,100,,2,1.1735908000264317,1.1535908000264317,-20.0,2881.4462777000153,toj
004,26,m,vandy,3,376,audiovisual,250,,2,0.9609063999960199,0.9409063999960199,-20.0,2884.3803506999975,toj
004,26,m,vandy,3,377,audiovisual,100,,1,0.9341239999630488,0.9141239999630488,-20.0,2886.8482899999944,toj
004,26,m,vandy,3,378,audiovisual,-300,,1,1.6278487999807112,1.6078487999807112,-20.0,2889.6496257000254,toj
004,26,m,vandy,3,379,audiovisual,-150,,1,1.1743212000001222,1.1543212000001222,-20.0,2892.704213800025,toj
004,26,m,vandy,3,380,audiovisual,150,,2,1.000193500018213,0.9801935000182129,-20.0,2895.425282799988,toj
004,26,m,vandy,3,381,audiovisual,0,,1,0.7881992000038736,0.7681992000038735,-20.0,2897.8414201000123,toj
004,26,m,vandy,3,382,audiovisual,-250,,1,1.4677536999806762,1.4477536999806762,-20.0,2900.5614648000337,toj
004,26,m,vandy,3,383,audiovisual,250,,2,0.907703600008972,0.887703600008972,-20.0,2903.9616224000347,toj
004,26,m,vandy,3,384,audiovisual,-150,,1,1.0803559999912977,1.0603559999912977,-20.0,2906.2827315999893,toj
004,26,m,vandy,3,385,audiovisual,-100,,2,0.8139039999805391,0.7939039999805391,-20.0,2908.749866500031,toj
004,26,m,vandy,3,386,audiovisual,-100,,1,0.7069384999922477,0.6869384999922477,-20.0,2911.4303613000084,toj
004,26,m,vandy,3,387,audiovisual,-300,,1,1.1721310000284575,1.1521310000284575,-20.0,2914.1115300999954,toj
004,26,m,vandy,3,388,audiovisual,-300,,1,1.1475715999840759,1.1275715999840759,-20.0,2916.3937314000214,toj
004,26,m,vandy,3,389,audiovisual,200,,2,0.8150106000248343,0.7950106000248343,-20.0,2918.7532824000227,toj
004,26,m,vandy,3,390,audiovisual,-50,,1,0.8942545999889262,0.8742545999889262,-20.0,2920.9418767000316,toj
