Participant_ID,Age,Gender,Site,Block_Number,Trial_Number,Trial_Type,SOA,Side,Response,Reaction_Time,Adjusted_RT,AV_Sync_Correction,Timestamp,Experiment
006,28,f,vandy,1,1,audiovisual,250,,1,13.740913500078022,13.720913500078023,-20.0,56.62694180011749,sj
006,28,f,vandy,1,2,audiovisual,-200,,2,14.139517300063744,14.119517300063745,-20.0,72.03546470007859,sj
006,28,f,vandy,1,3,audiovisual,150,,2,2.4812407998833805,2.4612407998833805,-20.0,87.47949420008808,sj
006,28,f,vandy,1,4,audiovisual,0,,2,4.227139600086957,4.207139600086958,-20.0,91.48058950016275,sj
006,28,f,vandy,1,5,audiovisual,-200,,2,7.269708599895239,7.249708599895239,-20.0,97.08205780014396,sj
006,28,f,vandy,1,6,audiovisual,200,,2,1.041052799904719,1.021052799904719,-20.0,106.00559930014424,sj
006,28,f,vandy,1,7,audiovisual,-150,,2,1.6395843999926,1.6195843999926,-20.0,108.13996250019409,sj
006,28,f,vandy,1,8,audiovisual,150,,1,1.2415434001013637,1.2215434001013636,-20.0,111.39448360004462,sj
006,28,f,vandy,1,9,audiovisual,150,,1,2.3477650999557227,2.3277650999557227,-20.0,113.8087873000186,sj
006,28,f,vandy,1,10,audiovisual,-300,,2,4.549744499847293,4.529744499847293,-20.0,117.59648860013112,sj
006,28,f,vandy,1,11,audiovisual,-150,,2,13.70007020002231,13.68007020002231,-20.0,123.82633469998837,sj
006,28,f,vandy,1,12,audiovisual,-50,,2,2.5205554999411106,2.5005554999411106,-20.0,139.36540230014361,sj
006,28,f,vandy,1,13,audiovisual,-100,,2,10.108675800031051,10.088675800031051,-20.0,143.0755269001238,sj
006,28,f,vandy,1,14,audiovisual,250,,2,4.295877599855885,4.275877599855885,-20.0,154.38384240004234,sj
006,28,f,vandy,1,15,audiovisual,-300,,2,1.6279717001598328,1.6079717001598328,-20.0,160.59925930015743,sj
006,28,f,vandy,1,16,audiovisual,-300,,2,0.7210274001117796,0.7010274001117796,-20.0,164.04043600009754,sj
006,28,f,vandy,1,17,audiovisual,-300,,2,1.6413341998122633,1.6213341998122632,-20.0,166.17573560005985,sj
006,28,f,vandy,1,18,audiovisual,-250,,2,1.3472358998842537,1.3272358998842537,-20.0,168.96237610001117,sj
006,28,f,vandy,1,19,audiovisual,300,,2,1.2276000999845564,1.2076000999845564,-20.0,172.17598790000193,sj
006,28,f,vandy,1,20,audiovisual,250,,2,1.0233935001306236,1.0033935001306236,-20.0,175.3908276001457,sj
006,28,f,vandy,1,21,audiovisual,50,,2,0.6140629998408258,0.5940629998408258,-20.0,177.4584641000256,sj
006,28,f,vandy,1,22,audiovisual,250,,2,0.6534530001226813,0.6334530001226812,-20.0,179.81891730008647,sj
006,28,f,vandy,1,23,audiovisual,-250,,2,0.7729907999746501,0.7529907999746501,-20.0,182.08603700017557,sj
006,28,f,vandy,1,24,audiovisual,-150,,2,0.6541623999364674,0.6341623999364674,-20.0,184.40785050019622,sj
006,28,f,vandy,1,25,audiovisual,150,,2,0.613959499867633,0.593959499867633,-20.0,186.80849920003675,sj
006,28,f,vandy,1,26,audiovisual,-200,,2,1.2945910000707954,1.2745910000707954,-20.0,188.68922790000215,sj
006,28,f,vandy,1,27,audiovisual,100,,1,2.000581100117415,1.9805811001174152,-20.0,191.26345570012927,sj
006,28,f,vandy,1,28,audiovisual,-250,,1,1.1335531999357045,1.1135531999357045,-20.0,195.06422609998845,sj
006,28,f,vandy,1,29,audiovisual,-300,,2,0.9361325998324901,0.9161325998324901,-20.0,197.91909490013495,sj
006,28,f,vandy,1,30,audiovisual,300,,2,1.14863960002549,1.12863960002549,-20.0,200.3353932001628,sj
006,28,f,vandy,1,31,audiovisual,-100,,2,0.5213675000704825,0.5013675000704825,-20.0,203.17552170017734,sj
006,28,f,vandy,1,32,audiovisual,50,,2,0.3338230000808835,0.3138230000808835,-20.0,205.1357582001947,sj
006,28,f,vandy,1,33,audiovisual,-50,,2,0.45415759994648397,0.43415759994648395,-20.0,206.9622802999802,sj
006,28,f,vandy,1,34,audiovisual,300,,2,0.9870952998753637,0.9670952998753637,-20.0,209.2833667001687,sj
006,28,f,vandy,1,35,audiovisual,250,,2,0.7436857998836786,0.7236857998836785,-20.0,212.2708309001755,sj
006,28,f,vandy,1,36,audiovisual,-150,,2,2.0013369999360293,1.9813369999360293,-20.0,214.61832720017992,sj
006,28,f,vandy,1,37,audiovisual,-300,,2,36.6001986998599,36.5801986998599,-20.0,218.4198378000874,sj
006,28,f,vandy,1,38,audiovisual,-250,,2,1.2288118000142276,1.2088118000142276,-20.0,256.68727040011436,sj
006,28,f,vandy,1,39,audiovisual,-250,,2,1.0004988999571651,0.9804988999571651,-20.0,258.9559770000633,sj
006,28,f,vandy,1,40,audiovisual,-50,,2,0.5873661998193711,0.5673661998193711,-20.0,261.4221656001173,sj
006,28,f,vandy,1,41,audiovisual,-200,,2,0.6268415998201817,0.6068415998201817,-20.0,263.983505200129,sj
006,28,f,vandy,1,42,audiovisual,250,,2,0.7237546998076141,0.7037546998076141,-20.0,266.0236246001441,sj
006,28,f,vandy,1,43,audiovisual,100,,2,0.5765173998661339,0.5565173998661339,-20.0,268.7351564001292,sj
006,28,f,vandy,1,44,audiovisual,50,,2,2.8805623000953346,2.8605623000953346,-20.0,270.7750525001902,sj
006,28,f,vandy,1,45,audiovisual,-50,,2,0.8003829000517726,0.7803829000517726,-20.0,274.85517009999603,sj
006,28,f,vandy,1,46,audiovisual,-200,,2,0.5878959000110626,0.5678959000110626,-20.0,276.73548490018584,sj
006,28,f,vandy,1,47,audiovisual,-250,,2,0.6404389999806881,0.6204389999806881,-20.0,278.6158504001796,sj
006,28,f,vandy,1,48,audiovisual,-300,,2,0.7072022000793368,0.6872022000793367,-20.0,280.32248800015077,sj
006,28,f,vandy,1,49,audiovisual,150,,2,0.6140825999900699,0.5940825999900698,-20.0,282.3498658000026,sj
006,28,f,vandy,1,50,audiovisual,-100,,2,0.40047170012257993,0.3804717001225799,-20.0,284.27088680001907,sj
006,28,f,vandy,1,51,audiovisual,150,,2,0.41646960005164146,0.39646960005164145,-20.0,285.99264609999955,sj
006,28,f,vandy,1,52,audiovisual,-250,,2,1.6136350999586284,1.5936350999586284,-20.0,288.43496030010283,sj
006,28,f,vandy,1,53,audiovisual,150,,2,0.5754972000140697,0.5554972000140697,-20.0,291.712965000188,sj
006,28,f,vandy,1,54,audiovisual,0,,2,0.5604467000812292,0.5404467000812292,-20.0,294.2357199001126,sj
006,28,f,vandy,1,55,audiovisual,200,,2,2.5208240000065416,2.5008240000065416,-20.0,296.5152702999767,sj
006,28,f,vandy,1,56,audiovisual,200,,1,1.2269554999656975,1.2069554999656975,-20.0,300.55662270006724,sj
006,28,f,vandy,1,57,audiovisual,-300,,1,1.8897309000603855,1.8697309000603854,-20.0,303.29095400008373,sj
006,28,f,vandy,1,58,audiovisual,-250,,2,0.6138495998457074,0.5938495998457074,-20.0,306.34558790014125,sj
006,28,f,vandy,1,59,audiovisual,-50,,2,0.5605637000408024,0.5405637000408023,-20.0,308.31899569998495,sj
006,28,f,vandy,1,60,audiovisual,100,,1,1.3071880999486893,1.2871880999486893,-20.0,310.7070083001163,sj
006,28,f,vandy,1,61,audiovisual,300,,2,1.3470707999076694,1.3270707999076694,-20.0,313.1473362999968,sj
006,28,f,vandy,1,62,audiovisual,-250,,1,1.5885220000054687,1.5685220000054687,-20.0,316.4155247001909,sj
006,28,f,vandy,1,63,audiovisual,-150,,1,1.2016698000952601,1.1816698000952601,-20.0,319.40420490014367,sj
006,28,f,vandy,1,64,audiovisual,-100,,1,1.0269895000383258,1.0069895000383258,-20.0,322.19215230015106,sj
006,28,f,vandy,1,65,audiovisual,0,,1,0.9741064000409096,0.9541064000409096,-20.0,324.85820930008776,sj
006,28,f,vandy,1,66,audiovisual,300,,2,1.0006570999976248,0.9806570999976247,-20.0,327.0858432999812,sj
006,28,f,vandy,1,67,audiovisual,0,,1,1.280748900026083,1.260748900026083,-20.0,329.15518780006096,sj
006,28,f,vandy,1,68,audiovisual,-150,,1,1.0135071000549942,0.9935071000549942,-20.0,332.10117819998413,sj
006,28,f,vandy,1,69,audiovisual,-250,,2,0.7737710000947118,0.7537710000947118,-20.0,334.7153702999931,sj
006,28,f,vandy,1,70,audiovisual,0,,2,0.6798153999261558,0.6598153999261558,-20.0,336.6227845000103,sj
006,28,f,vandy,1,71,audiovisual,100,,1,1.5757218999788165,1.5557218999788165,-20.0,338.4767140999902,sj
006,28,f,vandy,1,72,audiovisual,-50,,2,0.6970247998833656,0.6770247998833656,-20.0,341.09236910007894,sj
006,28,f,vandy,1,73,audiovisual,-200,,2,1.0406452999450266,1.0206452999450266,-20.0,343.335213100072,sj
006,28,f,vandy,1,74,audiovisual,-50,,1,1.1874893999192864,1.1674893999192864,-20.0,345.8264695999678,sj
006,28,f,vandy,1,75,audiovisual,-150,,2,0.7476384001784027,0.7276384001784026,-20.0,348.400769200176,sj
006,28,f,vandy,1,76,audiovisual,-200,,2,0.907021600054577,0.887021600054577,-20.0,350.4455346001778,sj
006,28,f,vandy,1,77,audiovisual,250,,1,1.1612430999521166,1.1412430999521166,-20.0,352.7084111000877,sj
006,28,f,vandy,1,78,audiovisual,-100,,1,1.5752706001512706,1.5552706001512706,-20.0,354.9632694001775,sj
006,28,f,vandy,1,79,audiovisual,-200,,2,1.9608984999358654,1.9408984999358654,-20.0,358.35204600007273,sj
006,28,f,vandy,1,80,audiovisual,200,,2,1.6144322999753058,1.5944322999753058,-20.0,361.4586952000391,sj
006,28,f,vandy,1,81,audiovisual,200,,2,0.8788941001985222,0.8588941001985222,-20.0,364.940246200189,sj
006,28,f,vandy,1,82,audiovisual,50,,1,1.4137665000744164,1.3937665000744164,-20.0,367.0205939000007,sj
006,28,f,vandy,1,83,audiovisual,200,,2,1.0139826000668108,0.9939826000668108,-20.0,369.48821570002474,sj
006,28,f,vandy,1,84,audiovisual,150,,1,2.0411541999783367,2.0211541999783367,-20.0,372.26284210011363,sj
006,28,f,vandy,1,85,audiovisual,250,,1,1.107742500025779,1.087742500025779,-20.0,375.34378320001997,sj
006,28,f,vandy,1,86,audiovisual,200,,1,0.9367439998313785,0.9167439998313784,-20.0,377.612025400158,sj
006,28,f,vandy,1,87,audiovisual,250,,2,1.6144069998990744,1.5944069998990744,-20.0,379.73476890008897,sj
006,28,f,vandy,1,88,audiovisual,0,,1,0.8133392001036555,0.7933392001036554,-20.0,382.81344190007076,sj
006,28,f,vandy,1,89,audiovisual,-300,,2,0.6936208000406623,0.6736208000406623,-20.0,385.4280591001734,sj
006,28,f,vandy,1,90,audiovisual,50,,2,0.7077124998904765,0.6877124998904764,-20.0,387.4952698000707,sj
006,28,f,vandy,1,91,audiovisual,-50,,2,0.6669699000194669,0.6469699000194669,-20.0,389.7359788999893,sj
006,28,f,vandy,1,92,audiovisual,0,,2,0.6143483999185264,0.5943483999185264,-20.0,391.9632179001346,sj
006,28,f,vandy,1,93,audiovisual,-200,,2,0.9202554998919368,0.9002554998919368,-20.0,394.5382358999923,sj
006,28,f,vandy,1,94,audiovisual,-250,,2,1.0392116999719292,1.0192116999719292,-20.0,396.68511990015395,sj
006,28,f,vandy,1,95,audiovisual,150,,2,0.6940580999944359,0.6740580999944359,-20.0,399.2190561001189,sj
006,28,f,vandy,1,96,audiovisual,-300,,1,1.1875879999715835,1.1675879999715835,-20.0,401.8741580999922,sj
006,28,f,vandy,1,97,audiovisual,-100,,2,1.4411588001530617,1.4211588001530617,-20.0,404.8751307001803,sj
006,28,f,vandy,1,98,audiovisual,200,,2,0.9606159999966621,0.9406159999966621,-20.0,407.6229688001331,sj
006,28,f,vandy,1,99,audiovisual,-50,,2,0.6008485001511872,0.5808485001511872,-20.0,410.0236057001166,sj
006,28,f,vandy,1,100,audiovisual,150,,2,0.46982230013236403,0.449822300132364,-20.0,412.0649494000245,sj
006,28,f,vandy,1,101,audiovisual,-250,,2,0.8004083000123501,0.7804083000123501,-20.0,413.9745483000297,sj
006,28,f,vandy,1,102,audiovisual,-150,,2,0.9069900000467896,0.8869900000467896,-20.0,416.639356700005,sj
006,28,f,vandy,1,103,audiovisual,-150,,2,0.7869607000611722,0.7669607000611722,-20.0,419.3463469000999,sj
006,28,f,vandy,1,104,audiovisual,250,,1,1.588438400067389,1.568438400067389,-20.0,421.74781570001505,sj
006,28,f,vandy,1,105,audiovisual,-200,,2,1.2550101999659091,1.235010199965909,-20.0,424.5628900001757,sj
006,28,f,vandy,1,106,audiovisual,100,,2,0.6010650999378413,0.5810650999378413,-20.0,426.96439060010016,sj
006,28,f,vandy,1,107,audiovisual,200,,2,0.9339372999966145,0.9139372999966144,-20.0,428.77780500007793,sj
006,28,f,vandy,1,108,audiovisual,250,,2,0.9323336000088602,0.9123336000088602,-20.0,431.69777520000935,sj
006,28,f,vandy,1,109,audiovisual,200,,2,0.7451200999785215,0.7251200999785214,-20.0,434.0590991000645,sj
006,28,f,vandy,1,110,audiovisual,300,,2,0.7351622001733631,0.7151622001733631,-20.0,436.17948180017993,sj
006,28,f,vandy,1,111,audiovisual,-50,,1,2.3485128001775593,2.3285128001775592,-20.0,438.2751166000962,sj
006,28,f,vandy,1,112,audiovisual,-100,,2,1.4816202998626977,1.4616202998626977,-20.0,441.71496989997104,sj
006,28,f,vandy,1,113,audiovisual,0,,1,0.9338889000937343,0.9138889000937342,-20.0,444.823963599978,sj
006,28,f,vandy,1,114,audiovisual,-200,,2,0.6792595000006258,0.6592595000006258,-20.0,447.05039820005186,sj
006,28,f,vandy,1,115,audiovisual,-250,,1,1.0548223000951111,1.0348223000951111,-20.0,449.42401430010796,sj
006,28,f,vandy,1,116,audiovisual,-300,,2,1.0294410001952201,1.00944100019522,-20.0,451.63894370011985,sj
006,28,f,vandy,1,117,audiovisual,200,,1,1.1757688999641687,1.1557688999641687,-20.0,453.9350098001305,sj
006,28,f,vandy,1,118,audiovisual,300,,2,1.1218305001966655,1.1018305001966655,-20.0,456.3754279999994,sj
006,28,f,vandy,1,119,audiovisual,-300,,2,0.8150663000997156,0.7950663000997156,-20.0,458.735377300065,sj
006,28,f,vandy,1,120,audiovisual,-200,,2,0.7613609000109136,0.7413609000109136,-20.0,460.69634909997694,sj
006,28,f,vandy,1,121,audiovisual,-50,,1,1.0544852998573333,1.0344852998573333,-20.0,462.8040943001397,sj
006,28,f,vandy,1,122,audiovisual,-200,,2,0.9466558999847621,0.926655899984762,-20.0,465.3241601001937,sj
006,28,f,vandy,1,123,audiovisual,-150,,1,1.256442999932915,1.236442999932915,-20.0,467.5112381000072,sj
006,28,f,vandy,1,124,audiovisual,-50,,1,1.1080413998570293,1.0880413998570293,-20.0,469.8345973000396,sj
006,28,f,vandy,1,125,audiovisual,-200,,2,0.7477752000559121,0.7277752000559121,-20.0,472.22027430008166,sj
006,28,f,vandy,1,126,audiovisual,150,,2,0.7622883000876755,0.7422883000876754,-20.0,474.6066825001035,sj
006,28,f,vandy,1,127,audiovisual,200,,2,1.387574999826029,1.367574999826029,-20.0,476.79662320017815,sj
006,28,f,vandy,1,128,audiovisual,250,,2,1.0007420000620186,0.9807420000620186,-20.0,480.12889300007373,sj
006,28,f,vandy,1,129,audiovisual,250,,1,0.7321753001306206,0.7121753001306206,-20.0,482.5304555001203,sj
006,28,f,vandy,1,130,audiovisual,0,,2,1.0674245001282543,1.0474245001282543,-20.0,485.2236464000307,sj
006,28,f,vandy,1,131,audiovisual,-100,,2,0.6916213999502361,0.6716213999502361,-20.0,487.6784004000947,sj
006,28,f,vandy,1,132,audiovisual,300,,2,1.1206394999753684,1.1006394999753684,-20.0,490.2657391000539,sj
006,28,f,vandy,1,133,audiovisual,-300,,2,0.7734184002038091,0.7534184002038091,-20.0,492.90672770002857,sj
006,28,f,vandy,1,134,audiovisual,300,,2,0.8670848999172449,0.8470848999172449,-20.0,494.9475841000676,sj
006,28,f,vandy,1,135,audiovisual,150,,2,1.0668914001435041,1.0468914001435041,-20.0,497.52175000007264,sj
006,28,f,vandy,1,136,audiovisual,0,,1,2.9354703999124467,2.9154703999124467,-20.0,500.0295391001273,sj
006,28,f,vandy,1,137,audiovisual,250,,2,-1.914418499916792,-1.934418499916792,-20.0,503.9929035999812,sj
006,28,f,vandy,1,138,audiovisual,50,,2,-0.8124709001276642,-0.8324709001276642,-20.0,506.33653170010075,sj
006,28,f,vandy,1,139,audiovisual,300,,2,3.8000660999678075,3.7800660999678075,-20.0,507.83711770013906,sj
006,28,f,vandy,1,140,audiovisual,150,,2,1.0682570999488235,1.0482570999488234,-20.0,512.9943225001916,sj
006,28,f,vandy,1,141,audiovisual,-100,,1,2.7880700998939574,2.7680700998939574,-20.0,515.2225731001236,sj
006,28,f,vandy,1,142,audiovisual,250,,1,1.2153868998866528,1.1953868998866528,-20.0,519.2640939000994,sj
006,28,f,vandy,1,143,audiovisual,-50,,1,0.6268821000121534,0.6068821000121534,-20.0,522.2118540001102,sj
006,28,f,vandy,1,144,audiovisual,150,,1,0.6136984000913799,0.5936984000913799,-20.0,524.8254427001812,sj
006,28,f,vandy,1,145,audiovisual,-100,,1,0.7072056999895722,0.6872056999895721,-20.0,526.9193439001683,sj
006,28,f,vandy,1,146,audiovisual,50,,1,0.5602624001912773,0.5402624001912772,-20.0,529.2807692000642,sj
006,28,f,vandy,1,147,audiovisual,-200,,1,0.8273897999897599,0.8073897999897599,-20.0,531.2407011999749,sj
006,28,f,vandy,1,148,audiovisual,300,,2,1.187067599967122,1.167067599967122,-20.0,533.1617409000173,sj
006,28,f,vandy,1,149,audiovisual,-200,,2,1.5617388000246137,1.5417388000246137,-20.0,536.2157358000986,sj
006,28,f,vandy,1,150,audiovisual,100,,2,0.9102805000729859,0.8902805000729859,-20.0,539.3113568001427,sj
006,28,f,vandy,1,151,audiovisual,-100,,2,0.7349932999350131,0.714993299935013,-20.0,541.4345816001296,sj
006,28,f,vandy,1,152,audiovisual,300,,2,0.8279811001848429,0.8079811001848429,-20.0,543.3128367001191,sj
006,28,f,vandy,1,153,audiovisual,-150,,2,0.7727745999582112,0.7527745999582112,-20.0,545.1934728000779,sj
006,28,f,vandy,1,154,audiovisual,-100,,2,0.6006762001197785,0.5806762001197785,-20.0,547.6067333000246,sj
006,28,f,vandy,1,155,audiovisual,0,,2,0.907850599847734,0.887850599847734,-20.0,549.3282185001299,sj
006,28,f,vandy,1,156,audiovisual,200,,2,0.6525300000794232,0.6325300000794232,-20.0,551.3151506001595,sj
006,28,f,vandy,1,157,audiovisual,50,,2,1.0544948999304324,1.0344948999304324,-20.0,553.7292321000714,sj
006,28,f,vandy,1,158,audiovisual,300,,2,0.9908139000181109,0.9708139000181109,-20.0,556.5842073999811,sj
006,28,f,vandy,1,159,audiovisual,50,,2,0.6805650000460446,0.6605650000460446,-20.0,559.055010000011,sj
006,28,f,vandy,1,160,audiovisual,250,,2,0.6407419999595731,0.6207419999595731,-20.0,560.9345353001263,sj
006,28,f,vandy,1,161,audiovisual,150,,2,0.48064290010370314,0.4606429001037031,-20.0,562.8390371999703,sj
006,28,f,vandy,1,162,audiovisual,200,,2,0.7742290999740362,0.7542290999740362,-20.0,565.0655436001252,sj
006,28,f,vandy,1,163,audiovisual,-300,,2,0.7206880000885576,0.7006880000885576,-20.0,567.0003618001938,sj
006,28,f,vandy,1,164,audiovisual,100,,2,0.7209572000429034,0.7009572000429034,-20.0,569.1878767001908,sj
006,28,f,vandy,1,165,audiovisual,150,,2,0.4661554000340402,0.4461554000340402,-20.0,571.4295097000431,sj
006,28,f,vandy,1,166,audiovisual,-250,,2,1.7351118000224233,1.7151118000224232,-20.0,573.3089442001656,sj
006,28,f,vandy,1,167,audiovisual,-150,,2,0.5846115997992456,0.5646115997992456,-20.0,576.3115608000662,sj
006,28,f,vandy,1,168,audiovisual,50,,2,0.4400104999076575,0.4200104999076575,-20.0,578.4584654001519,sj
006,28,f,vandy,1,169,audiovisual,-200,,2,0.5485435000155121,0.5285435000155121,-20.0,580.9127570001874,sj
006,28,f,vandy,1,170,audiovisual,300,,2,1.0016554000321776,0.9816554000321775,-20.0,582.5945848000702,sj
006,28,f,vandy,1,171,audiovisual,50,,2,0.4276203000918031,0.40762030009180306,-20.0,585.061668000184,sj
006,28,f,vandy,1,172,audiovisual,100,,2,0.5213504999410361,0.5013504999410361,-20.0,587.4618248001207,sj
006,28,f,vandy,1,173,audiovisual,150,,2,0.5198768998961896,0.49987689989618955,-20.0,589.76938910014,sj
006,28,f,vandy,1,174,audiovisual,150,,2,0.5193280999083072,0.4993280999083072,-20.0,591.9694144001696,sj
006,28,f,vandy,1,175,audiovisual,200,,2,0.6801960999146104,0.6601960999146104,-20.0,593.6109341999982,sj
006,28,f,vandy,1,176,audiovisual,100,,2,0.45214229985140264,0.4321422998514026,-20.0,596.1445969999768,sj
006,28,f,vandy,1,177,audiovisual,100,,1,1.2810474000871181,1.2610474000871181,-20.0,598.1864285001066,sj
006,28,f,vandy,1,178,audiovisual,200,,2,2.026520899962634,2.006520899962634,-20.0,600.9598956000991,sj
006,28,f,vandy,1,179,audiovisual,0,,1,0.7858247000258416,0.7658247000258416,-20.0,604.0803843000904,sj
006,28,f,vandy,1,180,audiovisual,-300,,2,0.8549089999869466,0.8349089999869466,-20.0,606.2023627001327,sj
006,28,f,vandy,1,181,audiovisual,50,,2,0.6943312000948936,0.6743312000948936,-20.0,608.7900066000875,sj
006,28,f,vandy,1,182,audiovisual,-100,,2,1.3209500000812113,1.3009500000812113,-20.0,610.9367870001588,sj
006,28,f,vandy,1,183,audiovisual,-150,,1,2.0404842998832464,2.0204842998832464,-20.0,614.0582787999883,sj
006,28,f,vandy,1,184,audiovisual,-250,,2,1.000844500027597,0.9808445000275969,-20.0,617.7922356000636,sj
006,28,f,vandy,1,185,audiovisual,-250,,2,1.4536570000927895,1.4336570000927895,-20.0,619.9548924001865,sj
006,28,f,vandy,1,186,audiovisual,100,,2,0.8016804000362754,0.7816804000362754,-20.0,622.8076887000352,sj
006,28,f,vandy,1,187,audiovisual,100,,1,0.9875506001990288,0.9675506001990288,-20.0,624.9156907000579,sj
006,28,f,vandy,1,188,audiovisual,-150,,1,1.72156019997783,1.70156019997783,-20.0,627.6629021000117,sj
006,28,f,vandy,1,189,audiovisual,-250,,2,0.7740764000918716,0.7540764000918716,-20.0,631.264494500123,sj
006,28,f,vandy,1,190,audiovisual,-200,,2,0.6675222001504153,0.6475222001504153,-20.0,633.1846102001145,sj
006,28,f,vandy,1,191,audiovisual,250,,2,0.9866553000174463,0.9666553000174463,-20.0,635.065516400151,sj
006,28,f,vandy,1,192,audiovisual,-100,,2,1.2941209999844432,1.2741209999844432,-20.0,637.9594398001209,sj
006,28,f,vandy,1,193,audiovisual,-250,,2,0.7342566000297666,0.7142566000297665,-20.0,641.1213760001119,sj
006,28,f,vandy,1,194,audiovisual,-150,,2,0.574437600094825,0.554437600094825,-20.0,643.3490206000861,sj
006,28,f,vandy,1,195,audiovisual,300,,2,1.0680239000357687,1.0480239000357687,-20.0,645.2030452000909,sj
006,28,f,vandy,1,196,audiovisual,200,,2,0.617403700016439,0.5974037000164389,-20.0,647.7639376001898,sj
006,28,f,vandy,1,197,audiovisual,250,,2,1.0144484001211822,0.9944484001211822,-20.0,650.2348814001307,sj
006,28,f,vandy,1,198,audiovisual,-50,,2,639.1273131000344,639.1073131000344,-20.0,652.3393747000955,sj
006,28,f,vandy,1,199,audiovisual,-150,,2,20.034833600046113,20.014833600046114,-20.0,1293.1996328001842,sj
006,28,f,vandy,1,200,audiovisual,100,,2,0.48050309997051954,0.4605030999705195,-20.0,1315.0346479001455,sj
006,28,f,vandy,1,201,audiovisual,200,,1,0.7615088000893593,0.7415088000893593,-20.0,1316.687852300005,sj
006,28,f,vandy,1,202,audiovisual,100,,2,0.49758880003355443,0.4775888000335544,-20.0,1319.0234227001201,sj
006,28,f,vandy,1,203,audiovisual,250,,2,0.8006412000395358,0.7806412000395357,-20.0,1321.0533231999725,sj
006,28,f,vandy,1,204,audiovisual,0,,1,1.0812838999554515,1.0612838999554515,-20.0,1323.373884800123,sj
006,28,f,vandy,1,205,audiovisual,-200,,2,0.8137310999445617,0.7937310999445617,-20.0,1325.838397399988,sj
006,28,f,vandy,1,206,audiovisual,-200,,2,0.7214335999451578,0.7014335999451577,-20.0,1328.4791866000742,sj
006,28,f,vandy,1,207,audiovisual,150,,2,0.5745302999857813,0.5545302999857813,-20.0,1331.0273323000874,sj
006,28,f,vandy,1,208,audiovisual,-150,,2,1.0017913000192493,0.9817913000192493,-20.0,1332.9753482001834,sj
006,28,f,vandy,1,209,audiovisual,-250,,2,0.6677345000207424,0.6477345000207424,-20.0,1335.763157500187,sj
006,28,f,vandy,1,210,audiovisual,-200,,2,0.9605354000814259,0.9405354000814259,-20.0,1337.936121799983,sj
006,28,f,vandy,1,211,audiovisual,-250,,2,0.6817172998562455,0.6617172998562455,-20.0,1340.3114398000762,sj
006,28,f,vandy,1,212,audiovisual,-50,,2,0.56059499992989,0.54059499992989,-20.0,1342.5918507000897,sj
006,28,f,vandy,1,213,audiovisual,250,,2,0.9083738999906927,0.8883738999906927,-20.0,1344.4985404000618,sj
006,28,f,vandy,1,214,audiovisual,250,,2,1.2415102000813931,1.221510200081393,-20.0,1346.7666500001214,sj
006,28,f,vandy,1,215,audiovisual,50,,2,1.4140733000822365,1.3940733000822365,-20.0,1349.567325500073,sj
006,28,f,vandy,1,216,audiovisual,-250,,2,2.9882127000018954,2.9682127000018954,-20.0,1352.8878558001015,sj
006,28,f,vandy,1,217,audiovisual,-100,,2,0.7336902001406997,0.7136902001406997,-20.0,1357.8632843999658,sj
006,28,f,vandy,1,218,audiovisual,100,,2,0.8270988999865949,0.8070988999865949,-20.0,1359.7970153000206,sj
006,28,f,vandy,1,219,audiovisual,0,,2,3.0955438998062164,3.0755438998062163,-20.0,1362.4919188001659,sj
006,28,f,vandy,1,220,audiovisual,-150,,2,0.8678037000354379,0.8478037000354379,-20.0,1367.1202724999748,sj
006,28,f,vandy,1,221,audiovisual,300,,2,0.8001321000047028,0.7801321000047028,-20.0,1369.747331700055,sj
006,28,f,vandy,1,222,audiovisual,0,,2,0.4636101999785751,0.4436101999785751,-20.0,1371.921852500178,sj
006,28,f,vandy,1,223,audiovisual,300,,2,0.6676934000570327,0.6476934000570327,-20.0,1373.936326400144,sj
006,28,f,vandy,1,224,audiovisual,200,,2,0.7071606998797506,0.6871606998797506,-20.0,1375.8832762001548,sj
006,28,f,vandy,1,225,audiovisual,-300,,2,0.6539745000191033,0.6339745000191033,-20.0,1378.4178530001082,sj
006,28,f,vandy,1,226,audiovisual,-250,,2,0.6413904000073671,0.6213904000073671,-20.0,1380.8446637999732,sj
006,28,f,vandy,1,227,audiovisual,0,,2,0.4946430998388678,0.47464309983886777,-20.0,1382.6584305001888,sj
006,28,f,vandy,1,228,audiovisual,-300,,2,0.6675535999238491,0.6475535999238491,-20.0,1384.4737136000767,sj
006,28,f,vandy,1,229,audiovisual,0,,2,0.292580499779433,0.272580499779433,-20.0,1387.0470183000434,sj
006,28,f,vandy,1,230,audiovisual,100,,2,0.8008624000940472,0.7808624000940472,-20.0,1388.927651599981,sj
006,28,f,vandy,1,231,audiovisual,200,,2,0.5469935999717563,0.5269935999717563,-20.0,1391.1014495000709,sj
006,28,f,vandy,1,232,audiovisual,200,,2,0.7601373000070453,0.7401373000070453,-20.0,1393.0097559001297,sj
006,28,f,vandy,1,233,audiovisual,50,,2,0.6158851999789476,0.5958851999789476,-20.0,1395.55696419999,sj
006,28,f,vandy,1,234,audiovisual,0,,2,0.4269767999649048,0.40697679996490477,-20.0,1398.0532712000422,sj
006,28,f,vandy,1,235,audiovisual,50,,2,0.9210715000517666,0.9010715000517666,-20.0,1399.5853729001246,sj
006,28,f,vandy,1,236,audiovisual,-100,,2,0.80181820015423,0.78181820015423,-20.0,1401.9594008000568,sj
006,28,f,vandy,1,237,audiovisual,-300,,2,0.695543099893257,0.675543099893257,-20.0,1404.374974100152,sj
006,28,f,vandy,1,238,audiovisual,-250,,2,0.5860033000353724,0.5660033000353724,-20.0,1406.1627015999984,sj
006,28,f,vandy,1,239,audiovisual,-50,,2,0.7633358000312,0.7433358000312,-20.0,1408.2287179999985,sj
006,28,f,vandy,1,240,audiovisual,-50,,2,0.74330860003829,0.72330860003829,-20.0,1410.9532961000223,sj
006,28,f,vandy,1,241,audiovisual,-200,,2,0.7628266999963671,0.7428266999963671,-20.0,1413.0170352000277,sj
006,28,f,vandy,1,242,audiovisual,-100,,2,0.5605046998243779,0.5405046998243779,-20.0,1415.153229800053,sj
006,28,f,vandy,1,243,audiovisual,100,,2,0.6666470000054687,0.6466470000054687,-20.0,1417.618158500176,sj
006,28,f,vandy,1,244,audiovisual,-50,,2,0.5601198000367731,0.5401198000367731,-20.0,1420.2863402001094,sj
006,28,f,vandy,1,245,audiovisual,300,,2,0.7473242001142353,0.7273242001142353,-20.0,1422.2733740000986,sj
006,28,f,vandy,1,246,audiovisual,100,,1,0.9347186998929828,0.9147186998929828,-20.0,1424.9414209001698,sj
006,28,f,vandy,1,247,audiovisual,100,,1,0.9209668000694364,0.9009668000694364,-20.0,1427.2226440000813,sj
006,28,f,vandy,1,248,audiovisual,-50,,2,0.6704677001107484,0.6504677001107484,-20.0,1429.4532852000557,sj
006,28,f,vandy,1,249,audiovisual,100,,1,1.200377400033176,1.180377400033176,-20.0,1431.256697700126,sj
006,28,f,vandy,1,250,audiovisual,150,,1,1.0006538000889122,0.9806538000889122,-20.0,1434.0109484000131,sj
006,28,f,vandy,1,251,audiovisual,-100,,1,0.7747697001323104,0.7547697001323104,-20.0,1436.3184269000776,sj
006,28,f,vandy,1,252,audiovisual,200,,2,0.5870896999258548,0.5670896999258548,-20.0,1438.5734743999783,sj
006,28,f,vandy,1,253,audiovisual,-300,,2,0.7479131000582129,0.7279131000582129,-20.0,1440.5864281000104,sj
006,28,f,vandy,1,254,audiovisual,250,,2,1.6814151001162827,1.6614151001162827,-20.0,1442.761651400011,sj
006,28,f,vandy,1,255,audiovisual,50,,2,0.68052429985255,0.66052429985255,-20.0,1446.06929650018,sj
006,28,f,vandy,1,256,audiovisual,-200,,2,0.7613142998889089,0.7413142998889088,-20.0,1448.5630609001964,sj
006,28,f,vandy,1,257,audiovisual,100,,2,0.533557599876076,0.513557599876076,-20.0,1450.8444163000677,sj
006,28,f,vandy,1,258,audiovisual,200,,2,0.7342010999564081,0.7142010999564081,-20.0,1453.245344700059,sj
006,28,f,vandy,1,259,audiovisual,-200,,2,0.7344512999989092,0.7144512999989092,-20.0,1455.792855200125,sj
006,28,f,vandy,1,260,audiovisual,-100,,2,0.5339995000977069,0.5139995000977069,-20.0,1457.66010800004,sj
006,28,f,vandy,1,261,audiovisual,0,,1,0.8549156000372022,0.8349156000372022,-20.0,1459.260406000074,sj
006,28,f,vandy,1,262,audiovisual,150,,2,0.7079259001184255,0.6879259001184255,-20.0,1461.354980000062,sj
006,28,f,vandy,1,263,audiovisual,200,,2,0.8551603998057544,0.8351603998057544,-20.0,1463.8225810001604,sj
006,28,f,vandy,1,264,audiovisual,-300,,2,0.8814582000486553,0.8614582000486553,-20.0,1466.4641138999723,sj
006,28,f,vandy,1,265,audiovisual,300,,2,0.7207634001970291,0.7007634001970291,-20.0,1468.9853579001501,sj
006,28,f,vandy,1,266,audiovisual,200,,2,0.7467513000592589,0.7267513000592589,-20.0,1470.9730920000002,sj
006,28,f,vandy,1,267,audiovisual,300,,2,0.6146178999915719,0.5946178999915719,-20.0,1473.1584839001298,sj
006,28,f,vandy,1,268,audiovisual,0,,2,0.5612645999062806,0.5412645999062806,-20.0,1475.2006163999904,sj
006,28,f,vandy,1,269,audiovisual,-50,,2,0.6144762998446822,0.5944762998446822,-20.0,1477.521465800004,sj
006,28,f,vandy,1,270,audiovisual,-250,,2,0.6534673999994993,0.6334673999994993,-20.0,1479.4305846001953,sj
006,28,f,vandy,1,271,audiovisual,-150,,2,0.6447596999350935,0.6247596999350935,-20.0,1481.5344850001857,sj
006,28,f,vandy,1,272,audiovisual,-200,,2,0.5208759000524879,0.5008759000524878,-20.0,1483.833499400178,sj
006,28,f,vandy,1,273,audiovisual,150,,2,0.7630437999032438,0.7430437999032438,-20.0,1485.7233935999684,sj
006,28,f,vandy,1,274,audiovisual,200,,2,0.6544403999578208,0.6344403999578208,-20.0,1488.2732496000826,sj
006,28,f,vandy,1,275,audiovisual,50,,2,0.5737028999719769,0.5537028999719769,-20.0,1490.8193206000142,sj
006,28,f,vandy,1,276,audiovisual,100,,1,1.2261904999613762,1.2061904999613762,-20.0,1492.7392762000673,sj
006,28,f,vandy,1,277,audiovisual,0,,2,1.5189584998879582,1.4989584998879582,-20.0,1495.1125950000715,sj
006,28,f,vandy,1,278,audiovisual,200,,2,2.164716700091958,2.144716700091958,-20.0,1497.753672900144,sj
006,28,f,vandy,1,279,audiovisual,-150,,2,1.6507921998854727,1.6307921998854726,-20.0,1501.4531764001586,sj
006,28,f,vandy,1,280,audiovisual,250,,1,0.8651622999459505,0.8451622999459505,-20.0,1504.5034326000605,sj
006,28,f,vandy,1,281,audiovisual,-100,,2,1.200858199968934,1.180858199968934,-20.0,1506.637717399979,sj
006,28,f,vandy,1,282,audiovisual,-50,,2,2.0149389000143856,1.9949389000143856,-20.0,1509.6534875000361,sj
006,28,f,vandy,1,283,audiovisual,50,,1,0.8673286000266671,0.8473286000266671,-20.0,1512.9740852001123,sj
006,28,f,vandy,1,284,audiovisual,-50,,2,0.6558489000890404,0.6358489000890404,-20.0,1514.96100999997,sj
006,28,f,vandy,1,285,audiovisual,100,,2,1.9606840000487864,1.9406840000487864,-20.0,1517.603293000022,sj
006,28,f,vandy,1,286,audiovisual,-50,,1,1.0683125001378357,1.0483125001378357,-20.0,1521.3091494999826,sj
006,28,f,vandy,1,287,audiovisual,-200,,2,0.6919414999429137,0.6719414999429136,-20.0,1523.777577900095,sj
006,28,f,vandy,1,288,audiovisual,200,,1,1.1216634998563677,1.1016634998563677,-20.0,1526.2444666000083,sj
006,28,f,vandy,1,289,audiovisual,-300,,2,0.774645600002259,0.754645600002259,-20.0,1529.1533276999835,sj
006,28,f,vandy,1,290,audiovisual,-100,,1,1.5221436000429094,1.5021436000429094,-20.0,1531.1133882000577,sj
006,28,f,vandy,1,291,audiovisual,-250,,2,0.6690245000645518,0.6490245000645518,-20.0,1534.3687068000436,sj
006,28,f,vandy,1,292,audiovisual,-200,,2,1.6172150000929832,1.5972150000929832,-20.0,1536.2631469001062,sj
006,28,f,vandy,1,293,audiovisual,-100,,2,0.6003000000491738,0.5803000000491738,-20.0,1539.6932979000267,sj
006,28,f,vandy,1,294,audiovisual,100,,2,1.2270039999857545,1.2070039999857545,-20.0,1542.0103707001545,sj
006,28,f,vandy,1,295,audiovisual,-100,,2,1.0406390998978168,1.0206390998978168,-20.0,1544.9711268001702,sj
006,28,f,vandy,1,296,audiovisual,50,,2,0.6807369000744075,0.6607369000744074,-20.0,1547.3987726999912,sj
006,28,f,vandy,1,297,audiovisual,250,,2,1.000662700040266,0.9806627000402659,-20.0,1549.2802407001145,sj
006,28,f,vandy,1,298,audiovisual,-150,,2,0.7470311999786645,0.7270311999786645,-20.0,1551.4400596001651,sj
006,28,f,vandy,1,299,audiovisual,300,,2,1.1210358999669552,1.1010358999669552,-20.0,1554.0010791001841,sj
006,28,f,vandy,1,300,audiovisual,-300,,2,0.7046612000558525,0.6846612000558525,-20.0,1556.4158057000022,sj
006,28,f,vandy,1,301,audiovisual,-250,,2,0.8247255999594927,0.8047255999594927,-20.0,1559.0571536000352,sj
006,28,f,vandy,1,302,audiovisual,150,,2,0.7214949999470264,0.7014949999470264,-20.0,1560.9775803000666,sj
006,28,f,vandy,1,303,audiovisual,50,,2,0.70686319982633,0.6868631998263299,-20.0,1563.6726314001717,sj
006,28,f,vandy,1,304,audiovisual,150,,2,0.6669976999983191,0.6469976999983191,-20.0,1565.726044600131,sj
006,28,f,vandy,1,305,audiovisual,-300,,2,0.6945214001461864,0.6745214001461863,-20.0,1567.6994122001342,sj
006,28,f,vandy,1,306,audiovisual,-50,,2,0.5468268000986427,0.5268268000986427,-20.0,1570.3814883001614,sj
006,28,f,vandy,1,307,audiovisual,-150,,2,0.6272195000201464,0.6072195000201464,-20.0,1572.9016697001643,sj
006,28,f,vandy,1,308,audiovisual,-300,,2,0.6111906000878662,0.5911906000878662,-20.0,1575.4898543001618,sj
006,28,f,vandy,1,309,audiovisual,150,,2,0.627327699912712,0.607327699912712,-20.0,1577.1435968000442,sj
006,28,f,vandy,1,310,audiovisual,150,,2,1.1475682999007404,1.1275682999007404,-20.0,1579.024221900152,sj
006,28,f,vandy,1,311,audiovisual,50,,2,0.8677372001111507,0.8477372001111507,-20.0,1581.3450778000988,sj
006,28,f,vandy,1,312,audiovisual,250,,2,0.7215769998729229,0.7015769998729229,-20.0,1583.9990093000233,sj
006,28,f,vandy,1,313,audiovisual,300,,2,0.7610915000550449,0.7410915000550449,-20.0,1586.1211486000102,sj
006,28,f,vandy,1,314,audiovisual,0,,2,0.6947981999255717,0.6747981999255717,-20.0,1588.8270962000825,sj
006,28,f,vandy,1,315,audiovisual,50,,2,0.6574198000598699,0.6374198000598699,-20.0,1591.536611800082,sj
006,28,f,vandy,1,316,audiovisual,0,,2,2.4303073999471962,2.4103073999471962,-20.0,1593.3528390000574,sj
006,28,f,vandy,1,317,audiovisual,150,,2,0.561580799985677,0.541580799985677,-20.0,1597.6735951001756,sj
006,28,f,vandy,1,318,audiovisual,-300,,2,0.9481855002231896,0.9281855002231896,-20.0,1600.2333391001448,sj
006,28,f,vandy,1,319,audiovisual,-300,,2,1.3213756999466568,1.3013756999466568,-20.0,1602.699384600157,sj
006,28,f,vandy,1,320,audiovisual,50,,1,1.3068065999541432,1.2868065999541431,-20.0,1605.2737981001846,sj
006,28,f,vandy,1,321,audiovisual,0,,1,0.7596527999266982,0.7396527999266982,-20.0,1608.1691189999692,sj
006,28,f,vandy,1,322,audiovisual,250,,2,1.0548674000892788,1.0348674000892788,-20.0,1610.3821189000737,sj
006,28,f,vandy,1,323,audiovisual,-150,,2,0.7236641999334097,0.7036641999334097,-20.0,1612.4904361001682,sj
006,28,f,vandy,1,324,audiovisual,-100,,2,0.4803060998674482,0.4603060998674482,-20.0,1614.933558100136,sj
006,28,f,vandy,1,325,audiovisual,-200,,2,1.0408145999535918,1.0208145999535918,-20.0,1617.1447916000616,sj
006,28,f,vandy,1,326,audiovisual,-250,,2,0.6017046000342816,0.5817046000342816,-20.0,1620.1996967000887,sj
006,28,f,vandy,1,327,audiovisual,-150,,2,0.6007690001279116,0.5807690001279115,-20.0,1622.827301000012,sj
006,28,f,vandy,1,328,audiovisual,100,,2,0.8941919999197125,0.8741919999197125,-20.0,1624.960406600032,sj
006,28,f,vandy,1,329,audiovisual,300,,2,0.7510188999585807,0.7310188999585807,-20.0,1627.6289848000742,sj
006,28,f,vandy,1,330,audiovisual,-200,,2,1.1743968999944627,1.1543968999944627,-20.0,1630.2731578000821,sj
006,28,f,vandy,1,331,audiovisual,-100,,2,0.5736894998699427,0.5536894998699426,-20.0,1633.110323900124,sj
006,28,f,vandy,1,332,audiovisual,-150,,2,0.5999594000168145,0.5799594000168145,-20.0,1634.791212900076,sj
006,28,f,vandy,1,333,audiovisual,100,,2,0.4539754001889378,0.43397540018893777,-20.0,1636.5110987001099,sj
006,28,f,vandy,1,334,audiovisual,150,,2,0.5068843001499772,0.4868843001499772,-20.0,1638.4994568000548,sj
006,28,f,vandy,1,335,audiovisual,100,,2,0.4273647000081837,0.4073647000081837,-20.0,1640.5665565000381,sj
006,28,f,vandy,1,336,audiovisual,150,,2,0.6140011001843959,0.5940011001843959,-20.0,1642.5271252000239,sj
006,28,f,vandy,1,337,audiovisual,250,,2,0.7194752998184413,0.6994752998184413,-20.0,1644.808510400122,sj
006,28,f,vandy,1,338,audiovisual,200,,2,0.6411378001794219,0.6211378001794219,-20.0,1647.3023436001968,sj
006,28,f,vandy,1,339,audiovisual,-50,,1,2.5199025000911206,2.4999025000911206,-20.0,1649.0365419001319,sj
006,28,f,vandy,1,340,audiovisual,300,,2,0.9468493999447674,0.9268493999447673,-20.0,1652.944000700023,sj
006,28,f,vandy,1,341,audiovisual,-300,,2,0.7739860001020133,0.7539860001020133,-20.0,1655.3189281001687,sj
006,28,f,vandy,1,342,audiovisual,150,,2,0.5197554000187665,0.4997554000187665,-20.0,1657.4656972000375,sj
006,28,f,vandy,1,343,audiovisual,300,,2,0.6279666000045836,0.6079666000045836,-20.0,1659.5060173000675,sj
006,28,f,vandy,1,344,audiovisual,100,,2,0.4660970000550151,0.44609700005501507,-20.0,1661.4549128999934,sj
006,28,f,vandy,1,345,audiovisual,-100,,2,0.4265241001266986,0.4065241001266986,-20.0,1663.3211471000686,sj
006,28,f,vandy,1,346,audiovisual,300,,2,0.6820409998763353,0.6620409998763352,-20.0,1664.881836600136,sj
006,28,f,vandy,1,347,audiovisual,50,,2,0.48008689982816577,0.46008689982816575,-20.0,1666.7243739000987,sj
006,28,f,vandy,1,348,audiovisual,250,,2,0.6261320998892188,0.6061320998892188,-20.0,1668.483128900174,sj
006,28,f,vandy,1,349,audiovisual,-250,,2,0.6149505998473614,0.5949505998473614,-20.0,1670.8984789999668,sj
006,28,f,vandy,1,350,audiovisual,-100,,2,0.9344812999479473,0.9144812999479472,-20.0,1673.0729269001167,sj
006,28,f,vandy,1,351,audiovisual,-100,,2,0.7475433999206871,0.7275433999206871,-20.0,1675.686645800015,sj
006,28,f,vandy,1,352,audiovisual,50,,2,0.4675612999126315,0.4475612999126315,-20.0,1678.3002953999676,sj
006,28,f,vandy,1,353,audiovisual,-200,,2,0.631524900207296,0.611524900207296,-20.0,1679.90095619997,sj
006,28,f,vandy,1,354,audiovisual,300,,2,0.8807682001497597,0.8607682001497596,-20.0,1682.1728125000373,sj
006,28,f,vandy,1,355,audiovisual,-150,,2,3.1347789000719786,3.1147789000719786,-20.0,1684.982599500101,sj
006,28,f,vandy,1,356,audiovisual,0,,2,0.4673939000349492,0.44739390003494917,-20.0,1689.890970800072,sj
006,28,f,vandy,1,357,audiovisual,-250,,2,0.6142023999709636,0.5942023999709636,-20.0,1692.0258353000972,sj
006,28,f,vandy,1,358,audiovisual,250,,1,1.3084032000042498,1.2884032000042498,-20.0,1694.2802869000006,sj
006,28,f,vandy,1,359,audiovisual,-50,,2,0.720578899839893,0.700578899839893,-20.0,1697.1212744000368,sj
006,28,f,vandy,1,360,audiovisual,-300,,2,1.548003900097683,1.528003900097683,-20.0,1699.5613055001013,sj
006,28,f,vandy,1,361,audiovisual,-50,,1,1.0545347998850048,1.0345347998850047,-20.0,1702.735791000072,sj
006,28,f,vandy,1,362,audiovisual,-100,,2,0.7867910000495613,0.7667910000495612,-20.0,1705.1372822001576,sj
006,28,f,vandy,1,363,audiovisual,0,,2,0.6935014000628144,0.6735014000628143,-20.0,1707.9241318001878,sj
006,28,f,vandy,1,364,audiovisual,300,,2,0.7207139001693577,0.7007139001693576,-20.0,1710.458503199974,sj
006,28,f,vandy,1,365,audiovisual,200,,2,3.200828499859199,3.180828499859199,-20.0,1712.5796256000176,sj
006,28,f,vandy,1,366,audiovisual,-300,,2,0.8168602001387626,0.7968602001387626,-20.0,1717.2738721000496,sj
006,28,f,vandy,1,367,audiovisual,300,,2,0.8664593000430614,0.8464593000430614,-20.0,1719.732599500101,sj
006,28,f,vandy,1,368,audiovisual,250,,2,0.7619101000018418,0.7419101000018418,-20.0,1721.9822558001615,sj
006,28,f,vandy,1,369,audiovisual,-300,,2,0.7079100999981165,0.6879100999981165,-20.0,1724.0247877000365,sj
006,28,f,vandy,1,370,audiovisual,50,,2,0.7083841999992728,0.6883841999992728,-20.0,1725.8114488001447,sj
006,28,f,vandy,1,371,audiovisual,50,,2,0.5202096998691559,0.5002096998691559,-20.0,1728.252908000024,sj
006,28,f,vandy,1,372,audiovisual,0,,2,0.5207332998979837,0.5007332998979837,-20.0,1729.9991013000254,sj
006,28,f,vandy,1,373,audiovisual,-150,,2,0.666395700071007,0.646395700071007,-20.0,1731.6543980001006,sj
006,28,f,vandy,1,374,audiovisual,50,,2,0.697064199950546,0.677064199950546,-20.0,1734.1479823000263,sj
006,28,f,vandy,1,375,audiovisual,0,,2,0.6949500001501292,0.6749500001501292,-20.0,1736.8327982001938,sj
006,28,f,vandy,1,376,audiovisual,50,,2,1.6415630001574755,1.6215630001574755,-20.0,1739.056847400032,sj
006,28,f,vandy,1,377,audiovisual,-150,,2,30.277673699893057,30.257673699893058,-20.0,1742.017740600044,sj
006,28,f,vandy,1,378,audiovisual,-100,,2,2.107556200120598,2.087556200120598,-20.0,1773.415102200117,sj
006,28,f,vandy,1,379,audiovisual,-50,,2,681.0624038998503,681.0424038998503,-20.0,1776.7101863001008,sj
006,28,f,vandy,1,380,audiovisual,0,,2,0.5998061997815967,0.5798061997815966,-20.0,2459.4261297001503,sj
006,28,f,vandy,1,381,audiovisual,50,,2,0.374379999935627,0.35437999993562697,-20.0,2461.159719000105,sj
006,28,f,vandy,1,382,audiovisual,-50,,2,0.48104989994317293,0.4610498999431729,-20.0,2463.3213315000758,sj
006,28,f,vandy,1,383,audiovisual,100,,2,0.734627999830991,0.714627999830991,-20.0,2465.522588000167,sj
006,28,f,vandy,1,384,audiovisual,100,,2,1.0009367999155074,0.9809367999155074,-20.0,2467.6561108999886,sj
006,28,f,vandy,1,385,audiovisual,-250,,2,0.8947858000174165,0.8747858000174165,-20.0,2470.5366487000138,sj
006,28,f,vandy,1,386,audiovisual,-50,,2,0.6540119999554008,0.6340119999554008,-20.0,2473.2714492001105,sj
006,28,f,vandy,1,387,audiovisual,300,,2,0.8140476001426578,0.7940476001426577,-20.0,2475.9385051000863,sj
006,28,f,vandy,1,388,audiovisual,-150,,2,0.5346817001700401,0.5146817001700401,-20.0,2478.2462709001265,sj
006,28,f,vandy,1,389,audiovisual,0,,2,0.49359430000185966,0.47359430000185965,-20.0,2480.3672186001204,sj
006,28,f,vandy,1,390,audiovisual,-150,,2,0.6406155999284238,0.6206155999284237,-20.0,2482.2473433001433,sj
006,28,f,vandy,2,1,audio,nan,,nan,1.027387199923396,1.007387199923396,-20.0,2506.1754189999774,srt
006,28,f,vandy,2,2,visual,nan,,nan,1.2137626998592168,1.2137626998592168,-20.0,2510.2251886001322,srt
006,28,f,vandy,2,3,visual,nan,,nan,0.5870270999148488,0.5870270999148488,-20.0,2513.1825075000525,srt
006,28,f,vandy,2,4,visual,nan,,nan,0.5204322000499815,0.5204322000499815,-20.0,2516.36887500016,srt
006,28,f,vandy,2,5,audio,nan,,nan,1.0520788999274373,1.0320788999274373,-20.0,2519.6092989000026,srt
006,28,f,vandy,2,6,audio,nan,,nan,0.6557507999241352,0.6357507999241352,-20.0,2522.024427199969,srt
006,28,f,vandy,2,7,audiovisual,nan,,nan,0.9335334999486804,0.9135334999486804,-20.0,2525.453964400105,srt
006,28,f,vandy,2,8,audio,nan,,nan,0.4402815999928862,0.42028159999288617,-20.0,2528.199631100055,srt
006,28,f,vandy,2,9,visual,nan,,nan,0.2927957000210881,0.2927957000210881,-20.0,2529.813855400076,srt
006,28,f,vandy,2,10,audiovisual,nan,,nan,0.5884151000063866,0.5684151000063866,-20.0,2532.146812299965,srt
006,28,f,vandy,2,11,visual,nan,,nan,0.5063050000462681,0.5063050000462681,-20.0,2535.536093800096,srt
006,28,f,vandy,2,12,audiovisual,nan,,nan,0.4538346999324858,0.4338346999324858,-20.0,2537.3624346000142,srt
006,28,f,vandy,2,13,audio,nan,,nan,0.5737348000984639,0.5537348000984639,-20.0,2539.843417300144,srt
006,28,f,vandy,2,14,audio,nan,,nan,0.4269522000104189,0.4069522000104189,-20.0,2543.1123161001597,srt
006,28,f,vandy,2,15,audio,nan,,nan,0.38761620013974607,0.36761620013974605,-20.0,2544.9661082001403,srt
006,28,f,vandy,2,16,audio,nan,,nan,0.45420469995588064,0.4342046999558806,-20.0,2546.514006300131,srt
006,28,f,vandy,2,17,audiovisual,nan,,nan,0.5871449999976903,0.5671449999976903,-20.0,2549.0343780000694,srt
006,28,f,vandy,2,18,audiovisual,nan,,nan,0.41387869999744,0.39387869999743996,-20.0,2551.0207958000246,srt
006,28,f,vandy,2,19,audio,nan,,nan,0.45421529980376363,0.4342152998037636,-20.0,2552.8761448001023,srt
006,28,f,vandy,2,20,audio,nan,,nan,0.4536457001231611,0.43364570012316106,-20.0,2555.7565906001255,srt
006,28,f,vandy,2,21,audiovisual,nan,,nan,0.6275942001957446,0.6075942001957446,-20.0,2558.8105987000745,srt
006,28,f,vandy,2,22,audio,nan,,nan,0.49408169998787344,0.4740816999878734,-20.0,2562.0527000001166,srt
006,28,f,vandy,2,23,visual,nan,,nan,0.5070700999349356,0.5070700999349356,-20.0,2564.814356900053,srt
006,28,f,vandy,2,24,audiovisual,nan,,nan,0.4677185998298228,0.44771859982982276,-20.0,2567.3868280001916,srt
006,28,f,vandy,2,25,visual,nan,,nan,0.46698409994132817,0.46698409994132817,-20.0,2570.0015835000668,srt
006,28,f,vandy,2,26,visual,nan,,nan,0.3333642000798136,0.3333642000798136,-20.0,2571.561916799983,srt
006,28,f,vandy,2,27,audiovisual,nan,,nan,0.26620059995912015,0.24620059995912016,-20.0,2573.841934800148,srt
006,28,f,vandy,2,28,audiovisual,nan,,nan,0.3051816998049617,0.28518169980496166,-20.0,2576.2163683001418,srt
006,28,f,vandy,2,29,audiovisual,nan,,nan,0.25365900015458465,0.23365900015458466,-20.0,2578.057495900197,srt
006,28,f,vandy,2,30,audiovisual,nan,,nan,0.22699430002830923,0.20699430002830924,-20.0,2579.4979860000312,srt
006,28,f,vandy,2,31,visual,nan,,nan,0.2936786999925971,0.2936786999925971,-20.0,2582.7528349000495,srt
006,28,f,vandy,2,32,audio,nan,,nan,0.347353900084272,0.327353900084272,-20.0,2584.753993500024,srt
006,28,f,vandy,2,33,audio,nan,,nan,0.39980829996056855,0.37980829996056853,-20.0,2587.073960200185,srt
006,28,f,vandy,2,34,audio,nan,,nan,0.28307679994031787,0.26307679994031785,-20.0,2589.475477100117,srt
006,28,f,vandy,2,35,audiovisual,nan,,nan,0.3037070999853313,0.2837070999853313,-20.0,2592.37265080004,srt
006,28,f,vandy,2,36,audio,nan,,nan,0.25559179997071624,0.23559179997071625,-20.0,2593.875977399992,srt
006,28,f,vandy,2,37,visual,nan,,nan,0.3871577999088913,0.3871577999088913,-20.0,2595.2533705001697,srt
006,28,f,vandy,2,38,audiovisual,nan,,nan,0.2810985001269728,0.2610985001269728,-20.0,2598.3980935001746,srt
006,28,f,vandy,2,39,audio,nan,,nan,0.25402210000902414,0.23402210000902415,-20.0,2600.5340627999976,srt
006,28,f,vandy,2,40,audiovisual,nan,,nan,0.25370929995551705,0.23370929995551706,-20.0,2602.1060666001868,srt
006,28,f,vandy,2,41,audio,nan,,nan,0.3065204001031816,0.2865204001031816,-20.0,2603.7075825000647,srt
006,28,f,vandy,2,42,visual,nan,,nan,0.4003753000870347,0.4003753000870347,-20.0,2606.96100999997,srt
006,28,f,vandy,2,43,audiovisual,nan,,nan,0.5356743999291211,0.5156743999291211,-20.0,2609.375624000095,srt
006,28,f,vandy,2,44,audio,nan,,nan,0.24047950003296137,0.22047950003296138,-20.0,2612.792657500133,srt
006,28,f,vandy,2,45,audio,nan,,nan,0.29341819998808205,0.27341819998808203,-20.0,2615.1777278000955,srt
006,28,f,vandy,2,46,audiovisual,nan,,nan,0.2678586000110954,0.24785860001109541,-20.0,2617.9260340000037,srt
006,28,f,vandy,2,47,visual,nan,,nan,0.4268731998745352,0.4268731998745352,-20.0,2620.980587200029,srt
006,28,f,vandy,2,48,audio,nan,,nan,0.44045959995128214,0.4204595999512821,-20.0,2622.9806679000612,srt
006,28,f,vandy,2,49,audiovisual,nan,,nan,0.27069479995407164,0.2506947999540716,-20.0,2624.6080508001614,srt
006,28,f,vandy,2,50,audiovisual,nan,,nan,0.3742611000780016,0.3542611000780016,-20.0,2627.4523147,srt
006,28,f,vandy,2,51,audiovisual,nan,,nan,0.3070296999067068,0.2870296999067068,-20.0,2628.9963220001664,srt
006,28,f,vandy,2,52,audiovisual,nan,,nan,0.2804765000473708,0.2604765000473708,-20.0,2632.090221500024,srt
006,28,f,vandy,2,53,visual,nan,,nan,0.29392029996961355,0.29392029996961355,-20.0,2634.8913343001623,srt
006,28,f,vandy,2,54,audio,nan,,nan,0.3334577002096921,0.3134577002096921,-20.0,2638.145893200068,srt
006,28,f,vandy,2,55,audiovisual,nan,,nan,0.09359760000370443,0.07359760000370442,-20.0,2640.1463125001173,srt
006,28,f,vandy,2,56,audiovisual,nan,,nan,0.21392090013250709,0.1939209001325071,-20.0,2641.888090000022,srt
006,28,f,vandy,2,57,audio,nan,,nan,0.25399770005606115,0.23399770005606116,-20.0,2644.281989700161,srt
006,28,f,vandy,2,58,audio,nan,,nan,0.21014029998332262,0.19014029998332263,-20.0,2645.6016528001055,srt
006,28,f,vandy,2,59,audio,nan,,nan,0.18695759982801974,0.16695759982801975,-20.0,2647.283020199975,srt
006,28,f,vandy,2,60,audiovisual,nan,,nan,0.16183539992198348,0.1418353999219835,-20.0,2648.9761723000556,srt
006,28,f,vandy,2,61,visual,nan,,nan,0.3330264000687748,0.3330264000687748,-20.0,2651.0732937001158,srt
006,28,f,vandy,2,62,visual,nan,,nan,0.3198995999991894,0.3198995999991894,-20.0,2652.7911431000102,srt
006,28,f,vandy,2,63,audiovisual,nan,,nan,0.26701750000938773,0.24701750000938774,-20.0,2655.978898300091,srt
006,28,f,vandy,2,64,audiovisual,nan,,nan,0.253741999855265,0.23374199985526503,-20.0,2657.9003026001155,srt
006,28,f,vandy,2,65,visual,nan,,nan,0.31532540009357035,0.31532540009357035,-20.0,2659.2872886999976,srt
006,28,f,vandy,2,66,visual,nan,,nan,0.30749320005998015,0.30749320005998015,-20.0,2660.6875354000367,srt
006,28,f,vandy,2,67,audio,nan,,nan,0.21330000017769635,0.19330000017769636,-20.0,2662.1551270000637,srt
006,28,f,vandy,2,68,audiovisual,nan,,nan,0.24000709992833436,0.22000709992833437,-20.0,2663.7680866001174,srt
006,28,f,vandy,2,69,visual,nan,,nan,0.35974430013448,0.35974430013448,-20.0,2665.235671200091,srt
006,28,f,vandy,2,70,audio,nan,,nan,0.4004389001056552,0.3804389001056552,-20.0,2667.86285470007,srt
006,28,f,vandy,2,71,audio,nan,,nan,0.346091500017792,0.32609150001779197,-20.0,2670.505056400085,srt
006,28,f,vandy,2,72,audio,nan,,nan,0.3588318000547588,0.33883180005475877,-20.0,2672.3983218001667,srt
006,28,f,vandy,2,73,audio,nan,,nan,0.2805253001861274,0.2605253001861274,-20.0,2675.186083700042,srt
006,28,f,vandy,2,74,visual,nan,,nan,0.40051939990371466,0.40051939990371466,-20.0,2676.5748456001747,srt
006,28,f,vandy,2,75,visual,nan,,nan,0.32064559985883534,0.32064559985883534,-20.0,2680.0021926001646,srt
006,28,f,vandy,2,76,audiovisual,nan,,nan,0.22634180006571114,0.20634180006571115,-20.0,2682.4032058999874,srt
006,28,f,vandy,2,77,audiovisual,nan,,nan,0.2555976998992264,0.23559769989922644,-20.0,2684.9230375001207,srt
006,28,f,vandy,2,78,audio,nan,,nan,0.27866300009191036,0.25866300009191034,-20.0,2687.033983099973,srt
006,28,f,vandy,2,79,audiovisual,nan,,nan,0.2669332998339087,0.2469332998339087,-20.0,2688.5120249001775,srt
006,28,f,vandy,2,80,audio,nan,,nan,0.2931851998437196,0.2731851998437196,-20.0,2690.605099100154,srt
006,28,f,vandy,2,81,audiovisual,nan,,nan,0.22782230004668236,0.20782230004668237,-20.0,2693.7943192000967,srt
006,28,f,vandy,2,82,visual,nan,,nan,0.2940838001668453,0.2940838001668453,-20.0,2695.339891300071,srt
006,28,f,vandy,2,83,audio,nan,,nan,0.22707859985530376,0.20707859985530377,-20.0,2696.8876641001552,srt
006,28,f,vandy,2,84,audio,nan,,nan,,,-20.0,2699.394971600035,srt
006,28,f,vandy,2,85,visual,nan,,nan,0.5202881000004709,0.5202881000004709,-20.0,2702.169500899967,srt
006,28,f,vandy,2,86,audiovisual,nan,,nan,0.5607801999431103,0.5407801999431103,-20.0,2704.8648209001403,srt
006,28,f,vandy,2,87,audio,nan,,nan,0.45445879991166294,0.4344587999116629,-20.0,2707.5465024001896,srt
006,28,f,vandy,2,88,audiovisual,nan,,nan,0.43984349980019033,0.4198434998001903,-20.0,2710.692474800162,srt
006,28,f,vandy,2,89,visual,nan,,nan,0.5463457000441849,0.5463457000441849,-20.0,2712.612550500082,srt
006,28,f,vandy,2,90,audiovisual,nan,,nan,0.3869622000493109,0.3669622000493109,-20.0,2714.2812312000897,srt
006,28,f,vandy,2,91,audiovisual,nan,,nan,0.3201242999639362,0.3001242999639362,-20.0,2715.9475948000327,srt
006,28,f,vandy,2,92,audiovisual,nan,,nan,0.30785440001636744,0.2878544000163674,-20.0,2717.7078003000934,srt
006,28,f,vandy,2,93,visual,nan,,nan,0.38711329991929233,0.38711329991929233,-20.0,2720.897155100014,srt
006,28,f,vandy,2,94,audiovisual,nan,,nan,0.7606077999807894,0.7406077999807894,-20.0,2722.6048421000596,srt
006,28,f,vandy,2,95,visual,nan,,nan,0.3736845999956131,0.3736845999956131,-20.0,2726.1386645000894,srt
006,28,f,vandy,2,96,audiovisual,nan,,nan,0.24083760008215904,0.22083760008215905,-20.0,2728.7921994000208,srt
006,28,f,vandy,2,97,visual,nan,,nan,0.30699820001609623,0.30699820001609623,-20.0,2731.834996400168,srt
006,28,f,vandy,2,98,audio,nan,,nan,0.26672829990275204,0.24672829990275205,-20.0,2733.660926599987,srt
006,28,f,vandy,2,99,audio,nan,,nan,0.21662710001692176,0.19662710001692177,-20.0,2735.4077020999976,srt
006,28,f,vandy,2,100,audiovisual,nan,,nan,0.15833470015786588,0.1383347001578659,-20.0,2737.5336029001046,srt
006,28,f,vandy,2,101,audiovisual,nan,,nan,,,-20.0,2740.490418900037,srt
006,28,f,vandy,2,102,visual,nan,,nan,,,-20.0,2743.2884692000225,srt
006,28,f,vandy,2,103,audio,nan,,nan,,,-20.0,2746.185987000121,srt
006,28,f,vandy,2,104,audio,nan,,nan,,,-20.0,2748.287628200138,srt
006,28,f,vandy,2,105,visual,nan,,nan,,,-20.0,2750.4473509001546,srt
006,28,f,vandy,2,106,audiovisual,nan,,nan,,,-20.0,2753.3225756001193,srt
006,28,f,vandy,2,107,audio,nan,,nan,,,-20.0,2756.2447663000785,srt
006,28,f,vandy,2,108,visual,nan,,nan,,,-20.0,2758.800927300006,srt
006,28,f,vandy,2,109,visual,nan,,nan,,,-20.0,2760.7654236000963,srt
006,28,f,vandy,2,110,audiovisual,nan,,nan,,,-20.0,2763.085079899989,srt
006,28,f,vandy,2,111,visual,nan,,nan,,,-20.0,2766.178895900026,srt
006,28,f,vandy,2,112,visual,nan,,nan,,,-20.0,2769.287391200196,srt
006,28,f,vandy,2,113,visual,nan,,nan,,,-20.0,2770.4870358000044,srt
006,28,f,vandy,2,114,visual,nan,,nan,,,-20.0,2772.8343762001023,srt
006,28,f,vandy,2,115,audiovisual,nan,,nan,,,-20.0,2774.5817992000375,srt
006,28,f,vandy,2,116,audio,nan,,nan,,,-20.0,2777.537382800132,srt
006,28,f,vandy,2,117,visual,nan,,nan,,,-20.0,2779.580545300152,srt
006,28,f,vandy,2,118,audio,nan,,nan,,,-20.0,2781.0386914000846,srt
006,28,f,vandy,2,119,visual,nan,,nan,,,-20.0,2782.979789900128,srt
006,28,f,vandy,2,120,audio,nan,,nan,,,-20.0,2785.5751355001703,srt
006,28,f,vandy,2,121,audio,nan,,nan,,,-20.0,2786.9501599001233,srt
006,28,f,vandy,2,122,visual,nan,,nan,,,-20.0,2788.789227399975,srt
006,28,f,vandy,2,123,audiovisual,nan,,nan,,,-20.0,2790.5221748000477,srt
006,28,f,vandy,2,124,audiovisual,nan,,nan,,,-20.0,2793.3966914999764,srt
006,28,f,vandy,2,125,audiovisual,nan,,nan,,,-20.0,2795.4854511001613,srt
006,28,f,vandy,2,126,visual,nan,,nan,,,-20.0,2798.515653199982,srt
006,28,f,vandy,2,127,visual,nan,,nan,,,-20.0,2799.777871000115,srt
006,28,f,vandy,2,128,visual,nan,,nan,,,-20.0,2801.753247700166,srt
006,28,f,vandy,2,129,audiovisual,nan,,nan,,,-20.0,2804.8868097001687,srt
006,28,f,vandy,2,130,audiovisual,nan,,nan,,,-20.0,2807.45420700009,srt
006,28,f,vandy,2,131,audio,nan,,nan,,,-20.0,2808.7759930000175,srt
006,28,f,vandy,2,132,audiovisual,nan,,nan,,,-20.0,2809.935666100122,srt
006,28,f,vandy,2,133,visual,nan,,nan,,,-20.0,2811.4983358001336,srt
006,28,f,vandy,2,134,visual,nan,,nan,,,-20.0,2812.6900665999856,srt
006,28,f,vandy,2,135,audiovisual,nan,,nan,,,-20.0,2815.4381411001086,srt
006,28,f,vandy,2,136,audiovisual,nan,,nan,,,-20.0,2817.239813900087,srt
006,28,f,vandy,2,137,audiovisual,nan,,nan,,,-20.0,2820.1687982000876,srt
006,28,f,vandy,2,138,audio,nan,,nan,,,-20.0,2822.028012700146,srt
006,28,f,vandy,2,139,audiovisual,nan,,nan,,,-20.0,2825.1280857000966,srt
006,28,f,vandy,2,140,visual,nan,,nan,,,-20.0,2827.7982775000855,srt
006,28,f,vandy,2,141,visual,nan,,nan,,,-20.0,2830.776366100181,srt
006,28,f,vandy,2,142,audiovisual,nan,,nan,,,-20.0,2833.3242578001227,srt
006,28,f,vandy,2,143,audio,nan,,nan,,,-20.0,2836.3285827999935,srt
006,28,f,vandy,2,144,audiovisual,nan,,nan,,,-20.0,2839.2978580000345,srt
006,28,f,vandy,2,145,audio,nan,,nan,,,-20.0,2842.2477003000677,srt
006,28,f,vandy,2,146,audio,nan,,nan,,,-20.0,2843.588527600048,srt
006,28,f,vandy,2,147,audiovisual,nan,,nan,,,-20.0,2845.09590880014,srt
006,28,f,vandy,2,148,audio,nan,,nan,,,-20.0,2847.9166089000646,srt
006,28,f,vandy,2,149,audiovisual,nan,,nan,,,-20.0,2850.2001024000347,srt
006,28,f,vandy,2,150,audiovisual,nan,,nan,,,-20.0,2851.5490431000944,srt
006,28,f,vandy,2,151,visual,nan,,nan,0.3734601999167353,0.3734601999167353,-20.0,2854.0657655000687,srt
006,28,f,vandy,2,152,visual,nan,,nan,0.401361099909991,0.401361099909991,-20.0,2856.3997171001974,srt
006,28,f,vandy,2,153,audio,nan,,nan,0.5069932001642883,0.48699320016428826,-20.0,2859.160703700036,srt
006,28,f,vandy,2,154,audio,nan,,nan,0.4139398999977857,0.39393989999778567,-20.0,2860.7204395001754,srt
006,28,f,vandy,2,155,audio,nan,,nan,0.3057857998646796,0.28578579986467956,-20.0,2864.0156946000643,srt
006,28,f,vandy,2,156,audiovisual,nan,,nan,0.3068673999514431,0.28686739995144306,-20.0,2866.737137600081,srt
006,28,f,vandy,2,157,visual,nan,,nan,0.4817260999698192,0.4817260999698192,-20.0,2869.0580297000706,srt
006,28,f,vandy,2,158,audiovisual,nan,,nan,0.2803785998839885,0.2603785998839885,-20.0,2870.9000254001003,srt
006,28,f,vandy,2,159,audio,nan,,nan,0.29322730004787445,0.27322730004787443,-20.0,2873.539405600168,srt
006,28,f,vandy,2,160,audiovisual,nan,,nan,0.2401923001743853,0.22019230017438532,-20.0,2876.6336680999957,srt
006,28,f,vandy,2,161,audio,nan,,nan,0.2575850000139326,0.2375850000139326,-20.0,2878.8746720000636,srt
006,28,f,vandy,2,162,audio,nan,,nan,0.24125130008906126,0.22125130008906127,-20.0,2880.852369799977,srt
006,28,f,vandy,2,163,audio,nan,,nan,0.22537979995831847,0.20537979995831848,-20.0,2883.917310900055,srt
006,28,f,vandy,2,164,visual,nan,,nan,1.0528822999913245,1.0528822999913245,-20.0,2886.6775848001707,srt
006,28,f,vandy,2,165,audio,nan,,nan,0.5465739998035133,0.5265739998035133,-20.0,2889.1843517001253,srt
006,28,f,vandy,2,166,visual,nan,,nan,0.42715720017440617,0.42715720017440617,-20.0,2892.10638150014,srt
006,28,f,vandy,2,167,visual,nan,,nan,0.32034659991040826,0.32034659991040826,-20.0,2894.121294400189,srt
006,28,f,vandy,2,168,visual,nan,,nan,0.3115411999169737,0.3115411999169737,-20.0,2896.814832400065,srt
006,28,f,vandy,2,169,audio,nan,,nan,0.30344749987125397,0.28344749987125395,-20.0,2898.8720079001505,srt
006,28,f,vandy,2,170,visual,nan,,nan,0.3347084999550134,0.3347084999550134,-20.0,2900.5762698000763,srt
006,28,f,vandy,2,171,audio,nan,,nan,0.3599899001419544,0.3399899001419544,-20.0,2902.0967532000504,srt
006,28,f,vandy,2,172,audiovisual,nan,,nan,0.26902120001614094,0.24902120001614095,-20.0,2903.4960018000565,srt
006,28,f,vandy,2,173,visual,nan,,nan,0.30726590007543564,0.30726590007543564,-20.0,2906.3531748000532,srt
006,28,f,vandy,2,174,visual,nan,,nan,0.32039369991980493,0.32039369991980493,-20.0,2908.2049302000087,srt
006,28,f,vandy,2,175,visual,nan,,nan,0.30646400013938546,0.30646400013938546,-20.0,2911.1941661001183,srt
006,28,f,vandy,2,176,audio,nan,,nan,0.5344940999057144,0.5144940999057144,-20.0,2912.966516500106,srt
006,28,f,vandy,2,177,audiovisual,nan,,nan,0.2935002997983247,0.2735002997983247,-20.0,2915.1003894000314,srt
006,28,f,vandy,2,178,audiovisual,nan,,nan,0.23061760002747178,0.2106176000274718,-20.0,2916.4891306001227,srt
006,28,f,vandy,2,179,audio,nan,,nan,0.26534439995884895,0.24534439995884896,-20.0,2919.3722972001415,srt
006,28,f,vandy,2,180,audiovisual,nan,,nan,0.24300849996507168,0.2230084999650717,-20.0,2921.1171778000426,srt
006,28,f,vandy,2,181,audio,nan,,nan,0.18754720012657344,0.16754720012657345,-20.0,2922.8533150001895,srt
006,28,f,vandy,2,182,audio,nan,,nan,0.23980750003829598,0.219807500038296,-20.0,2924.5047230999917,srt
006,28,f,vandy,2,183,audio,nan,,nan,,,-20.0,2926.9979787999764,srt
006,28,f,vandy,2,184,visual,nan,,nan,0.42708180006593466,0.42708180006593466,-20.0,2929.7462536999956,srt
006,28,f,vandy,2,185,audio,nan,,nan,0.5102504000533372,0.4902504000533372,-20.0,2933.1866525001824,srt
006,28,f,vandy,2,186,audio,nan,,nan,0.35065809986554086,0.33065809986554084,-20.0,2935.151310800109,srt
006,28,f,vandy,2,187,audiovisual,nan,,nan,0.30764520005322993,0.2876452000532299,-20.0,2936.9940541000105,srt
006,28,f,vandy,2,188,audio,nan,,nan,0.29427660000510514,0.2742766000051051,-20.0,2939.256979300175,srt
006,28,f,vandy,2,189,audio,nan,,nan,0.29398089996539056,0.27398089996539055,-20.0,2941.017338300124,srt
006,28,f,vandy,2,190,audio,nan,,nan,0.32009699987247586,0.30009699987247584,-20.0,2943.1374927000143,srt
006,28,f,vandy,2,191,audio,nan,,nan,0.2934109999332577,0.2734109999332577,-20.0,2946.3531973999925,srt
006,28,f,vandy,2,192,audiovisual,nan,,nan,0.2933227999601513,0.2733227999601513,-20.0,2948.2996482001618,srt
006,28,f,vandy,2,193,audio,nan,,nan,0.2672644001431763,0.24726440014317633,-20.0,2949.860667700181,srt
006,28,f,vandy,2,194,visual,nan,,nan,0.49944899999536574,0.49944899999536574,-20.0,2952.8077701001894,srt
006,28,f,vandy,2,195,audio,nan,,nan,0.33333409996703267,0.31333409996703265,-20.0,2956.2409748001955,srt
006,28,f,vandy,2,196,visual,nan,,nan,0.5209327000193298,0.5209327000193298,-20.0,2958.410981300054,srt
006,28,f,vandy,2,197,audio,nan,,nan,0.4288426998537034,0.40884269985370336,-20.0,2960.30436690012,srt
006,28,f,vandy,2,198,visual,nan,,nan,0.40116070001386106,0.40116070001386106,-20.0,2962.587275700178,srt
006,28,f,vandy,2,199,audiovisual,nan,,nan,0.29327769996598363,0.2732776999659836,-20.0,2965.4526276001707,srt
006,28,f,vandy,2,200,visual,nan,,nan,0.32118379999883473,0.32118379999883473,-20.0,2966.9609099000227,srt
006,28,f,vandy,2,201,audiovisual,nan,,nan,0.2136278001125902,0.1936278001125902,-20.0,2968.761471600039,srt
006,28,f,vandy,2,202,audiovisual,nan,,nan,0.2394316999707371,0.2194316999707371,-20.0,2971.508315199986,srt
006,28,f,vandy,2,203,visual,nan,,nan,0.2696844001766294,0.2696844001766294,-20.0,2973.3365575000644,srt
006,28,f,vandy,2,204,visual,nan,,nan,0.28031629999168217,0.28031629999168217,-20.0,2975.4711998000275,srt
006,28,f,vandy,2,205,audiovisual,nan,,nan,0.36034739995375276,0.34034739995375274,-20.0,2977.123062200146,srt
006,28,f,vandy,2,206,audiovisual,nan,,nan,0.32102189981378615,0.30102189981378613,-20.0,2980.431833700044,srt
006,28,f,vandy,2,207,visual,nan,,nan,0.3468406000174582,0.3468406000174582,-20.0,2982.1816377001815,srt
006,28,f,vandy,2,208,audiovisual,nan,,nan,0.25383060006424785,0.23383060006424786,-20.0,2984.0188733001705,srt
006,28,f,vandy,2,209,audiovisual,nan,,nan,0.29483629995957017,0.27483629995957015,-20.0,2986.193600800121,srt
006,28,f,vandy,2,210,visual,nan,,nan,0.3578164998907596,0.3578164998907596,-20.0,2988.822197700152,srt
006,28,f,vandy,2,211,visual,nan,,nan,0.30523260007612407,0.30523260007612407,-20.0,2990.6900192000903,srt
006,28,f,vandy,2,212,visual,nan,,nan,0.2939786999486387,0.2939786999486387,-20.0,2993.676645900123,srt
006,28,f,vandy,2,213,audiovisual,nan,,nan,0.20029899990186095,0.18029899990186096,-20.0,2996.345140899997,srt
006,28,f,vandy,2,214,audio,nan,,nan,0.21450420003384352,0.19450420003384353,-20.0,2998.5856453001034,srt
006,28,f,vandy,2,215,audio,nan,,nan,0.214151700027287,0.19415170002728702,-20.0,3000.839690900175,srt
006,28,f,vandy,2,216,visual,nan,,nan,,,-20.0,3002.8937969000544,srt
006,28,f,vandy,2,217,audiovisual,nan,,nan,0.29368120012804866,0.27368120012804864,-20.0,3005.947417500196,srt
006,28,f,vandy,2,218,audiovisual,nan,,nan,0.4978006000164896,0.4778006000164896,-20.0,3008.041947200196,srt
006,28,f,vandy,2,219,audio,nan,,nan,0.30684480001218617,0.28684480001218615,-20.0,3009.5931776000652,srt
006,28,f,vandy,2,220,audiovisual,nan,,nan,0.2542149000801146,0.2342149000801146,-20.0,3010.9897037001792,srt
006,28,f,vandy,2,221,audiovisual,nan,,nan,0.25322690000757575,0.23322690000757576,-20.0,3013.5772024001926,srt
006,28,f,vandy,2,222,audio,nan,,nan,0.2548031001351774,0.23480310013517738,-20.0,3016.311060300097,srt
006,28,f,vandy,2,223,audio,nan,,nan,0.2535951999016106,0.23359519990161062,-20.0,3019.234710100107,srt
006,28,f,vandy,2,224,audiovisual,nan,,nan,0.3340665001887828,0.3140665001887828,-20.0,3022.166631900007,srt
006,28,f,vandy,2,225,audiovisual,nan,,nan,0.32072789990343153,0.3007278999034315,-20.0,3023.6476523000747,srt
006,28,f,vandy,2,226,visual,nan,,nan,0.3483605000656098,0.3483605000656098,-20.0,3025.4740993001033,srt
006,28,f,vandy,2,227,audio,nan,,nan,0.35954680014401674,0.3395468001440167,-20.0,3028.2241184001323,srt
006,28,f,vandy,2,228,audio,nan,,nan,0.2668336001224816,0.2468336001224816,-20.0,3030.155768700177,srt
006,28,f,vandy,2,229,audiovisual,nan,,nan,0.2803072000388056,0.2603072000388056,-20.0,3033.063452600036,srt
006,28,f,vandy,2,230,audio,nan,,nan,0.2934059000108391,0.2734059000108391,-20.0,3034.545204699971,srt
006,28,f,vandy,2,231,audiovisual,nan,,nan,0.3472643999848515,0.32726439998485146,-20.0,3037.4122250000946,srt
006,28,f,vandy,2,232,audiovisual,nan,,nan,0.2148651999887079,0.1948651999887079,-20.0,3039.7994031000417,srt
006,28,f,vandy,2,233,audio,nan,,nan,0.10037010000087321,0.0803701000008732,-20.0,3041.6431813000236,srt
006,28,f,vandy,2,234,audiovisual,nan,,nan,0.21719609992578626,0.19719609992578627,-20.0,3044.1750962000806,srt
006,28,f,vandy,2,235,visual,nan,,nan,0.2399315000511706,0.2399315000511706,-20.0,3046.071780400118,srt
006,28,f,vandy,2,236,audio,nan,,nan,0.3359549001324922,0.31595490013249217,-20.0,3047.9762901000213,srt
006,28,f,vandy,2,237,audio,nan,,nan,,,-20.0,3049.991528300103,srt
006,28,f,vandy,2,238,audio,nan,,nan,0.5743581999558955,0.5543581999558955,-20.0,3052.5082378999796,srt
006,28,f,vandy,2,239,audiovisual,nan,,nan,0.5200644999276847,0.5000644999276846,-20.0,3054.752100300044,srt
006,28,f,vandy,2,240,visual,nan,,nan,0.5343757998198271,0.5343757998198271,-20.0,3056.5532534001395,srt
006,28,f,vandy,2,241,audiovisual,nan,,nan,0.24116349988617003,0.22116349988617004,-20.0,3059.420306700049,srt
006,28,f,vandy,2,242,audio,nan,,nan,0.241126999957487,0.221126999957487,-20.0,3062.0092460000888,srt
006,28,f,vandy,2,243,visual,nan,,nan,0.3351298999041319,0.3351298999041319,-20.0,3064.95626050001,srt
006,28,f,vandy,2,244,audio,nan,,nan,0.22843390004709363,0.20843390004709364,-20.0,3067.490534899989,srt
006,28,f,vandy,2,245,visual,nan,,nan,0.3606021001469344,0.3606021001469344,-20.0,3070.131477400195,srt
006,28,f,vandy,2,246,audiovisual,nan,,nan,0.28014570008963346,0.26014570008963345,-20.0,3073.2538328999653,srt
006,28,f,vandy,2,247,visual,nan,,nan,0.33375440002419055,0.33375440002419055,-20.0,3074.972364900168,srt
006,28,f,vandy,2,248,visual,nan,,nan,,,-20.0,3076.6128629001323,srt
006,28,f,vandy,2,249,visual,nan,,nan,,,-20.0,3081.5512946001254,srt
006,28,f,vandy,2,250,audio,nan,,nan,,,-20.0,3083.708197900094,srt
006,28,f,vandy,2,251,audiovisual,nan,,nan,,,-20.0,3084.874955800129,srt
006,28,f,vandy,2,252,audiovisual,nan,,nan,,,-20.0,3086.145125300158,srt
006,28,f,vandy,2,253,visual,nan,,nan,,,-20.0,3088.01760560018,srt
006,28,f,vandy,2,254,visual,nan,,nan,,,-20.0,3090.2329194999766,srt
006,28,f,vandy,2,255,audiovisual,nan,,nan,,,-20.0,3091.53863049997,srt
006,28,f,vandy,2,256,audiovisual,nan,,nan,,,-20.0,3093.7573310001753,srt
006,28,f,vandy,2,257,visual,nan,,nan,,,-20.0,3096.180035599973,srt
006,28,f,vandy,2,258,audio,nan,,nan,,,-20.0,3098.0335632001515,srt
006,28,f,vandy,2,259,visual,nan,,nan,,,-20.0,3099.9169620000757,srt
006,28,f,vandy,2,260,audio,nan,,nan,,,-20.0,3101.7555994000286,srt
006,28,f,vandy,2,261,visual,nan,,nan,,,-20.0,3104.5092703001574,srt
006,28,f,vandy,2,262,visual,nan,,nan,,,-20.0,3106.7312825000845,srt
006,28,f,vandy,2,263,visual,nan,,nan,,,-20.0,3108.0916941000614,srt
006,28,f,vandy,2,264,visual,nan,,nan,,,-20.0,3110.384529000148,srt
006,28,f,vandy,2,265,audiovisual,nan,,nan,,,-20.0,3111.8804544000886,srt
006,28,f,vandy,2,266,audio,nan,,nan,,,-20.0,3113.9461974001024,srt
006,28,f,vandy,2,267,visual,nan,,nan,,,-20.0,3115.6496548000723,srt
006,28,f,vandy,2,268,audio,nan,,nan,,,-20.0,3117.4946014999878,srt
006,28,f,vandy,2,269,audiovisual,nan,,nan,,,-20.0,3119.7945248000324,srt
006,28,f,vandy,2,270,audio,nan,,nan,,,-20.0,3121.9080888000317,srt
006,28,f,vandy,2,271,visual,nan,,nan,,,-20.0,3123.228983200155,srt
006,28,f,vandy,2,272,audiovisual,nan,,nan,,,-20.0,3124.8832773000468,srt
006,28,f,vandy,2,273,audio,nan,,nan,,,-20.0,3127.046291500097,srt
006,28,f,vandy,2,274,visual,nan,,nan,,,-20.0,3129.1476316000335,srt
006,28,f,vandy,2,275,audiovisual,nan,,nan,,,-20.0,3132.2327413000166,srt
006,28,f,vandy,2,276,audiovisual,nan,,nan,,,-20.0,3134.466713800095,srt
006,28,f,vandy,2,277,visual,nan,,nan,,,-20.0,3137.3056522000115,srt
006,28,f,vandy,2,278,audiovisual,nan,,nan,,,-20.0,3139.8087353000883,srt
006,28,f,vandy,2,279,visual,nan,,nan,,,-20.0,3141.40674630017,srt
006,28,f,vandy,2,280,visual,nan,,nan,,,-20.0,3144.197510499973,srt
006,28,f,vandy,2,281,visual,nan,,nan,,,-20.0,3145.583850900177,srt
006,28,f,vandy,2,282,visual,nan,,nan,,,-20.0,3148.191930399975,srt
006,28,f,vandy,2,283,audio,nan,,nan,,,-20.0,3149.679569500033,srt
006,28,f,vandy,2,284,audiovisual,nan,,nan,,,-20.0,3151.4975942000747,srt
006,28,f,vandy,2,285,audio,nan,,nan,,,-20.0,3153.136655600043,srt
006,28,f,vandy,2,286,visual,nan,,nan,,,-20.0,3154.3379063000903,srt
006,28,f,vandy,2,287,visual,nan,,nan,,,-20.0,3157.1628590000328,srt
006,28,f,vandy,2,288,audio,nan,,nan,,,-20.0,3159.9224614000414,srt
006,28,f,vandy,2,289,visual,nan,,nan,,,-20.0,3162.208911300171,srt
006,28,f,vandy,2,290,visual,nan,,nan,,,-20.0,3164.4324430001434,srt
006,28,f,vandy,2,291,visual,nan,,nan,,,-20.0,3165.88487780001,srt
006,28,f,vandy,2,292,visual,nan,,nan,,,-20.0,3167.7398358001374,srt
006,28,f,vandy,2,293,audio,nan,,nan,,,-20.0,3169.8602237000596,srt
006,28,f,vandy,2,294,audio,nan,,nan,,,-20.0,3172.8667489001527,srt
006,28,f,vandy,2,295,visual,nan,,nan,,,-20.0,3175.3899385000113,srt
006,28,f,vandy,2,296,visual,nan,,nan,,,-20.0,3177.930989400018,srt
006,28,f,vandy,2,297,audio,nan,,nan,,,-20.0,3180.9176386001054,srt
006,28,f,vandy,2,298,audiovisual,nan,,nan,,,-20.0,3183.3690182000864,srt
006,28,f,vandy,2,299,audiovisual,nan,,nan,,,-20.0,3186.335878700018,srt
006,28,f,vandy,2,300,visual,nan,,nan,,,-20.0,3189.277510400163,srt
006,28,f,vandy,3,1,audiovisual,0,,1,1.8548993000295013,1.8348993000295013,-20.0,3931.6011501001194,toj
006,28,f,vandy,3,2,audiovisual,250,,2,2.785465900087729,2.765465900087729,-20.0,3935.0720387001056,toj
006,28,f,vandy,3,3,audiovisual,-50,,2,3.8950042999349535,3.8750042999349534,-20.0,3939.0331944001373,toj
006,28,f,vandy,3,4,audiovisual,-300,,1,1.1614069999195635,1.1414069999195635,-20.0,3944.87474580016,toj
006,28,f,vandy,3,5,audiovisual,50,,1,1.978400700027123,1.958400700027123,-20.0,3948.0494419999886,toj
006,28,f,vandy,3,6,audiovisual,50,,1,1.9362516000401229,1.9162516000401228,-20.0,3952.0286450001877,toj
006,28,f,vandy,3,7,audiovisual,-100,,1,1.7326197000220418,1.7126197000220418,-20.0,3955.4678663001396,toj
006,28,f,vandy,3,8,audiovisual,300,,1,2.9210039998870343,2.9010039998870343,-20.0,3958.400071100099,toj
006,28,f,vandy,3,9,audiovisual,-200,,1,1.2006200000178069,1.1806200000178069,-20.0,3963.040991900023,toj
006,28,f,vandy,3,10,audiovisual,-100,,1,1.6815628001932055,1.6615628001932055,-20.0,3965.388633900089,toj
006,28,f,vandy,3,11,audiovisual,-250,,1,0.8538632998242974,0.8338632998242974,-20.0,3968.217060700059,toj
006,28,f,vandy,3,12,audiovisual,-300,,1,0.8782883000094444,0.8582883000094443,-20.0,3970.8707034001127,toj
006,28,f,vandy,3,13,audiovisual,-200,,1,1.056349400198087,1.036349400198087,-20.0,3973.0056311001536,toj
006,28,f,vandy,3,14,audiovisual,-250,,1,0.6147677998524159,0.5947677998524159,-20.0,3975.36781350011,toj
006,28,f,vandy,3,15,audiovisual,-200,,1,0.6808750000782311,0.6608750000782311,-20.0,3977.5277952000033,toj
006,28,f,vandy,3,16,audiovisual,50,,1,0.46708979993127286,0.44708979993127285,-20.0,3979.980705199996,toj
006,28,f,vandy,3,17,audiovisual,-300,,1,1.1344567001797259,1.1144567001797259,-20.0,3981.5816461001523,toj
006,28,f,vandy,3,18,audiovisual,-300,,1,0.9070192999206483,0.8870192999206483,-20.0,3984.022629200015,toj
006,28,f,vandy,3,19,audiovisual,-300,,1,0.9745525999460369,0.9545525999460369,-20.0,3986.423320800066,toj
006,28,f,vandy,3,20,audiovisual,200,,1,2.921380699845031,2.901380699845031,-20.0,3988.8375128000043,toj
006,28,f,vandy,3,21,audiovisual,250,,2,1.3473612000234425,1.3273612000234425,-20.0,3993.1994921001606,toj
006,28,f,vandy,3,22,audiovisual,200,,2,0.8809116999618709,0.8609116999618709,-20.0,3996.000077100005,toj
006,28,f,vandy,3,23,audiovisual,150,,2,2.1756382000166923,2.1556382000166923,-20.0,3998.6549598001875,toj
006,28,f,vandy,3,24,audiovisual,-50,,2,0.7164801000617445,0.6964801000617444,-20.0,4002.5367364000995,toj
006,28,f,vandy,3,25,audiovisual,50,,2,0.7507098000496626,0.7307098000496626,-20.0,4004.4837871000636,toj
006,28,f,vandy,3,26,audiovisual,100,,2,0.9209391998592764,0.9009391998592764,-20.0,4007.1274040001445,toj
006,28,f,vandy,3,27,audiovisual,250,,2,1.5893223001621664,1.5693223001621663,-20.0,4009.6053444000427,toj
006,28,f,vandy,3,28,audiovisual,-250,,2,0.6801303999964148,0.6601303999964148,-20.0,4012.2476922001224,toj
006,28,f,vandy,3,29,audiovisual,-250,,1,0.9079827999230474,0.8879827999230474,-20.0,4014.473331700079,toj
006,28,f,vandy,3,30,audiovisual,200,,1,0.8951399999205023,0.8751399999205023,-20.0,4017.3678439001087,toj
006,28,f,vandy,3,31,audiovisual,-50,,2,0.9882239999715239,0.9682239999715239,-20.0,4019.542902100133,toj
006,28,f,vandy,3,32,audiovisual,300,,2,1.0264878999441862,1.0064878999441862,-20.0,4022.5436356000137,toj
006,28,f,vandy,3,33,audiovisual,300,,2,0.7037628998514265,0.6837628998514265,-20.0,4025.0768271000125,toj
006,28,f,vandy,3,34,audiovisual,-200,,1,0.7862766000907868,0.7662766000907868,-20.0,4026.8509712000377,toj
006,28,f,vandy,3,35,audiovisual,200,,1,2.722087800037116,2.702087800037116,-20.0,4028.878068300197,toj
006,28,f,vandy,3,36,audiovisual,-200,,1,0.9084999000187963,0.8884999000187963,-20.0,4033.614356199978,toj
006,28,f,vandy,3,37,audiovisual,-300,,1,0.7747532001230866,0.7547532001230866,-20.0,4036.2156575000845,toj
006,28,f,vandy,3,38,audiovisual,-250,,1,0.9336379999294877,0.9136379999294877,-20.0,4038.989670400042,toj
006,28,f,vandy,3,39,audiovisual,100,,1,0.8008100998122245,0.7808100998122245,-20.0,4041.363237600075,toj
006,28,f,vandy,3,40,audiovisual,150,,2,1.4553567999973893,1.4353567999973893,-20.0,4044.167761299992,toj
006,28,f,vandy,3,41,audiovisual,250,,2,0.8402837999165058,0.8202837999165058,-20.0,4047.393103700131,toj
006,28,f,vandy,3,42,audiovisual,200,,2,0.6535536001902074,0.6335536001902073,-20.0,4050.139337999979,toj
006,28,f,vandy,3,43,audiovisual,150,,2,0.6675960998982191,0.6475960998982191,-20.0,4052.6740633000154,toj
006,28,f,vandy,3,44,audiovisual,-300,,1,1.1472088999580592,1.1272088999580592,-20.0,4055.1027063000947,toj
006,28,f,vandy,3,45,audiovisual,150,,1,1.1209650000091642,1.1009650000091642,-20.0,4057.448957900051,toj
006,28,f,vandy,3,46,audiovisual,0,,1,0.7071291001047939,0.6871291001047939,-20.0,4060.410643900046,toj
006,28,f,vandy,3,47,audiovisual,250,,2,0.7999402999412268,0.7799402999412268,-20.0,4062.304318800103,toj
006,28,f,vandy,3,48,audiovisual,-300,,1,1.8005517001729459,1.7805517001729458,-20.0,4064.5845916001126,toj
006,28,f,vandy,3,49,audiovisual,0,,2,1.4667547000572085,1.4467547000572085,-20.0,4067.6277257001493,toj
006,28,f,vandy,3,50,audiovisual,-300,,1,0.9483481000643224,0.9283481000643223,-20.0,4070.133882800117,toj
006,28,f,vandy,3,51,audiovisual,150,,1,2.8155553999822587,2.7955553999822587,-20.0,4072.3753704000264,toj
006,28,f,vandy,3,52,audiovisual,250,,2,1.1341152999084443,1.1141152999084443,-20.0,4076.603524000151,toj
006,28,f,vandy,3,53,audiovisual,0,,2,0.8275901000015438,0.8075901000015437,-20.0,4078.937281300081,toj
006,28,f,vandy,3,54,audiovisual,-200,,1,0.9453979001846164,0.9253979001846164,-20.0,4081.031061500078,toj
006,28,f,vandy,3,55,audiovisual,-150,,1,2.82805659994483,2.80805659994483,-20.0,4083.51249610004,toj
006,28,f,vandy,3,56,audiovisual,-250,,1,1.2140295000281185,1.1940295000281185,-20.0,4088.1933128000237,toj
006,28,f,vandy,3,57,audiovisual,-200,,1,0.8546188999898732,0.8346188999898732,-20.0,4090.767941400176,toj
006,28,f,vandy,3,58,audiovisual,50,,1,0.7472498998977244,0.7272498998977244,-20.0,4092.7690302000847,toj
006,28,f,vandy,3,59,audiovisual,-250,,1,1.8007020000368357,1.7807020000368357,-20.0,4095.009303300176,toj
006,28,f,vandy,3,60,audiovisual,-300,,1,0.8943764998111874,0.8743764998111874,-20.0,4098.384872500086,toj
006,28,f,vandy,3,61,audiovisual,100,,2,1.1051471000537276,1.0851471000537276,-20.0,4100.398454300128,toj
006,28,f,vandy,3,62,audiovisual,300,,2,0.8004985998850316,0.7804985998850316,-20.0,4103.372220800025,toj
006,28,f,vandy,3,63,audiovisual,300,,2,0.8139331000857055,0.7939331000857055,-20.0,4105.733667100081,toj
006,28,f,vandy,3,64,audiovisual,-200,,1,0.933554699877277,0.913554699877277,-20.0,4107.787476400146,toj
006,28,f,vandy,3,65,audiovisual,150,,2,0.6803736998699605,0.6603736998699605,-20.0,4110.334657300031,toj
006,28,f,vandy,3,66,audiovisual,0,,2,0.7204247999470681,0.7004247999470681,-20.0,4112.709022300085,toj
006,28,f,vandy,3,67,audiovisual,150,,2,0.6011767000891268,0.5811767000891268,-20.0,4115.390026299981,toj
006,28,f,vandy,3,68,audiovisual,-250,,1,0.6805916000157595,0.6605916000157595,-20.0,4117.018068500096,toj
006,28,f,vandy,3,69,audiovisual,-300,,1,0.5885239001363516,0.5685239001363516,-20.0,4119.71163949999,toj
006,28,f,vandy,3,70,audiovisual,-150,,1,0.9617186000104994,0.9417186000104993,-20.0,4121.967562100152,toj
006,28,f,vandy,3,71,audiovisual,-50,,1,0.5074066000524908,0.4874066000524908,-20.0,4124.647463900037,toj
006,28,f,vandy,3,72,audiovisual,250,,1,0.5469843000173569,0.5269843000173569,-20.0,4126.43428539997,toj
006,28,f,vandy,3,73,audiovisual,-50,,2,0.8005246000830084,0.7805246000830084,-20.0,4128.128045700025,toj
006,28,f,vandy,3,74,audiovisual,0,,2,1.5212541001383215,1.5012541001383215,-20.0,4130.382344200043,toj
006,28,f,vandy,3,75,audiovisual,250,,2,1.2942258000839502,1.2742258000839501,-20.0,4132.929891500156,toj
006,28,f,vandy,3,76,audiovisual,200,,2,0.6002030000090599,0.5802030000090599,-20.0,4135.997906000121,toj
006,28,f,vandy,3,77,audiovisual,-100,,2,0.6400590999983251,0.6200590999983251,-20.0,4138.067078100052,toj
006,28,f,vandy,3,78,audiovisual,100,,2,0.8271222000475973,0.8071222000475973,-20.0,4140.706113100052,toj
006,28,f,vandy,3,79,audiovisual,-100,,2,1.5870438001584262,1.5670438001584261,-20.0,4142.974241700023,toj
006,28,f,vandy,3,80,audiovisual,0,,2,0.6938759000040591,0.6738759000040591,-20.0,4146.147648500046,toj
006,28,f,vandy,3,81,audiovisual,-300,,2,2.351891200058162,2.331891200058162,-20.0,4148.655767800054,toj
006,28,f,vandy,3,82,audiovisual,-150,,2,0.7307110999245197,0.7107110999245196,-20.0,4152.567977000028,toj
006,28,f,vandy,3,83,audiovisual,200,,2,0.6026120998430997,0.5826120998430997,-20.0,4154.897165999981,toj
006,28,f,vandy,3,84,audiovisual,0,,2,0.7739482999313623,0.7539482999313623,-20.0,4157.127577600069,toj
006,28,f,vandy,3,85,audiovisual,-250,,2,1.2943837000057101,1.27438370000571,-20.0,4159.539673299994,toj
006,28,f,vandy,3,86,audiovisual,200,,2,0.6408188999630511,0.6208188999630511,-20.0,4162.607938600006,toj
006,28,f,vandy,3,87,audiovisual,50,,1,1.3342288001440465,1.3142288001440465,-20.0,4164.382070100168,toj
006,28,f,vandy,3,88,audiovisual,100,,2,1.06670630001463,1.04670630001463,-20.0,4167.448904799996,toj
006,28,f,vandy,3,89,audiovisual,-50,,1,1.4697479999158531,1.4497479999158531,-20.0,4170.356581800152,toj
006,28,f,vandy,3,90,audiovisual,-50,,1,1.427275399910286,1.407275399910286,-20.0,4173.267404500162,toj
006,28,f,vandy,3,91,audiovisual,200,,1,1.601259200135246,1.581259200135246,-20.0,4176.47902450012,toj
006,28,f,vandy,3,92,audiovisual,-300,,1,1.4410723000764847,1.4210723000764847,-20.0,4179.454132100102,toj
006,28,f,vandy,3,93,audiovisual,-200,,2,2.83198960009031,2.81198960009031,-20.0,4182.281773000024,toj
006,28,f,vandy,3,94,audiovisual,-300,,1,1.430246900068596,1.410246900068596,-20.0,4186.48488210002,toj
006,28,f,vandy,3,95,audiovisual,-250,,1,1.5077136000618339,1.4877136000618338,-20.0,4189.927193199983,toj
006,28,f,vandy,3,96,audiovisual,-200,,1,2.801588000031188,2.781588000031188,-20.0,4192.791655500187,toj
006,28,f,vandy,3,97,audiovisual,300,,2,1.0398460999131203,1.0198460999131203,-20.0,4197.4470276001375,toj
006,28,f,vandy,3,98,audiovisual,150,,2,0.7610675001051277,0.7410675001051277,-20.0,4199.793684300035,toj
006,28,f,vandy,3,99,audiovisual,-100,,2,0.6546512001659721,0.6346512001659721,-20.0,4201.862348300172,toj
006,28,f,vandy,3,100,audiovisual,50,,2,0.5645083000417799,0.5445083000417799,-20.0,4203.609518500045,toj
006,28,f,vandy,3,101,audiovisual,-100,,2,0.46785260015167296,0.44785260015167294,-20.0,4205.227237600135,toj
006,28,f,vandy,3,102,audiovisual,150,,2,0.666806599823758,0.646806599823758,-20.0,4206.770454900106,toj
006,28,f,vandy,3,103,audiovisual,50,,2,0.5738367000594735,0.5538367000594735,-20.0,4209.384562900057,toj
006,28,f,vandy,3,104,audiovisual,50,,2,0.48045759997330606,0.46045759997330604,-20.0,4211.731483200099,toj
006,28,f,vandy,3,105,audiovisual,-100,,1,0.7197040000464767,0.6997040000464767,-20.0,4213.839224199997,toj
006,28,f,vandy,3,106,audiovisual,-150,,1,0.8675071999896318,0.8475071999896318,-20.0,4215.599783300189,toj
006,28,f,vandy,3,107,audiovisual,-100,,2,0.5212058001197875,0.5012058001197874,-20.0,4217.734071400017,toj
006,28,f,vandy,3,108,audiovisual,50,,2,0.3743108999915421,0.3543108999915421,-20.0,4219.642248900142,toj
006,28,f,vandy,3,109,audiovisual,-100,,2,0.46602579997852445,0.44602579997852443,-20.0,4221.77641930012,toj
006,28,f,vandy,3,110,audiovisual,-100,,2,0.4122771001420915,0.3922771001420915,-20.0,4223.416780299973,toj
006,28,f,vandy,3,111,audiovisual,50,,2,1.4162490000016987,1.3962490000016987,-20.0,4224.950046700193,toj
006,28,f,vandy,3,112,audiovisual,100,,2,1.7476313000079244,1.7276313000079244,-20.0,4228.366750700166,toj
006,28,f,vandy,3,113,audiovisual,250,,2,1.228995599783957,1.208995599783957,-20.0,4231.272534399992,toj
006,28,f,vandy,3,114,audiovisual,250,,2,1.8409806001000106,1.8209806001000106,-20.0,4234.3152620000765,toj
006,28,f,vandy,3,115,audiovisual,-250,,1,0.987092399969697,0.967092399969697,-20.0,4237.767859000014,toj
006,28,f,vandy,3,116,audiovisual,-150,,1,1.0006514999549836,0.9806514999549836,-20.0,4240.289296400035,toj
006,28,f,vandy,3,117,audiovisual,-300,,1,1.2107504999730736,1.1907504999730736,-20.0,4242.676177400164,toj
006,28,f,vandy,3,118,audiovisual,200,,2,0.9200246001128107,0.9000246001128107,-20.0,4245.357082000002,toj
006,28,f,vandy,3,119,audiovisual,-300,,1,1.148033499950543,1.128033499950543,-20.0,4247.398259000154,toj
006,28,f,vandy,3,120,audiovisual,0,,1,1.9474927000701427,1.9274927000701427,-20.0,4250.493564200122,toj
006,28,f,vandy,3,121,audiovisual,-50,,2,0.9474533000029624,0.9274533000029623,-20.0,4253.786763900192,toj
006,28,f,vandy,3,122,audiovisual,-50,,2,0.6276036999188364,0.6076036999188363,-20.0,4256.174539800035,toj
006,28,f,vandy,3,123,audiovisual,250,,2,0.7871125999372452,0.7671125999372452,-20.0,4258.095693800133,toj
006,28,f,vandy,3,124,audiovisual,-100,,2,1.560734299942851,1.540734299942851,-20.0,4260.149305100087,toj
006,28,f,vandy,3,125,audiovisual,-100,,2,0.8809734000824392,0.8609734000824392,-20.0,4263.190200300189,toj
006,28,f,vandy,3,126,audiovisual,-150,,2,0.7335349000059068,0.7135349000059068,-20.0,4265.671862400137,toj
006,28,f,vandy,3,127,audiovisual,200,,2,0.7472172998823225,0.7272172998823225,-20.0,4268.085434100125,toj
006,28,f,vandy,3,128,audiovisual,-100,,2,0.6011075000278652,0.5811075000278652,-20.0,4270.259496800136,toj
006,28,f,vandy,3,129,audiovisual,-250,,2,0.6671480000950396,0.6471480000950396,-20.0,4271.940953500103,toj
006,28,f,vandy,3,130,audiovisual,50,,2,0.6937132000457495,0.6737132000457495,-20.0,4273.794566700002,toj
006,28,f,vandy,3,131,audiovisual,150,,2,0.6138114000204951,0.593811400020495,-20.0,4276.341895699967,toj
006,28,f,vandy,3,132,audiovisual,-100,,1,0.8573278000112623,0.8373278000112623,-20.0,4278.462896300014,toj
006,28,f,vandy,3,133,audiovisual,300,,2,1.1870406998787075,1.1670406998787075,-20.0,4281.067052199971,toj
006,28,f,vandy,3,134,audiovisual,-250,,1,0.7351937999483198,0.7151937999483198,-20.0,4283.5711809999775,toj
006,28,f,vandy,3,135,audiovisual,100,,2,0.8946688000578433,0.8746688000578433,-20.0,4285.747039800044,toj
006,28,f,vandy,3,136,audiovisual,100,,2,0.5474411000031978,0.5274411000031978,-20.0,4287.786056200042,toj
006,28,f,vandy,3,137,audiovisual,100,,2,0.5473607999738306,0.5273607999738306,-20.0,4290.027225000085,toj
006,28,f,vandy,3,138,audiovisual,100,,2,2.240561599843204,2.220561599843204,-20.0,4292.454184400151,toj
006,28,f,vandy,3,139,audiovisual,-300,,1,0.8705980000086129,0.8505980000086129,-20.0,4296.002244899981,toj
006,28,f,vandy,3,140,audiovisual,-50,,2,1.3603818998672068,1.3403818998672068,-20.0,4298.0867507001385,toj
006,28,f,vandy,3,141,audiovisual,300,,2,1.2275536998640746,1.2075536998640746,-20.0,4301.270948000019,toj
006,28,f,vandy,3,142,audiovisual,150,,2,0.6003233999945223,0.5803233999945223,-20.0,4303.911883600056,toj
006,28,f,vandy,3,143,audiovisual,-50,,2,1.227528699906543,1.2075286999065429,-20.0,4306.232869200176,toj
006,28,f,vandy,3,144,audiovisual,150,,2,0.6136342999525368,0.5936342999525368,-20.0,4309.407319700113,toj
006,28,f,vandy,3,145,audiovisual,-200,,2,0.6006595999933779,0.5806595999933779,-20.0,4311.301156000001,toj
006,28,f,vandy,3,146,audiovisual,-50,,2,0.4272155000362545,0.4072155000362545,-20.0,4313.3690709001385,toj
006,28,f,vandy,3,147,audiovisual,-50,,2,0.36077099991962314,0.3407709999196231,-20.0,4315.42297490011,toj
006,28,f,vandy,3,148,audiovisual,-300,,1,4.147982500027865,4.127982500027866,-20.0,4317.250353200128,toj
006,28,f,vandy,3,149,audiovisual,250,,1,2.3210940998978913,2.3010940998978913,-20.0,4323.19919710001,toj
006,28,f,vandy,3,150,audiovisual,300,,2,1.134392200037837,1.114392200037837,-20.0,4326.960784499999,toj
006,28,f,vandy,3,151,audiovisual,150,,2,0.8272613999433815,0.8072613999433815,-20.0,4329.2283797001,toj
006,28,f,vandy,3,152,audiovisual,-200,,1,2.0674693000037223,2.0474693000037223,-20.0,4331.896049299976,toj
006,28,f,vandy,3,153,audiovisual,300,,2,0.7333656998816878,0.7133656998816877,-20.0,4335.950519400183,toj
006,28,f,vandy,3,154,audiovisual,-200,,2,2.7744040999095887,2.7544040999095887,-20.0,4338.271089100046,toj
006,28,f,vandy,3,155,audiovisual,150,,2,4.427530900109559,4.40753090010956,-20.0,4342.620741600171,toj
006,28,f,vandy,3,156,audiovisual,-250,,2,2.0277271999511868,2.0077271999511868,-20.0,4348.821680400055,toj
006,28,f,vandy,3,157,audiovisual,250,,2,0.72038449998945,0.70038449998945,-20.0,4352.3294398,toj
006,28,f,vandy,3,158,audiovisual,-100,,2,0.7606862999964505,0.7406862999964505,-20.0,4354.356691100169,toj
006,28,f,vandy,3,159,audiovisual,-100,,2,2.601140599930659,2.581140599930659,-20.0,4356.370947000105,toj
006,28,f,vandy,3,160,audiovisual,-50,,2,1.8408178000245243,1.8208178000245243,-20.0,4360.199116900098,toj
006,28,f,vandy,3,161,audiovisual,150,,2,1.0266030000057071,1.0066030000057071,-20.0,4363.853621600196,toj
006,28,f,vandy,3,162,audiovisual,100,,2,1.187742300098762,1.167742300098762,-20.0,4365.93426800007,toj
006,28,f,vandy,3,163,audiovisual,50,,2,1.2143111999612302,1.1943111999612301,-20.0,4368.695761800045,toj
006,28,f,vandy,3,164,audiovisual,0,,2,1.7606265998911113,1.7406265998911112,-20.0,4370.949987299973,toj
006,28,f,vandy,3,165,audiovisual,-200,,2,0.8658565999940038,0.8458565999940038,-20.0,4374.13730000006,toj
006,28,f,vandy,3,166,audiovisual,-250,,2,0.7058560000732541,0.6858560000732541,-20.0,4376.391813399969,toj
006,28,f,vandy,3,167,audiovisual,200,,2,1.0545767999719828,1.0345767999719828,-20.0,4379.019845500123,toj
006,28,f,vandy,3,168,audiovisual,150,,2,0.907589599955827,0.887589599955827,-20.0,4381.473943200195,toj
006,28,f,vandy,3,169,audiovisual,150,,2,0.6939049998763949,0.6739049998763949,-20.0,4384.088153399993,toj
006,28,f,vandy,3,170,audiovisual,150,,2,0.76053770002909,0.74053770002909,-20.0,4385.888746300014,toj
006,28,f,vandy,3,171,audiovisual,300,,2,0.7469371999613941,0.726937199961394,-20.0,4388.0493374001235,toj
006,28,f,vandy,3,172,audiovisual,-250,,1,1.2559219000395387,1.2359219000395387,-20.0,4390.676605600165,toj
006,28,f,vandy,3,173,audiovisual,250,,2,1.4407583000138402,1.4207583000138402,-20.0,4393.746503800154,toj
006,28,f,vandy,3,174,audiovisual,50,,2,1.1206821999512613,1.1006821999512613,-20.0,4396.318716500187,toj
006,28,f,vandy,3,175,audiovisual,250,,2,0.8409356998745352,0.8209356998745352,-20.0,4398.546606600052,toj
006,28,f,vandy,3,176,audiovisual,-250,,1,0.8672571000643075,0.8472571000643074,-20.0,4401.2548905999865,toj
006,28,f,vandy,3,177,audiovisual,150,,2,0.9478086999151856,0.9278086999151856,-20.0,4403.535014800029,toj
006,28,f,vandy,3,178,audiovisual,-150,,1,0.8830995000898838,0.8630995000898838,-20.0,4406.349752000067,toj
006,28,f,vandy,3,179,audiovisual,-50,,1,0.6940261998679489,0.6740261998679489,-20.0,4408.766360300127,toj
006,28,f,vandy,3,180,audiovisual,100,,1,0.7473653999622911,0.7273653999622911,-20.0,4411.28418590012,toj
006,28,f,vandy,3,181,audiovisual,300,,2,0.8138469001278281,0.7938469001278281,-20.0,4413.551745200064,toj
006,28,f,vandy,3,182,audiovisual,300,,2,1.2650734998751432,1.2450734998751432,-20.0,4415.4061437000055,toj
006,28,f,vandy,3,183,audiovisual,-200,,2,0.8805567999370396,0.8605567999370396,-20.0,4418.513988400111,toj
006,28,f,vandy,3,184,audiovisual,250,,2,2.320880400016904,2.300880400016904,-20.0,4420.634438700043,toj
006,28,f,vandy,3,185,audiovisual,-100,,1,1.400241200113669,1.380241200113669,-20.0,4424.728999400046,toj
006,28,f,vandy,3,186,audiovisual,300,,2,0.8680551000870764,0.8480551000870764,-20.0,4427.626530300127,toj
006,28,f,vandy,3,187,audiovisual,250,,2,0.6151596000418067,0.5951596000418067,-20.0,4430.118426500121,toj
006,28,f,vandy,3,188,audiovisual,-200,,1,1.014042800059542,0.994042800059542,-20.0,4432.666716800071,toj
006,28,f,vandy,3,189,audiovisual,200,,2,0.814079400151968,0.794079400151968,-20.0,4435.680478600087,toj
006,28,f,vandy,3,190,audiovisual,300,,2,0.8542302998248488,0.8342302998248488,-20.0,4438.441336499993,toj
006,28,f,vandy,3,191,audiovisual,200,,2,1.014388999901712,0.9943889999017119,-20.0,4440.642377300188,toj
006,28,f,vandy,3,192,audiovisual,-250,,2,0.6808552001602948,0.6608552001602948,-20.0,4443.23020300013,toj
006,28,f,vandy,3,193,audiovisual,100,,2,0.4679254998918623,0.44792549989186226,-20.0,4445.483407299966,toj
006,28,f,vandy,3,194,audiovisual,50,,2,0.4267546001356095,0.4067546001356095,-20.0,4447.738501199987,toj
006,28,f,vandy,3,195,audiovisual,50,,2,0.5739579999353737,0.5539579999353736,-20.0,4450.178665900137,toj
006,28,f,vandy,3,196,audiovisual,-150,,2,0.5751944000367075,0.5551944000367075,-20.0,4452.193182900082,toj
006,28,f,vandy,3,197,audiovisual,0,,1,2.534326700028032,2.514326700028032,-20.0,4454.622163500171,toj
006,28,f,vandy,3,198,audiovisual,-50,,2,1.0635070002172142,1.0435070002172142,-20.0,4458.408618400106,toj
006,28,f,vandy,3,199,audiovisual,50,,2,0.7039705000352114,0.6839705000352114,-20.0,4460.689613600029,toj
006,28,f,vandy,3,200,audiovisual,-250,,1,0.8006209000013769,0.7806209000013768,-20.0,4463.090136000188,toj
006,28,f,vandy,3,201,audiovisual,200,,2,0.9342670000623912,0.9142670000623911,-20.0,4465.504597600084,toj
006,28,f,vandy,3,202,audiovisual,-150,,1,0.6274079000577331,0.607407900057733,-20.0,4468.118820500094,toj
006,28,f,vandy,3,203,audiovisual,-300,,1,0.747086200164631,0.727086200164631,-20.0,4469.959336600034,toj
006,28,f,vandy,3,204,audiovisual,150,,1,0.6804711001459509,0.6604711001459509,-20.0,4472.199861900182,toj
006,28,f,vandy,3,205,audiovisual,300,,2,0.9342290000058711,0.914229000005871,-20.0,4474.74741280009,toj
006,28,f,vandy,3,206,audiovisual,250,,2,0.574126600055024,0.554126600055024,-20.0,4476.975550899981,toj
006,28,f,vandy,3,207,audiovisual,-50,,2,0.7206627998966724,0.7006627998966724,-20.0,4479.5500533999875,toj
006,28,f,vandy,3,208,audiovisual,-100,,2,2.680812400067225,2.660812400067225,-20.0,4481.590535599971,toj
006,28,f,vandy,3,209,audiovisual,250,,1,1.827426000032574,1.807426000032574,-20.0,4485.992243600078,toj
006,28,f,vandy,3,210,audiovisual,300,,2,1.5078443000093102,1.4878443000093102,-20.0,4489.353140100138,toj
006,28,f,vandy,3,211,audiovisual,-50,,2,1.0137248998507857,0.9937248998507857,-20.0,4492.501814700197,toj
006,28,f,vandy,3,212,audiovisual,0,,2,0.65407449984923,0.63407449984923,-20.0,4494.795074200025,toj
006,28,f,vandy,3,213,audiovisual,0,,2,1.8002088000066578,1.7802088000066578,-20.0,4497.2894001000095,toj
006,28,f,vandy,3,214,audiovisual,-50,,2,0.8274252999108285,0.8074252999108285,-20.0,4501.036826000083,toj
006,28,f,vandy,3,215,audiovisual,300,,2,1.1733341000508517,1.1533341000508517,-20.0,4503.81203650008,toj
006,28,f,vandy,3,216,audiovisual,-100,,2,0.9200816999655217,0.9000816999655217,-20.0,4506.43882140005,toj
006,28,f,vandy,3,217,audiovisual,50,,2,0.5338935998734087,0.5138935998734087,-20.0,4509.200437900145,toj
006,28,f,vandy,3,218,audiovisual,-50,,2,0.4807810999918729,0.4607810999918729,-20.0,4511.32135780016,toj
006,28,f,vandy,3,219,audiovisual,-200,,2,0.76148989982903,0.74148989982903,-20.0,4513.442317000125,toj
006,28,f,vandy,3,220,audiovisual,-250,,1,1.0701534999534488,1.0501534999534488,-20.0,4515.510237400187,toj
006,28,f,vandy,3,221,audiovisual,0,,1,0.6950422001536936,0.6750422001536935,-20.0,4517.76616270002,toj
006,28,f,vandy,3,222,audiovisual,250,,1,0.7740311999805272,0.7540311999805271,-20.0,4519.51168180001,toj
006,28,f,vandy,3,223,audiovisual,-100,,1,2.5619375999085605,2.5419375999085605,-20.0,4521.805180000141,toj
006,28,f,vandy,3,224,audiovisual,50,,1,1.3477449000347406,1.3277449000347405,-20.0,4525.994177900022,toj
006,28,f,vandy,3,225,audiovisual,0,,1,1.2273531998507679,1.2073531998507678,-20.0,4529.288027000148,toj
006,28,f,vandy,3,226,audiovisual,-300,,1,0.8542362998705357,0.8342362998705357,-20.0,4532.44901630003,toj
006,28,f,vandy,3,227,audiovisual,200,,1,2.547596300020814,2.527596300020814,-20.0,4535.209964500042,toj
006,28,f,vandy,3,228,audiovisual,-100,,1,1.4407610001508147,1.4207610001508146,-20.0,4538.997979900101,toj
006,28,f,vandy,3,229,audiovisual,0,,1,1.9730807000305504,1.9530807000305503,-20.0,4542.039020300144,toj
006,28,f,vandy,3,230,audiovisual,100,,1,0.9069612000603229,0.8869612000603229,-20.0,4545.813774600159,toj
006,28,f,vandy,3,231,audiovisual,100,,2,0.6851753999944776,0.6651753999944776,-20.0,4548.441456800094,toj
006,28,f,vandy,3,232,audiovisual,-200,,2,0.6804766999557614,0.6604766999557614,-20.0,4550.166346500162,toj
006,28,f,vandy,3,233,audiovisual,0,,1,1.3749077999964356,1.3549077999964356,-20.0,4552.750283200061,toj
006,28,f,vandy,3,234,audiovisual,300,,2,1.228092199889943,1.208092199889943,-20.0,4555.711402200162,toj
006,28,f,vandy,3,235,audiovisual,-150,,1,0.9475561999715865,0.9275561999715864,-20.0,4558.966131200083,toj
006,28,f,vandy,3,236,audiovisual,-150,,1,1.5614847999531776,1.5414847999531776,-20.0,4561.859991500154,toj
006,28,f,vandy,3,237,audiovisual,50,,1,1.573987899813801,1.553987899813801,-20.0,4564.447365700034,toj
006,28,f,vandy,3,238,audiovisual,100,,1,1.2936430999543518,1.2736430999543518,-20.0,4568.035241500009,toj
006,28,f,vandy,3,239,audiovisual,-200,,1,0.8674123999662697,0.8474123999662697,-20.0,4570.60914220009,toj
006,28,f,vandy,3,240,audiovisual,-200,,1,1.2134612000081688,1.1934612000081688,-20.0,4572.783823600039,toj
006,28,f,vandy,3,241,audiovisual,250,,2,0.9208640998695046,0.9008640998695046,-20.0,4575.984260300174,toj
006,28,f,vandy,3,242,audiovisual,-250,,1,0.7605399999301881,0.740539999930188,-20.0,4578.558875699993,toj
006,28,f,vandy,3,243,audiovisual,50,,1,1.3077215999364853,1.2877215999364853,-20.0,4581.1063100001775,toj
006,28,f,vandy,3,244,audiovisual,-50,,1,1.0683054998517036,1.0483054998517036,-20.0,4583.974792800145,toj
006,28,f,vandy,3,245,audiovisual,-150,,1,0.7339387000538409,0.7139387000538409,-20.0,4586.1761744001415,toj
006,28,f,vandy,3,246,audiovisual,100,,2,0.8676424000877887,0.8476424000877887,-20.0,4588.789606100181,toj
006,28,f,vandy,3,247,audiovisual,150,,2,0.7209435999393463,0.7009435999393463,-20.0,4590.697115099989,toj
006,28,f,vandy,3,248,audiovisual,-250,,1,0.7323980999644846,0.7123980999644846,-20.0,4593.031813299982,toj
006,28,f,vandy,3,249,audiovisual,-100,,1,0.7324884999543428,0.7124884999543428,-20.0,4594.898038000101,toj
006,28,f,vandy,3,250,audiovisual,-300,,1,0.5871300001163036,0.5671300001163035,-20.0,4597.432809700025,toj
006,28,f,vandy,3,251,audiovisual,-50,,1,0.6935068999882787,0.6735068999882787,-20.0,4599.7265085000545,toj
006,28,f,vandy,3,252,audiovisual,0,,1,0.7207975999917835,0.7007975999917835,-20.0,4602.260761999991,toj
006,28,f,vandy,3,253,audiovisual,200,,1,0.934441199991852,0.914441199991852,-20.0,4604.715212100185,toj
006,28,f,vandy,3,254,audiovisual,50,,1,0.5761135998181999,0.5561135998181999,-20.0,4606.929776299978,toj
006,28,f,vandy,3,255,audiovisual,-250,,1,1.0405498000327498,1.0205498000327498,-20.0,4608.945884600049,toj
006,28,f,vandy,3,256,audiovisual,-300,,1,0.546018699882552,0.526018699882552,-20.0,4611.010893000057,toj
006,28,f,vandy,3,257,audiovisual,-150,,1,0.3738392998930067,0.35383929989300666,-20.0,4613.171499000164,toj
006,28,f,vandy,3,258,audiovisual,200,,1,0.9881883999332786,0.9681883999332785,-20.0,4615.319608600112,toj
006,28,f,vandy,3,259,audiovisual,0,,1,0.4004779998213053,0.38047799982130526,-20.0,4617.974586700089,toj
006,28,f,vandy,3,260,audiovisual,300,,2,0.8548689000308514,0.8348689000308513,-20.0,4619.760995400138,toj
006,28,f,vandy,3,261,audiovisual,-150,,2,1.9206735000479966,1.9006735000479966,-20.0,4622.62983430014,toj
006,28,f,vandy,3,262,audiovisual,-100,,2,1.0701818000525236,1.0501818000525236,-20.0,4625.84632500005,toj
006,28,f,vandy,3,263,audiovisual,-50,,2,0.5861625000834465,0.5661625000834465,-20.0,4628.366694099968,toj
006,28,f,vandy,3,264,audiovisual,200,,2,0.6720811000559479,0.6520811000559479,-20.0,4630.511752000079,toj
006,28,f,vandy,3,265,audiovisual,150,,2,0.6538331001065671,0.6338331001065671,-20.0,4632.743552300148,toj
006,28,f,vandy,3,266,audiovisual,-150,,2,0.7878164001740515,0.7678164001740515,-20.0,4634.446345700184,toj
006,28,f,vandy,3,267,audiovisual,-150,,2,2.894233400002122,2.874233400002122,-20.0,4636.96733120014,toj
006,28,f,vandy,3,268,audiovisual,-50,,2,0.9077135000843555,0.8877135000843555,-20.0,4641.648366400041,toj
006,28,f,vandy,3,269,audiovisual,-50,,1,2.5081064999103546,2.4881064999103546,-20.0,4643.6096163999755,toj
006,28,f,vandy,3,270,audiovisual,-100,,1,0.5741069000214338,0.5541069000214338,-20.0,4647.357302200049,toj
006,28,f,vandy,3,271,audiovisual,-150,,1,0.6805614000186324,0.6605614000186324,-20.0,4649.612020900007,toj
006,28,f,vandy,3,272,audiovisual,250,,1,0.6797589999623597,0.6597589999623596,-20.0,4651.692693100078,toj
006,28,f,vandy,3,273,audiovisual,-250,,1,0.5878608000930399,0.5678608000930399,-20.0,4653.679750500014,toj
006,28,f,vandy,3,274,audiovisual,300,,2,0.8809754999820143,0.8609754999820143,-20.0,4655.853749100119,toj
006,28,f,vandy,3,275,audiovisual,50,,2,0.733381099998951,0.7133810999989509,-20.0,4658.455298400018,toj
006,28,f,vandy,3,276,audiovisual,-150,,1,0.9764890000224113,0.9564890000224113,-20.0,4660.908491200069,toj
006,28,f,vandy,3,277,audiovisual,-150,,1,0.5739500999916345,0.5539500999916345,-20.0,4663.5258568001445,toj
006,28,f,vandy,3,278,audiovisual,-150,,1,0.53562629991211,0.51562629991211,-20.0,4665.177473800024,toj
006,28,f,vandy,3,279,audiovisual,0,,1,0.4942950999829918,0.4742950999829918,-20.0,4666.966369100148,toj
006,28,f,vandy,3,280,audiovisual,50,,1,0.5207071998156607,0.5007071998156607,-20.0,4669.326023400063,toj
006,28,f,vandy,3,281,audiovisual,50,,1,0.44093409995548427,0.42093409995548425,-20.0,4670.9261133000255,toj
006,28,f,vandy,3,282,audiovisual,0,,1,0.4412754001095891,0.4212754001095891,-20.0,4672.607265800005,toj
006,28,f,vandy,3,283,audiovisual,0,,1,0.5739847999066114,0.5539847999066114,-20.0,4674.941997800022,toj
006,28,f,vandy,3,284,audiovisual,-300,,1,0.4403922001365572,0.4203922001365572,-20.0,4677.528042900143,toj
006,28,f,vandy,3,285,audiovisual,50,,1,0.4014848000369966,0.3814848000369966,-20.0,4679.168902100064,toj
006,28,f,vandy,3,286,audiovisual,100,,1,0.547232500044629,0.527232500044629,-20.0,4680.946183199994,toj
006,28,f,vandy,3,287,audiovisual,-300,,1,0.7335163000971079,0.7135163000971079,-20.0,4683.27735320013,toj
006,28,f,vandy,3,288,audiovisual,-150,,1,0.46669829986058176,0.44669829986058174,-20.0,4685.677920300048,toj
006,28,f,vandy,3,289,audiovisual,250,,2,0.9209194001741707,0.9009194001741707,-20.0,4688.105225900188,toj
006,28,f,vandy,3,290,audiovisual,100,,2,0.5601409999653697,0.5401409999653697,-20.0,4690.559926400194,toj
006,28,f,vandy,3,291,audiovisual,-100,,2,0.4412632000166923,0.42126320001669226,-20.0,4692.827141400194,toj
006,28,f,vandy,3,292,audiovisual,250,,2,0.6801316998898983,0.6601316998898983,-20.0,4694.535287900129,toj
006,28,f,vandy,3,293,audiovisual,-300,,1,0.8673475999385118,0.8473475999385118,-20.0,4696.26834080019,toj
006,28,f,vandy,3,294,audiovisual,0,,2,0.8957513000350446,0.8757513000350445,-20.0,4698.616118400125,toj
006,28,f,vandy,3,295,audiovisual,200,,2,0.5858894002158195,0.5658894002158195,-20.0,4700.765798700042,toj
006,28,f,vandy,3,296,audiovisual,300,,2,0.44120480003766716,0.42120480003766714,-20.0,4703.350888099987,toj
006,28,f,vandy,3,297,audiovisual,-250,,2,0.46686149993911386,0.44686149993911384,-20.0,4705.512229399988,toj
006,28,f,vandy,3,298,audiovisual,200,,2,0.6146913999691606,0.5946913999691605,-20.0,4707.486537600169,toj
006,28,f,vandy,3,299,audiovisual,-150,,2,0.44111599982716143,0.4211159998271614,-20.0,4709.834463000065,toj
006,28,f,vandy,3,300,audiovisual,-250,,1,3.175197900040075,3.155197900040075,-20.0,4711.447756000096,toj
006,28,f,vandy,3,301,audiovisual,-300,,1,0.8409257000312209,0.8209257000312209,-20.0,4715.875817300053,toj
006,28,f,vandy,3,302,audiovisual,-100,,1,1.10734529979527,1.08734529979527,-20.0,4717.770164200105,toj
006,28,f,vandy,3,303,audiovisual,200,,1,1.6004479001276195,1.5804479001276195,-20.0,4719.98420950002,toj
006,28,f,vandy,3,304,audiovisual,100,,1,0.8936695999000221,0.8736695999000221,-20.0,4722.746035899967,toj
006,28,f,vandy,3,305,audiovisual,-200,,1,1.1741235998924822,1.1541235998924821,-20.0,4725.519511500141,toj
006,28,f,vandy,3,306,audiovisual,200,,1,0.613579000113532,0.5935790001135319,-20.0,4728.2937404999975,toj
006,28,f,vandy,3,307,audiovisual,100,,1,0.5741902999579906,0.5541902999579906,-20.0,4730.414364600088,toj
006,28,f,vandy,3,308,audiovisual,-50,,1,0.49699620017781854,0.4769962001778185,-20.0,4732.909439100185,toj
006,28,f,vandy,3,309,audiovisual,200,,1,0.695944300154224,0.675944300154224,-20.0,4735.046116200043,toj
006,28,f,vandy,3,310,audiovisual,-300,,1,0.600588500034064,0.580588500034064,-20.0,4737.525533200009,toj
006,28,f,vandy,3,311,audiovisual,50,,2,0.6806083000265062,0.6606083000265062,-20.0,4739.965824000072,toj
006,28,f,vandy,3,312,audiovisual,200,,2,0.4545958999078721,0.43459589990787206,-20.0,4741.671907600015,toj
006,28,f,vandy,3,313,audiovisual,150,,2,0.5063497999217361,0.4863497999217361,-20.0,4743.246341000078,toj
006,28,f,vandy,3,314,audiovisual,150,,2,0.46801319997757673,0.4480131999775767,-20.0,4745.406285100151,toj
006,28,f,vandy,3,315,audiovisual,-250,,2,0.3743795999325812,0.35437959993258117,-20.0,4747.874717600178,toj
006,28,f,vandy,3,316,audiovisual,-300,,1,0.520159900188446,0.500159900188446,-20.0,4750.008958700113,toj
006,28,f,vandy,3,317,audiovisual,300,,2,0.7071646000258625,0.6871646000258624,-20.0,4751.755108000012,toj
006,28,f,vandy,3,318,audiovisual,100,,2,0.6540805001277477,0.6340805001277476,-20.0,4753.982885400066,toj
006,28,f,vandy,3,319,audiovisual,300,,2,0.5603216998279095,0.5403216998279095,-20.0,4756.650341400178,toj
006,28,f,vandy,3,320,audiovisual,0,,2,0.4273320999927819,0.40733209999278186,-20.0,4758.917935700156,toj
006,28,f,vandy,3,321,audiovisual,300,,2,0.5340559999458492,0.5140559999458492,-20.0,4760.7457220000215,toj
006,28,f,vandy,3,322,audiovisual,-150,,2,1.1900307999458164,1.1700307999458164,-20.0,4762.319140600041,toj
006,28,f,vandy,3,323,audiovisual,100,,1,1.1737806000746787,1.1537806000746786,-20.0,4765.470226000063,toj
006,28,f,vandy,3,324,audiovisual,-50,,1,1.294765600003302,1.274765600003302,-20.0,4768.201447000029,toj
006,28,f,vandy,3,325,audiovisual,-150,,1,0.8659702001605183,0.8459702001605183,-20.0,4770.896800100105,toj
006,28,f,vandy,3,326,audiovisual,-150,,1,0.6132894998881966,0.5932894998881966,-20.0,4773.1092863001395,toj
006,28,f,vandy,3,327,audiovisual,-250,,1,0.507386100012809,0.487386100012809,-20.0,4775.084096500184,toj
006,28,f,vandy,3,328,audiovisual,-100,,1,0.45547130005434155,0.43547130005434154,-20.0,4777.619138500188,toj
006,28,f,vandy,3,329,audiovisual,-250,,1,0.4671201000455767,0.4471201000455767,-20.0,4779.353564100107,toj
006,28,f,vandy,3,330,audiovisual,-300,,1,0.5862227000761777,0.5662227000761777,-20.0,4781.220039600041,toj
006,28,f,vandy,3,331,audiovisual,-200,,1,0.4936065000947565,0.47360650009475647,-20.0,4783.4999548001215,toj
006,28,f,vandy,3,332,audiovisual,-100,,1,0.33423849986866117,0.31423849986866115,-20.0,4785.781236600131,toj
006,28,f,vandy,3,333,audiovisual,0,,1,0.493918800028041,0.473918800028041,-20.0,4787.608916600002,toj
006,28,f,vandy,3,334,audiovisual,-200,,1,0.37448760005645454,0.3544876000564545,-20.0,4789.288861999987,toj
006,28,f,vandy,3,335,audiovisual,-100,,1,0.9624942000955343,0.9424942000955343,-20.0,4791.130383800017,toj
006,28,f,vandy,3,336,audiovisual,200,,1,0.4680741000920534,0.4480741000920534,-20.0,4793.465857499978,toj
006,28,f,vandy,3,337,audiovisual,50,,1,0.3752640001475811,0.3552640001475811,-20.0,4795.333305800101,toj
006,28,f,vandy,3,338,audiovisual,-200,,1,0.4405298000201583,0.4205298000201583,-20.0,4797.254267900018,toj
006,28,f,vandy,3,339,audiovisual,300,,2,0.7336266001220793,0.7136266001220792,-20.0,4799.693027500063,toj
006,28,f,vandy,3,340,audiovisual,150,,2,0.4276561001315713,0.4076561001315713,-20.0,4801.947306900052,toj
006,28,f,vandy,3,341,audiovisual,-50,,2,0.4939164000097662,0.4739164000097662,-20.0,4803.655995500041,toj
006,28,f,vandy,3,342,audiovisual,100,,2,0.6275649000890553,0.6075649000890553,-20.0,4805.374886600068,toj
006,28,f,vandy,3,343,audiovisual,0,,2,0.3450909999664873,0.32509099996648727,-20.0,4807.616321500158,toj
006,28,f,vandy,3,344,audiovisual,150,,2,0.4539769000839442,0.4339769000839442,-20.0,4809.110035400139,toj
006,28,f,vandy,3,345,audiovisual,0,,2,0.3211282000411302,0.30112820004113017,-20.0,4811.537445800146,toj
006,28,f,vandy,3,346,audiovisual,-200,,1,0.7474117001984268,0.7274117001984268,-20.0,4813.031296900008,toj
006,28,f,vandy,3,347,audiovisual,200,,1,1.0267715998925269,1.0067715998925268,-20.0,4815.6456286001485,toj
006,28,f,vandy,3,348,audiovisual,250,,1,0.7604050000663847,0.7404050000663847,-20.0,4817.779761300189,toj
006,28,f,vandy,3,349,audiovisual,250,,1,1.1210227999836206,1.1010227999836206,-20.0,4819.727086900035,toj
006,28,f,vandy,3,350,audiovisual,50,,1,0.37379750004038215,0.35379750004038213,-20.0,4822.621798700187,toj
006,28,f,vandy,3,351,audiovisual,-150,,1,0.5497337998822331,0.5297337998822331,-20.0,4825.009375300026,toj
006,28,f,vandy,3,352,audiovisual,0,,1,0.6158977998420596,0.5958977998420596,-20.0,4827.025504000019,toj
006,28,f,vandy,3,353,audiovisual,150,,1,0.5735236001200974,0.5535236001200974,-20.0,4828.745796100004,toj
006,28,f,vandy,3,354,audiovisual,-200,,1,0.5735756999347359,0.5535756999347359,-20.0,4831.304609700106,toj
006,28,f,vandy,3,355,audiovisual,-200,,1,0.8270714001264423,0.8070714001264423,-20.0,4833.758696200093,toj
006,28,f,vandy,3,356,audiovisual,200,,1,0.5077634998597205,0.48776349985972045,-20.0,4836.399890800007,toj
006,28,f,vandy,3,357,audiovisual,100,,1,0.5911011998541653,0.5711011998541653,-20.0,4838.694774199976,toj
006,28,f,vandy,3,358,audiovisual,250,,1,0.4396421001292765,0.4196421001292765,-20.0,4841.125814600149,toj
006,28,f,vandy,3,359,audiovisual,250,,1,0.4542706999927759,0.4342706999927759,-20.0,4843.508809100138,toj
006,28,f,vandy,3,360,audiovisual,300,,1,0.5488803000189364,0.5288803000189364,-20.0,4845.950627500191,toj
006,28,f,vandy,3,361,audiovisual,250,,2,1.3477044000755996,1.3277044000755995,-20.0,4847.645716500003,toj
006,28,f,vandy,3,362,audiovisual,-150,,1,0.8145260000601411,0.7945260000601411,-20.0,4850.898260600166,toj
006,28,f,vandy,3,363,audiovisual,-200,,1,0.6002925999928266,0.5802925999928266,-20.0,4853.273643500172,toj
006,28,f,vandy,3,364,audiovisual,300,,1,2.081474000122398,2.061474000122398,-20.0,4855.4465593001805,toj
006,28,f,vandy,3,365,audiovisual,-250,,1,0.7473460999317467,0.7273460999317467,-20.0,4858.981584600173,toj
006,28,f,vandy,3,366,audiovisual,-200,,1,0.5311385998502374,0.5111385998502374,-20.0,4861.5691921000835,toj
006,28,f,vandy,3,367,audiovisual,0,,2,0.7205348999705166,0.7005348999705165,-20.0,4863.5961802999955,toj
006,28,f,vandy,3,368,audiovisual,200,,2,0.6141951000317931,0.5941951000317931,-20.0,4866.050349000143,toj
006,28,f,vandy,3,369,audiovisual,250,,2,0.5595871999394149,0.5395871999394148,-20.0,4868.318240500055,toj
006,28,f,vandy,3,370,audiovisual,150,,2,0.42771259997971356,0.40771259997971354,-20.0,4870.452828600071,toj
006,28,f,vandy,3,371,audiovisual,300,,2,0.5065329000353813,0.4865329000353813,-20.0,4872.814082400175,toj
006,28,f,vandy,3,372,audiovisual,-150,,2,0.4939385000616312,0.4739385000616312,-20.0,4874.8798424999695,toj
006,28,f,vandy,3,373,audiovisual,300,,2,0.7767730001360178,0.7567730001360178,-20.0,4877.014945300063,toj
006,28,f,vandy,3,374,audiovisual,200,,2,0.6404608997981995,0.6204608997981995,-20.0,4879.645103699993,toj
006,28,f,vandy,3,375,audiovisual,-50,,2,0.9871499999426305,0.9671499999426305,-20.0,4881.605684200069,toj
006,28,f,vandy,3,376,audiovisual,-200,,1,1.0549574999604374,1.0349574999604374,-20.0,4883.963973100064,toj
006,28,f,vandy,3,377,audiovisual,100,,1,1.4010989000089467,1.3810989000089466,-20.0,4886.552563900128,toj
006,28,f,vandy,3,378,audiovisual,-150,,1,1.1610236999113113,1.1410236999113113,-20.0,4889.033200200181,toj
006,28,f,vandy,3,379,audiovisual,-150,,2,0.6145508999470621,0.5945508999470621,-20.0,4891.52698710002,toj
006,28,f,vandy,3,380,audiovisual,-50,,1,0.8008208000101149,0.7808208000101149,-20.0,4893.968135700095,toj
006,28,f,vandy,3,381,audiovisual,100,,1,0.8272989001125097,0.8072989001125097,-20.0,4896.288237800123,toj
006,28,f,vandy,3,382,audiovisual,100,,2,1.2012086999602616,1.1812086999602616,-20.0,4898.835961800069,toj
006,28,f,vandy,3,383,audiovisual,150,,2,0.5604064001236111,0.5404064001236111,-20.0,4901.9308278001845,toj
006,28,f,vandy,3,384,audiovisual,0,,2,0.44006299995817244,0.4200629999581724,-20.0,4903.570866600145,toj
006,28,f,vandy,3,385,audiovisual,-100,,2,1.0815661000087857,1.0615661000087857,-20.0,4905.077988400124,toj
006,28,f,vandy,3,386,audiovisual,100,,2,0.5067384999711066,0.48673849997110663,-20.0,4907.945993900066,toj
006,28,f,vandy,3,387,audiovisual,50,,1,1.3345639000181109,1.3145639000181109,-20.0,4910.36019360018,toj
006,28,f,vandy,3,388,audiovisual,100,,1,1.4419758000876755,1.4219758000876754,-20.0,4912.961498500081,toj
006,28,f,vandy,3,389,audiovisual,150,,2,2.3223665999248624,2.3023665999248624,-20.0,4915.510012299987,toj
006,28,f,vandy,3,390,audiovisual,-300,,1,1.5471105000469834,1.5271105000469833,-20.0,4919.070847100113,toj
