Participant_ID,Age,Gender,Site,Block_Number,Trial_Number,Trial_Type,SOA,Side,Response,Reaction_Time,Adjusted_RT,AV_Sync_Correction,Timestamp,Experiment
005,21,f,vandy,1,1,audiovisual,50,,1,3.25404739996884,3.23404739996884,-20.0,67.21266620000824,sj
005,21,f,vandy,1,2,audiovisual,200,,2,3.0948481999803334,3.0748481999803334,-20.0,71.76128759991843,sj
005,21,f,vandy,1,3,audiovisual,-50,,1,1.1342773999786004,1.1142773999786004,-20.0,76.64271139993798,sj
005,21,f,vandy,1,4,audiovisual,-300,,2,3.096445499919355,3.076445499919355,-20.0,79.51088909991086,sj
005,21,f,vandy,1,5,audiovisual,-100,,1,1.201489600003697,1.181489600003697,-20.0,84.00747389998287,sj
005,21,f,vandy,1,6,audiovisual,-50,,1,1.053989499923773,1.033989499923773,-20.0,87.03371669992339,sj
005,21,f,vandy,1,7,audiovisual,-300,,2,1.1340870000422,1.1140870000422,-20.0,89.71447629993781,sj
005,21,f,vandy,1,8,audiovisual,100,,1,1.0806882999604568,1.0606882999604568,-20.0,92.3954139999114,sj
005,21,f,vandy,1,9,audiovisual,-200,,1,1.151053800014779,1.131053800014779,-20.0,94.94296729995403,sj
005,21,f,vandy,1,10,audiovisual,-200,,1,1.7204281999729574,1.7004281999729574,-20.0,97.90755489992443,sj
005,21,f,vandy,1,11,audiovisual,100,,1,1.400219599949196,1.380219599949196,-20.0,100.91787949996069,sj
005,21,f,vandy,1,12,audiovisual,50,,1,1.2010606999974698,1.1810606999974698,-20.0,104.2396630999865,sj
005,21,f,vandy,1,13,audiovisual,-50,,1,0.8535584000637755,0.8335584000637755,-20.0,106.77369469997939,sj
005,21,f,vandy,1,14,audiovisual,0,,1,0.8402486999984831,0.820248699998483,-20.0,108.73421109991614,sj
005,21,f,vandy,1,15,audiovisual,-50,,1,1.1339988999534398,1.1139988999534398,-20.0,111.00169800000731,sj
005,21,f,vandy,1,16,audiovisual,200,,1,1.4006291000405326,1.3806291000405326,-20.0,113.70931129995733,sj
005,21,f,vandy,1,17,audiovisual,-50,,1,0.8803100000368431,0.8603100000368431,-20.0,117.05752789997496,sj
005,21,f,vandy,1,18,audiovisual,-150,,1,0.8655357999959961,0.845535799995996,-20.0,119.65817449998576,sj
005,21,f,vandy,1,19,audiovisual,-200,,1,1.0935210000025108,1.0735210000025108,-20.0,121.9126244999934,sj
005,21,f,vandy,1,20,audiovisual,-50,,1,1.0008272000122815,0.9808272000122815,-20.0,124.38082849991042,sj
005,21,f,vandy,1,21,audiovisual,250,,2,1.2674153000116348,1.2474153000116348,-20.0,127.40874819993041,sj
005,21,f,vandy,1,22,audiovisual,-250,,2,0.9742224999936298,0.9542224999936297,-20.0,129.82220449997112,sj
005,21,f,vandy,1,23,audiovisual,250,,2,2.093754999921657,2.073754999921657,-20.0,132.1699564999435,sj
005,21,f,vandy,1,24,audiovisual,-250,,1,1.1073196000652388,1.0873196000652388,-20.0,135.9573937000241,sj
005,21,f,vandy,1,25,audiovisual,-150,,1,0.9751681999769062,0.9551681999769062,-20.0,139.01226629992016,sj
005,21,f,vandy,1,26,audiovisual,-200,,2,3.414873300003819,3.394873300003819,-20.0,141.9077425999567,sj
005,21,f,vandy,1,27,audiovisual,-150,,1,1.2001311000203714,1.1801311000203714,-20.0,146.60225130000617,sj
005,21,f,vandy,1,28,audiovisual,50,,1,0.8001993000507355,0.7801993000507355,-20.0,149.7225221999688,sj
005,21,f,vandy,1,29,audiovisual,200,,1,1.561108800000511,1.541108800000511,-20.0,152.21681130002253,sj
005,21,f,vandy,1,30,audiovisual,150,,1,1.9079407999524847,1.8879407999524846,-20.0,155.5519204000011,sj
005,21,f,vandy,1,31,audiovisual,0,,2,4.5352332999464124,4.515233299946413,-20.0,158.83342149993405,sj
005,21,f,vandy,1,32,audiovisual,-100,,1,0.8537508000154048,0.8337508000154048,-20.0,164.92863959993701,sj
005,21,f,vandy,1,33,audiovisual,-200,,1,0.8305111000081524,0.8105111000081524,-20.0,167.5693859999301,sj
005,21,f,vandy,1,34,audiovisual,200,,1,0.9602048000087962,0.9402048000087961,-20.0,170.30708419997245,sj
005,21,f,vandy,1,35,audiovisual,100,,1,1.2804768000496551,1.2604768000496551,-20.0,173.147435199935,sj
005,21,f,vandy,1,36,audiovisual,100,,1,0.8542262999108061,0.8342262999108061,-20.0,175.75914370000828,sj
005,21,f,vandy,1,37,audiovisual,250,,1,1.0137657000450417,0.9937657000450417,-20.0,178.09354519995395,sj
005,21,f,vandy,1,38,audiovisual,100,,1,0.8135464999359101,0.7935464999359101,-20.0,180.2141456999816,sj
005,21,f,vandy,1,39,audiovisual,-300,,1,1.867384699988179,1.847384699988179,-20.0,182.70820260001346,sj
005,21,f,vandy,1,40,audiovisual,200,,1,0.8008064000168815,0.7808064000168815,-20.0,185.90917320002336,sj
005,21,f,vandy,1,41,audiovisual,-50,,1,0.670312299975194,0.650312299975194,-20.0,187.816929899971,sj
005,21,f,vandy,1,42,audiovisual,100,,1,0.7603050998877734,0.7403050998877734,-20.0,189.84740969992708,sj
005,21,f,vandy,1,43,audiovisual,50,,1,0.791365799959749,0.771365799959749,-20.0,192.56729749997612,sj
005,21,f,vandy,1,44,audiovisual,300,,1,1.3071827000239864,1.2871827000239864,-20.0,195.37063749996014,sj
005,21,f,vandy,1,45,audiovisual,200,,1,0.907203699927777,0.887203699927777,-20.0,198.35392769996542,sj
005,21,f,vandy,1,46,audiovisual,150,,2,1.3605627999641001,1.3405627999641,-20.0,200.91536410001572,sj
005,21,f,vandy,1,47,audiovisual,150,,1,1.0503635000204667,1.0303635000204667,-20.0,204.08928079996258,sj
005,21,f,vandy,1,48,audiovisual,100,,1,1.0270814000396058,1.0070814000396058,-20.0,206.49115899996832,sj
005,21,f,vandy,1,49,audiovisual,150,,1,1.201381599996239,1.181381599996239,-20.0,208.82441539992578,sj
005,21,f,vandy,1,50,audiovisual,150,,1,1.0542831000639126,1.0342831000639126,-20.0,211.73330510000233,sj
005,21,f,vandy,1,51,audiovisual,250,,1,0.8143609999679029,0.7943609999679029,-20.0,214.27993259998038,sj
005,21,f,vandy,1,52,audiovisual,-250,,2,1.000585800036788,0.980585800036788,-20.0,216.50765169993974,sj
005,21,f,vandy,1,53,audiovisual,-200,,2,0.9877531999954954,0.9677531999954954,-20.0,219.18810949998442,sj
005,21,f,vandy,1,54,audiovisual,-150,,1,0.9071737999329343,0.8871737999329343,-20.0,221.2291019000113,sj
005,21,f,vandy,1,55,audiovisual,-50,,1,0.9505052999593318,0.9305052999593317,-20.0,223.88306769996416,sj
005,21,f,vandy,1,56,audiovisual,-100,,1,0.7763636000454426,0.7563636000454426,-20.0,226.60728899994865,sj
005,21,f,vandy,1,57,audiovisual,200,,1,1.4661863999208435,1.4461863999208435,-20.0,229.3673998999875,sj
005,21,f,vandy,1,58,audiovisual,150,,1,1.0004592000041157,0.9804592000041157,-20.0,232.07313969999086,sj
005,21,f,vandy,1,59,audiovisual,-50,,1,1.2398347000125796,1.2198347000125795,-20.0,234.28757799998857,sj
005,21,f,vandy,1,60,audiovisual,-50,,1,0.8134005999891087,0.7934005999891087,-20.0,236.86141849996056,sj
005,21,f,vandy,1,61,audiovisual,50,,1,0.9493811000138521,0.9293811000138521,-20.0,239.56895889993757,sj
005,21,f,vandy,1,62,audiovisual,-200,,1,1.4303136999951676,1.4103136999951675,-20.0,242.50533039995935,sj
005,21,f,vandy,1,63,audiovisual,250,,1,0.8807855000486597,0.8607855000486597,-20.0,245.18721569993068,sj
005,21,f,vandy,1,64,audiovisual,-150,,1,0.7872583999997005,0.7672583999997005,-20.0,247.21196430001874,sj
005,21,f,vandy,1,65,audiovisual,-300,,1,0.71985210001003,0.69985210001003,-20.0,249.69275269994978,sj
005,21,f,vandy,1,66,audiovisual,100,,1,0.7870752000017092,0.7670752000017091,-20.0,251.62691049999557,sj
005,21,f,vandy,1,67,audiovisual,150,,1,0.7204572000773624,0.7004572000773623,-20.0,253.69390199996997,sj
005,21,f,vandy,1,68,audiovisual,-300,,1,1.0002697999589145,0.9802697999589145,-20.0,256.22812250000425,sj
005,21,f,vandy,1,69,audiovisual,-300,,1,1.241270500002429,1.2212705000024289,-20.0,259.2425657999702,sj
005,21,f,vandy,1,70,audiovisual,200,,1,0.9310050000203773,0.9110050000203773,-20.0,261.72400479996577,sj
005,21,f,vandy,1,71,audiovisual,100,,1,0.8272010000655428,0.8072010000655427,-20.0,264.21788599994034,sj
005,21,f,vandy,1,72,audiovisual,200,,2,1.0141817999538034,0.9941817999538034,-20.0,267.0587895999197,sj
005,21,f,vandy,1,73,audiovisual,-150,,1,1.587121699936688,1.567121699936688,-20.0,269.3932222999865,sj
005,21,f,vandy,1,74,audiovisual,-50,,2,1.5209612000035122,1.5009612000035122,-20.0,272.28737989999354,sj
005,21,f,vandy,1,75,audiovisual,300,,2,0.9340424999827519,0.9140424999827519,-20.0,275.56941310002003,sj
005,21,f,vandy,1,76,audiovisual,-200,,1,1.7343820999376476,1.7143820999376476,-20.0,277.99621989997104,sj
005,21,f,vandy,1,77,audiovisual,-250,,1,1.1893601999618113,1.1693601999618113,-20.0,281.5308489999734,sj
005,21,f,vandy,1,78,audiovisual,-150,,1,1.614382900064811,1.594382900064811,-20.0,284.4672586999368,sj
005,21,f,vandy,1,79,audiovisual,-300,,1,1.5206037000752985,1.5006037000752985,-20.0,288.0135317000095,sj
005,21,f,vandy,1,80,audiovisual,-150,,1,1.2670732999686152,1.2470732999686152,-20.0,290.97422319999896,sj
005,21,f,vandy,1,81,audiovisual,-200,,1,1.7078178999945521,1.6878178999945521,-20.0,293.7753850999288,sj
005,21,f,vandy,1,82,audiovisual,100,,1,1.8802563999779522,1.8602563999779522,-20.0,297.32378580002114,sj
005,21,f,vandy,1,83,audiovisual,50,,1,1.040558599983342,1.020558599983342,-20.0,300.41766249993816,sj
005,21,f,vandy,1,84,audiovisual,-100,,1,0.9610037000384182,0.9410037000384182,-20.0,302.77891539991833,sj
005,21,f,vandy,1,85,audiovisual,100,,1,0.800617599976249,0.780617599976249,-20.0,305.43380060000345,sj
005,21,f,vandy,1,86,audiovisual,-250,,1,0.85421929997392,0.83421929997392,-20.0,307.54093319992535,sj
005,21,f,vandy,1,87,audiovisual,-150,,1,0.9335903999162838,0.9135903999162838,-20.0,309.66179379995447,sj
005,21,f,vandy,1,88,audiovisual,250,,2,0.933921999996528,0.913921999996528,-20.0,312.34205239999574,sj
005,21,f,vandy,1,89,audiovisual,100,,2,2.2141643998911604,2.1941643998911604,-20.0,314.47609120002016,sj
005,21,f,vandy,1,90,audiovisual,-200,,1,1.3051746001001447,1.2851746001001447,-20.0,318.624214499956,sj
005,21,f,vandy,1,91,audiovisual,-150,,1,2.4681211999850348,2.4481211999850347,-20.0,321.4519370999187,sj
005,21,f,vandy,1,92,audiovisual,-100,,1,5.042081200052053,5.022081200052053,-20.0,325.01379439991433,sj
005,21,f,vandy,1,93,audiovisual,-250,,1,1.2002928999718279,1.1802928999718278,-20.0,331.9494649999542,sj
005,21,f,vandy,1,94,audiovisual,150,,2,1.1604236999992281,1.140423699999228,-20.0,334.7901989999227,sj
005,21,f,vandy,1,95,audiovisual,-50,,1,1.0382983000017703,1.0182983000017702,-20.0,337.0979490999598,sj
005,21,f,vandy,1,96,audiovisual,200,,1,1.1612020999891683,1.1412020999891683,-20.0,339.52520939998794,sj
005,21,f,vandy,1,97,audiovisual,0,,1,1.1205277999397367,1.1005277999397367,-20.0,342.28725699998904,sj
005,21,f,vandy,1,98,audiovisual,300,,1,1.6411854999605566,1.6211854999605566,-20.0,345.18089610000607,sj
005,21,f,vandy,1,99,audiovisual,-300,,1,1.5207016000058502,1.5007016000058502,-20.0,348.8088968999218,sj
005,21,f,vandy,1,100,audiovisual,-100,,1,1.1873781000031158,1.1673781000031158,-20.0,351.39620299998205,sj
005,21,f,vandy,1,101,audiovisual,0,,1,1.9610212999396026,1.9410212999396026,-20.0,353.91728769999463,sj
005,21,f,vandy,1,102,audiovisual,-150,,1,1.9214478000067174,1.9014478000067174,-20.0,357.4920402999269,sj
005,21,f,vandy,1,103,audiovisual,250,,2,1.641207700013183,1.621207700013183,-20.0,361.26736870000605,sj
005,21,f,vandy,1,104,audiovisual,100,,1,1.5744936999399215,1.5544936999399215,-20.0,364.7219023000216,sj
005,21,f,vandy,1,105,audiovisual,-100,,1,1.26751689997036,1.24751689997036,-20.0,367.8426254999358,sj
005,21,f,vandy,1,106,audiovisual,300,,1,1.7073180000297725,1.6873180000297725,-20.0,370.1767467999598,sj
005,21,f,vandy,1,107,audiovisual,200,,2,3.0959903999464586,3.0759903999464586,-20.0,373.21790869999677,sj
005,21,f,vandy,1,108,audiovisual,300,,1,1.3340822999598458,1.3140822999598458,-20.0,377.6073464999208,sj
005,21,f,vandy,1,109,audiovisual,-200,,2,1.0942362000932917,1.0742362000932917,-20.0,380.55382139992435,sj
005,21,f,vandy,1,110,audiovisual,-250,,2,1.5342140999855474,1.5142140999855473,-20.0,383.0747471000068,sj
005,21,f,vandy,1,111,audiovisual,250,,2,1.3832264000084251,1.363226400008425,-20.0,385.98271180002484,sj
005,21,f,vandy,1,112,audiovisual,-300,,2,1.144142200006172,1.124142200006172,-20.0,388.48982729995623,sj
005,21,f,vandy,1,113,audiovisual,50,,2,1.3073062000330538,1.2873062000330537,-20.0,391.0906366999261,sj
005,21,f,vandy,1,114,audiovisual,-100,,1,1.375055400072597,1.355055400072597,-20.0,393.9054082999937,sj
005,21,f,vandy,1,115,audiovisual,-300,,2,1.1088461000472307,1.0888461000472307,-20.0,396.54713179997634,sj
005,21,f,vandy,1,116,audiovisual,-100,,1,1.3340806999476627,1.3140806999476626,-20.0,399.3227348999353,sj
005,21,f,vandy,1,117,audiovisual,50,,1,1.6544468000065535,1.6344468000065535,-20.0,402.33580030000303,sj
005,21,f,vandy,1,118,audiovisual,150,,2,2.230159900034778,2.210159900034778,-20.0,405.84413839993067,sj
005,21,f,vandy,1,119,audiovisual,300,,2,2.440853000036441,2.4208530000364408,-20.0,410.00695549999364,sj
005,21,f,vandy,1,120,audiovisual,100,,1,1.508181200013496,1.488181200013496,-20.0,413.7792518999195,sj
005,21,f,vandy,1,121,audiovisual,-100,,1,1.7884061000077054,1.7684061000077054,-20.0,417.07463099993765,sj
005,21,f,vandy,1,122,audiovisual,-150,,1,3.5757242999970913,3.5557242999970913,-20.0,420.7560135999229,sj
005,21,f,vandy,1,123,audiovisual,150,,2,4.549239699961618,4.529239699961618,-20.0,425.90464809990954,sj
005,21,f,vandy,1,124,audiovisual,-50,,1,1.0400264000054449,1.0200264000054449,-20.0,432.02702169993427,sj
005,21,f,vandy,1,125,audiovisual,200,,2,1.2409788999939337,1.2209788999939337,-20.0,434.9338407999603,sj
005,21,f,vandy,1,126,audiovisual,0,,1,1.2937593999085948,1.2737593999085948,-20.0,437.467870799941,sj
005,21,f,vandy,1,127,audiovisual,-250,,1,1.4007240999490023,1.3807240999490022,-20.0,439.90939679997973,sj
005,21,f,vandy,1,128,audiovisual,200,,1,1.5497517999028787,1.5297517999028787,-20.0,442.8963003999088,sj
005,21,f,vandy,1,129,audiovisual,300,,1,1.9206266000401229,1.9006266000401228,-20.0,446.3666974999942,sj
005,21,f,vandy,1,130,audiovisual,0,,1,1.6423102000262588,1.6223102000262588,-20.0,449.8326102999272,sj
005,21,f,vandy,1,131,audiovisual,250,,1,1.2415248000761494,1.2215248000761494,-20.0,453.1554515999742,sj
005,21,f,vandy,1,132,audiovisual,150,,1,1.4538393000839278,1.4338393000839278,-20.0,456.03514779999387,sj
005,21,f,vandy,1,133,audiovisual,300,,1,1.7912601999705657,1.7712601999705657,-20.0,458.7558538999874,sj
005,21,f,vandy,1,134,audiovisual,300,,1,2.053990100044757,2.033990100044757,-20.0,461.9068924000021,sj
005,21,f,vandy,1,135,audiovisual,100,,1,1.4540289000142366,1.4340289000142366,-20.0,465.75817039993126,sj
005,21,f,vandy,1,136,audiovisual,300,,2,1.4674743000650778,1.4474743000650778,-20.0,468.70672479993664,sj
005,21,f,vandy,1,137,audiovisual,250,,1,1.2146063999971375,1.1946063999971375,-20.0,471.9220055999467,sj
005,21,f,vandy,1,138,audiovisual,-100,,1,0.96088119992055,0.94088119992055,-20.0,474.98882440000307,sj
005,21,f,vandy,1,139,audiovisual,-250,,2,0.9470291000325233,0.9270291000325233,-20.0,477.26971069991123,sj
005,21,f,vandy,1,140,audiovisual,150,,1,1.0429737999802455,1.0229737999802455,-20.0,479.2970188999316,sj
005,21,f,vandy,1,141,audiovisual,-50,,1,0.9626990000251681,0.942699000025168,-20.0,481.966893899953,sj
005,21,f,vandy,1,142,audiovisual,-200,,1,1.0016804999904707,0.9816804999904707,-20.0,484.0868942999514,sj
005,21,f,vandy,1,143,audiovisual,200,,1,1.3868546999292448,1.3668546999292448,-20.0,486.3408026000252,sj
005,21,f,vandy,1,144,audiovisual,-100,,1,1.0951908000279218,1.0751908000279218,-20.0,489.7403440999333,sj
005,21,f,vandy,1,145,audiovisual,250,,2,3.8498223000206053,3.8298223000206053,-20.0,492.7029399999883,sj
005,21,f,vandy,1,146,audiovisual,150,,1,1.1865732000442222,1.1665732000442222,-20.0,497.95633379998617,sj
005,21,f,vandy,1,147,audiovisual,0,,2,1.6546013000188395,1.6346013000188395,-20.0,500.19746629998554,sj
005,21,f,vandy,1,148,audiovisual,-100,,1,1.9236161999870092,1.9036161999870091,-20.0,503.37289070000406,sj
005,21,f,vandy,1,149,audiovisual,0,,1,2.0552640999667346,2.0352640999667346,-20.0,506.33588329993654,sj
005,21,f,vandy,1,150,audiovisual,0,,1,1.267912899958901,1.247912899958901,-20.0,509.722042499925,sj
005,21,f,vandy,1,151,audiovisual,-300,,1,1.1110188000602648,1.0910188000602647,-20.0,512.9625932999188,sj
005,21,f,vandy,1,152,audiovisual,0,,1,1.0552007999503985,1.0352007999503985,-20.0,515.6866767000174,sj
005,21,f,vandy,1,153,audiovisual,100,,1,1.2005633999360725,1.1805633999360725,-20.0,518.2865449999226,sj
005,21,f,vandy,1,154,audiovisual,250,,1,1.18890890001785,1.16890890001785,-20.0,521.046901499969,sj
005,21,f,vandy,1,155,audiovisual,0,,1,0.773473999928683,0.753473999928683,-20.0,523.314220399945,sj
005,21,f,vandy,1,156,audiovisual,150,,1,0.9620195999741554,0.9420195999741554,-20.0,525.5671437999699,sj
005,21,f,vandy,1,157,audiovisual,100,,1,1.2677050000056624,1.2477050000056624,-20.0,528.2891002999386,sj
005,21,f,vandy,1,158,audiovisual,-50,,1,1.0273648999864236,1.0073648999864235,-20.0,530.6090450999327,sj
005,21,f,vandy,1,159,audiovisual,50,,1,0.9067160000558943,0.8867160000558942,-20.0,533.449594500009,sj
005,21,f,vandy,1,160,audiovisual,-250,,1,1.3341796000022441,1.314179600002244,-20.0,535.5701109999791,sj
005,21,f,vandy,1,161,audiovisual,-50,,1,0.9488708999706432,0.9288708999706432,-20.0,538.8523292000173,sj
005,21,f,vandy,1,162,audiovisual,-100,,1,1.2001040999311954,1.1801040999311954,-20.0,540.9325365999248,sj
005,21,f,vandy,1,163,audiovisual,-50,,1,1.7206120999762788,1.7006120999762788,-20.0,543.8142695999704,sj
005,21,f,vandy,1,164,audiovisual,250,,1,1.0627077999524772,1.0427077999524772,-20.0,547.562422499992,sj
005,21,f,vandy,1,165,audiovisual,50,,1,0.9471999000525102,0.9271999000525102,-20.0,549.8690236000111,sj
005,21,f,vandy,1,166,audiovisual,300,,2,1.9614258001092821,1.9414258001092821,-20.0,551.8698443999747,sj
005,21,f,vandy,1,167,audiovisual,300,,2,1.4425393000710756,1.4225393000710755,-20.0,554.8585692999186,sj
005,21,f,vandy,1,168,audiovisual,-100,,2,3.268766100052744,3.248766100052744,-20.0,558.2739855999826,sj
005,21,f,vandy,1,169,audiovisual,300,,2,1.6008468000218272,1.5808468000218272,-20.0,562.8612920999294,sj
005,21,f,vandy,1,170,audiovisual,300,,1,2.0274730999954045,2.0074730999954045,-20.0,566.3816233999096,sj
005,21,f,vandy,1,171,audiovisual,50,,1,1.3877814000006765,1.3677814000006765,-20.0,570.2096066999948,sj
005,21,f,vandy,1,172,audiovisual,300,,2,1.0009583999635652,0.9809583999635652,-20.0,573.2248661000049,sj
005,21,f,vandy,1,173,audiovisual,-300,,1,2.1617582000326365,2.1417582000326365,-20.0,576.1334151999326,sj
005,21,f,vandy,1,174,audiovisual,50,,1,1.1074601999716833,1.0874601999716833,-20.0,579.694044200005,sj
005,21,f,vandy,1,175,audiovisual,-200,,1,1.0805017999373376,1.0605017999373376,-20.0,582.0936945999274,sj
005,21,f,vandy,1,176,audiovisual,-100,,1,1.0319215999916196,1.0119215999916196,-20.0,584.6416035000002,sj
005,21,f,vandy,1,177,audiovisual,100,,1,1.4171278000576422,1.3971278000576421,-20.0,586.8472796999849,sj
005,21,f,vandy,1,178,audiovisual,50,,1,0.9752485000062734,0.9552485000062734,-20.0,589.8870939000044,sj
005,21,f,vandy,1,179,audiovisual,200,,1,1.0939878999488428,1.0739878999488428,-20.0,592.4733385000145,sj
005,21,f,vandy,1,180,audiovisual,150,,1,1.0668769999174401,1.04687699991744,-20.0,595.3522799999919,sj
005,21,f,vandy,1,181,audiovisual,250,,2,1.2280561999650672,1.2080561999650672,-20.0,598.3797673999798,sj
005,21,f,vandy,1,182,audiovisual,-100,,1,1.0267253998899832,1.0067253998899832,-20.0,601.0215177999344,sj
005,21,f,vandy,1,183,audiovisual,-150,,1,1.454657500027679,1.434657500027679,-20.0,603.6352164999116,sj
005,21,f,vandy,1,184,audiovisual,50,,1,1.1351999999023974,1.1151999999023974,-20.0,606.4901121999137,sj
005,21,f,vandy,1,185,audiovisual,150,,1,1.0408538000192493,1.0208538000192493,-20.0,608.6929641999304,sj
005,21,f,vandy,1,186,audiovisual,250,,2,1.1860455999849364,1.1660455999849364,-20.0,611.479159599985,sj
005,21,f,vandy,1,187,audiovisual,100,,1,1.1208004000363871,1.1008004000363871,-20.0,614.2522687999299,sj
005,21,f,vandy,1,188,audiovisual,250,,1,1.2409106000559404,1.2209106000559404,-20.0,616.8673607999226,sj
005,21,f,vandy,1,189,audiovisual,-150,,1,2.0041440000059083,1.9841440000059083,-20.0,619.3480830999324,sj
005,21,f,vandy,1,190,audiovisual,0,,1,1.400626300019212,1.380626300019212,-20.0,623.2064229999669,sj
005,21,f,vandy,1,191,audiovisual,-150,,1,1.0004513999447227,0.9804513999447226,-20.0,626.0963811000111,sj
005,21,f,vandy,1,192,audiovisual,100,,1,1.6144572000484914,1.5944572000484913,-20.0,628.5381118999794,sj
005,21,f,vandy,1,193,audiovisual,0,,1,1.09473670006264,1.07473670006264,-20.0,631.4867635999108,sj
005,21,f,vandy,1,194,audiovisual,0,,1,1.1346861000638455,1.1146861000638455,-20.0,634.4207829999505,sj
005,21,f,vandy,1,195,audiovisual,-100,,1,0.7742006001062691,0.7542006001062691,-20.0,636.7142923999345,sj
005,21,f,vandy,1,196,audiovisual,-50,,1,1.4004914000397548,1.3804914000397548,-20.0,639.2890846999362,sj
005,21,f,vandy,1,197,audiovisual,-250,,1,1.5761684000026435,1.5561684000026434,-20.0,642.6364249999169,sj
005,21,f,vandy,1,198,audiovisual,-200,,1,1.3620137999532744,1.3420137999532744,-20.0,645.9460589999799,sj
005,21,f,vandy,1,199,audiovisual,-200,,1,1.161430299980566,1.1414302999805659,-20.0,649.1863493999699,sj
005,21,f,vandy,1,200,audiovisual,-200,,1,1.4983052000170574,1.4783052000170573,-20.0,652.3472590999445,sj
005,21,f,vandy,1,201,audiovisual,250,,1,1.0937482999870554,1.0737482999870553,-20.0,655.4445718999486,sj
005,21,f,vandy,1,202,audiovisual,-50,,1,1.1509098999667913,1.1309098999667913,-20.0,658.2284898000071,sj
005,21,f,vandy,1,203,audiovisual,-50,,1,0.9308562000514939,0.9108562000514939,-20.0,660.9665375999175,sj
005,21,f,vandy,1,204,audiovisual,-250,,1,2.1467704999959096,2.1267704999959096,-20.0,663.3769845999777,sj
005,21,f,vandy,1,205,audiovisual,-300,,2,1.4015798999462277,1.3815798999462277,-20.0,666.9385609999299,sj
005,21,f,vandy,1,206,audiovisual,-150,,2,2.8151993000647053,2.7951993000647053,-20.0,669.5001120999223,sj
005,21,f,vandy,1,207,audiovisual,-250,,2,0.8678615000098944,0.8478615000098944,-20.0,673.9146066999529,sj
005,21,f,vandy,1,208,audiovisual,-300,,2,0.9871827999595553,0.9671827999595553,-20.0,676.1027466999367,sj
005,21,f,vandy,1,209,audiovisual,-300,,2,0.8947332000825554,0.8747332000825554,-20.0,678.1961650999729,sj
005,21,f,vandy,1,210,audiovisual,-300,,2,0.8691283999942243,0.8491283999942243,-20.0,680.5307507999241,sj
005,21,f,vandy,1,211,audiovisual,-250,,2,0.8534705999772996,0.8334705999772996,-20.0,683.0664062999422,sj
005,21,f,vandy,1,212,audiovisual,-50,,2,1.9366590999998152,1.9166590999998152,-20.0,685.9066870999523,sj
005,21,f,vandy,1,213,audiovisual,250,,2,1.173818500014022,1.153818500014022,-20.0,689.7624720999738,sj
005,21,f,vandy,1,214,audiovisual,250,,1,1.0954848000546917,1.0754848000546917,-20.0,692.5478703000117,sj
005,21,f,vandy,1,215,audiovisual,300,,1,1.627625000081025,1.607625000081025,-20.0,695.3241281999508,sj
005,21,f,vandy,1,216,audiovisual,300,,2,1.3207351999590173,1.3007351999590173,-20.0,698.5369737999281,sj
005,21,f,vandy,1,217,audiovisual,250,,2,1.2005747000221163,1.1805747000221163,-20.0,700.977420900017,sj
005,21,f,vandy,1,218,audiovisual,100,,1,0.933980599977076,0.913980599977076,-20.0,704.1790112999734,sj
005,21,f,vandy,1,219,audiovisual,50,,1,2.2808301999466494,2.2608301999466494,-20.0,706.259409799939,sj
005,21,f,vandy,1,220,audiovisual,-100,,2,1.5481878999853507,1.5281878999853507,-20.0,709.8203508999432,sj
005,21,f,vandy,1,221,audiovisual,-150,,1,2.253998800064437,2.233998800064437,-20.0,712.5691510000033,sj
005,21,f,vandy,1,222,audiovisual,200,,2,2.4002899999031797,2.3802899999031797,-20.0,716.6104761000024,sj
005,21,f,vandy,1,223,audiovisual,300,,1,1.280667700106278,1.260667700106278,-20.0,720.5461446999107,sj
005,21,f,vandy,1,224,audiovisual,-100,,1,1.0001249000197276,0.9801249000197276,-20.0,722.9725738000125,sj
005,21,f,vandy,1,225,audiovisual,-100,,1,1.9884806999471039,1.9684806999471038,-20.0,725.1337948999135,sj
005,21,f,vandy,1,226,audiovisual,50,,1,1.1072252000449225,1.0872252000449225,-20.0,728.4548034999752,sj
005,21,f,vandy,1,227,audiovisual,-150,,1,0.964878199971281,0.944878199971281,-20.0,731.0549343000166,sj
005,21,f,vandy,1,228,audiovisual,-200,,1,0.9500034000957385,0.9300034000957385,-20.0,733.0869499999098,sj
005,21,f,vandy,1,229,audiovisual,-50,,1,0.7603417999343947,0.7403417999343946,-20.0,735.2065005999757,sj
005,21,f,vandy,1,230,audiovisual,300,,1,1.8278778999811038,1.8078778999811038,-20.0,737.5375879999483,sj
005,21,f,vandy,1,231,audiovisual,100,,1,1.9878381999442354,1.9678381999442354,-20.0,740.4995419000043,sj
005,21,f,vandy,1,232,audiovisual,-200,,1,1.1740905999904498,1.1540905999904498,-20.0,744.2871512999991,sj
005,21,f,vandy,1,233,audiovisual,0,,1,0.9475384999532253,0.9275384999532252,-20.0,746.8086715999525,sj
005,21,f,vandy,1,234,audiovisual,-200,,1,0.9851071999873966,0.9651071999873966,-20.0,749.5558529999107,sj
005,21,f,vandy,1,235,audiovisual,200,,1,0.960455899941735,0.940455899941735,-20.0,751.7955967999296,sj
005,21,f,vandy,1,236,audiovisual,-150,,1,0.9585687998915091,0.9385687998915091,-20.0,753.9711869999301,sj
005,21,f,vandy,1,237,audiovisual,-250,,2,0.8140637000324205,0.7940637000324204,-20.0,756.6247763999272,sj
005,21,f,vandy,1,238,audiovisual,-300,,2,1.6273481999523938,1.6073481999523938,-20.0,759.4534055999247,sj
005,21,f,vandy,1,239,audiovisual,-200,,1,1.2146593999350443,1.1946593999350443,-20.0,762.4139855999965,sj
005,21,f,vandy,1,240,audiovisual,-50,,1,1.0547339000040665,1.0347339000040665,-20.0,764.6810888999607,sj
005,21,f,vandy,1,241,audiovisual,0,,1,2.644053000025451,2.624053000025451,-20.0,766.7893984999973,sj
005,21,f,vandy,1,242,audiovisual,-300,,2,2.228253399953246,2.208253399953246,-20.0,771.4460466000019,sj
005,21,f,vandy,1,243,audiovisual,150,,1,0.7871681000106037,0.7671681000106036,-20.0,774.7249230999732,sj
005,21,f,vandy,1,244,audiovisual,100,,1,0.7739265999989584,0.7539265999989584,-20.0,777.3120797999436,sj
005,21,f,vandy,1,245,audiovisual,-50,,1,0.8000367000931874,0.7800367000931874,-20.0,779.6599528000224,sj
005,21,f,vandy,1,246,audiovisual,-250,,2,1.0008153000380844,0.9808153000380844,-20.0,781.8748690999346,sj
005,21,f,vandy,1,247,audiovisual,300,,1,2.214578399900347,2.194578399900347,-20.0,784.2614648999879,sj
005,21,f,vandy,1,248,audiovisual,0,,1,2.014486000058241,1.9944860000582412,-20.0,788.4229075999465,sj
005,21,f,vandy,1,249,audiovisual,150,,1,1.1207507000071928,1.1007507000071928,-20.0,791.8508394999662,sj
005,21,f,vandy,1,250,audiovisual,150,,1,1.1083883000537753,1.0883883000537753,-20.0,794.9316494999221,sj
005,21,f,vandy,1,251,audiovisual,-100,,1,1.3603889999212697,1.3403889999212697,-20.0,797.7737889999989,sj
005,21,f,vandy,1,252,audiovisual,150,,1,0.933761200052686,0.913761200052686,-20.0,800.3868283999618,sj
005,21,f,vandy,1,253,audiovisual,-100,,1,0.9067917999345809,0.8867917999345809,-20.0,803.0679394999752,sj
005,21,f,vandy,1,254,audiovisual,300,,1,1.0674674999900162,1.0474674999900162,-20.0,805.8692591999425,sj
005,21,f,vandy,1,255,audiovisual,-200,,1,0.9335882000159472,0.9135882000159472,-20.0,808.3903460999718,sj
005,21,f,vandy,1,256,audiovisual,-50,,1,1.1482790999580175,1.1282790999580175,-20.0,811.311270999955,sj
005,21,f,vandy,1,257,audiovisual,-50,,1,0.8800827000522986,0.8600827000522986,-20.0,813.8865299000172,sj
005,21,f,vandy,1,258,audiovisual,-300,,2,1.0674912999384105,1.0474912999384105,-20.0,816.0994246000191,sj
005,21,f,vandy,1,259,audiovisual,200,,1,0.9215168999508023,0.9015168999508023,-20.0,818.5005886999425,sj
005,21,f,vandy,1,260,audiovisual,0,,1,0.8266637999331579,0.8066637999331578,-20.0,820.8487619999796,sj
005,21,f,vandy,1,261,audiovisual,0,,1,0.7068128999089822,0.6868128999089822,-20.0,822.915493199951,sj
005,21,f,vandy,1,262,audiovisual,300,,2,1.6938549000769854,1.6738549000769853,-20.0,825.2766714999452,sj
005,21,f,vandy,1,263,audiovisual,-300,,2,1.1469321000622585,1.1269321000622585,-20.0,828.7579647999955,sj
005,21,f,vandy,1,264,audiovisual,200,,1,1.2671961999731138,1.2471961999731138,-20.0,830.9586713999743,sj
005,21,f,vandy,1,265,audiovisual,50,,1,1.3745982000837103,1.3545982000837102,-20.0,833.6261549999472,sj
005,21,f,vandy,1,266,audiovisual,-250,,2,1.53454939997755,1.51454939997755,-20.0,836.9082166999578,sj
005,21,f,vandy,1,267,audiovisual,-100,,1,1.4674273999407887,1.4474273999407887,-20.0,840.2024884999264,sj
005,21,f,vandy,1,268,audiovisual,-50,,1,0.9336772999959067,0.9136772999959066,-20.0,843.1897887999658,sj
005,21,f,vandy,1,269,audiovisual,150,,1,0.7227086999919266,0.7027086999919265,-20.0,845.2568342000013,sj
005,21,f,vandy,1,270,audiovisual,100,,1,1.457090700045228,1.437090700045228,-20.0,847.8464994999813,sj
005,21,f,vandy,1,271,audiovisual,200,,2,0.8540057999780402,0.8340057999780401,-20.0,850.9556475999998,sj
005,21,f,vandy,1,272,audiovisual,250,,1,0.8938579000532627,0.8738579000532627,-20.0,853.6602520999731,sj
005,21,f,vandy,1,273,audiovisual,-100,,1,1.1871915999799967,1.1671915999799967,-20.0,855.6344277999597,sj
005,21,f,vandy,1,274,audiovisual,-200,,1,1.2245181000325829,1.2045181000325829,-20.0,858.4889539999422,sj
005,21,f,vandy,1,275,audiovisual,100,,1,2.3501622999319807,2.3301622999319807,-20.0,860.9302568999119,sj
005,21,f,vandy,1,276,audiovisual,300,,2,1.2814618999836966,1.2614618999836966,-20.0,864.5463193999603,sj
005,21,f,vandy,1,277,audiovisual,-300,,2,1.1199210999766365,1.0999210999766365,-20.0,866.8525445999112,sj
005,21,f,vandy,1,278,audiovisual,50,,1,0.9075123999500647,0.8875123999500647,-20.0,869.4526539000217,sj
005,21,f,vandy,1,279,audiovisual,-250,,1,1.64108899992425,1.62108899992425,-20.0,871.4013756000204,sj
005,21,f,vandy,1,280,audiovisual,150,,1,1.7082176000112668,1.6882176000112668,-20.0,874.0950045000063,sj
005,21,f,vandy,1,281,audiovisual,200,,1,0.9485674999887124,0.9285674999887124,-20.0,877.1895098999375,sj
005,21,f,vandy,1,282,audiovisual,-250,,2,0.920346700004302,0.900346700004302,-20.0,879.457697100006,sj
005,21,f,vandy,1,283,audiovisual,250,,2,1.5890474999323487,1.5690474999323487,-20.0,881.4566109000007,sj
005,21,f,vandy,1,284,audiovisual,-300,,2,0.9073042999953032,0.8873042999953031,-20.0,884.3663114999654,sj
005,21,f,vandy,1,285,audiovisual,-150,,1,1.2811666999477893,1.2611666999477893,-20.0,886.779704799992,sj
005,21,f,vandy,1,286,audiovisual,-200,,1,2.68092989991419,2.66092989991419,-20.0,889.700746199931,sj
005,21,f,vandy,1,287,audiovisual,-150,,1,1.2149607000174,1.1949607000174,-20.0,894.0217159999302,sj
005,21,f,vandy,1,288,audiovisual,-250,,1,0.9873229000950232,0.9673229000950232,-20.0,897.1302224999527,sj
005,21,f,vandy,1,289,audiovisual,-300,,1,2.015982500044629,1.995982500044629,-20.0,899.7574960999191,sj
005,21,f,vandy,1,290,audiovisual,250,,1,0.9333343000616878,0.9133343000616878,-20.0,903.5864497999428,sj
005,21,f,vandy,1,291,audiovisual,-150,,1,0.9605278000235558,0.9405278000235557,-20.0,905.6790435999865,sj
005,21,f,vandy,1,292,audiovisual,0,,1,0.7819844000041485,0.7619844000041485,-20.0,908.0676134999376,sj
005,21,f,vandy,1,293,audiovisual,0,,2,1.1205407999223098,1.1005407999223098,-20.0,909.9482142999768,sj
005,21,f,vandy,1,294,audiovisual,250,,2,1.2807002000045031,1.2607002000045031,-20.0,912.3483936999692,sj
005,21,f,vandy,1,295,audiovisual,300,,1,1.2279115999117494,1.2079115999117493,-20.0,915.3357566000195,sj
005,21,f,vandy,1,296,audiovisual,300,,2,1.0947884999914095,1.0747884999914095,-20.0,918.3245294999797,sj
005,21,f,vandy,1,297,audiovisual,50,,1,0.8418928999453783,0.8218928999453783,-20.0,921.1528180999449,sj
005,21,f,vandy,1,298,audiovisual,-300,,2,0.9983564000576735,0.9783564000576734,-20.0,923.4333712999942,sj
005,21,f,vandy,1,299,audiovisual,-300,,2,1.1341930000344291,1.1141930000344291,-20.0,925.673261799966,sj
005,21,f,vandy,1,300,audiovisual,100,,1,1.6946536999894306,1.6746536999894306,-20.0,928.82081439998,sj
005,21,f,vandy,1,301,audiovisual,200,,1,1.9205728999804705,1.9005728999804705,-20.0,932.4895849999739,sj
005,21,f,vandy,1,302,audiovisual,-100,,1,1.3600640000076964,1.3400640000076964,-20.0,935.5861308999592,sj
005,21,f,vandy,1,303,audiovisual,-150,,1,0.8947496000910178,0.8747496000910178,-20.0,938.3971322999569,sj
005,21,f,vandy,1,304,audiovisual,300,,1,0.8791663999436423,0.8591663999436423,-20.0,941.1061410999391,sj
005,21,f,vandy,1,305,audiovisual,-250,,2,2.1481687000487,2.1281687000487,-20.0,943.3731300999643,sj
005,21,f,vandy,1,306,audiovisual,-250,,2,1.3381767000537366,1.3181767000537365,-20.0,947.3218133000191,sj
005,21,f,vandy,1,307,audiovisual,-300,,1,1.1713378001004457,1.1513378001004457,-20.0,950.0858605999965,sj
005,21,f,vandy,1,308,audiovisual,-150,,1,1.0811275000451133,1.0611275000451132,-20.0,952.7371329999296,sj
005,21,f,vandy,1,309,audiovisual,250,,1,0.8550216000294313,0.8350216000294313,-20.0,955.2171594999963,sj
005,21,f,vandy,1,310,audiovisual,200,,2,3.1341261999914423,3.1141261999914422,-20.0,957.3662652999628,sj
005,21,f,vandy,1,311,audiovisual,0,,1,1.0671122000785545,1.0471122000785544,-20.0,962.5135658999206,sj
005,21,f,vandy,1,312,audiovisual,50,,1,0.7443573999917135,0.7243573999917134,-20.0,964.6874943999574,sj
005,21,f,vandy,1,313,audiovisual,200,,1,0.8177087999647483,0.7977087999647483,-20.0,966.9956753000151,sj
005,21,f,vandy,1,314,audiovisual,50,,1,1.2703481999924406,1.2503481999924406,-20.0,968.9462449999992,sj
005,21,f,vandy,1,315,audiovisual,-150,,1,0.9874608999816701,0.9674608999816701,-20.0,971.305793199921,sj
005,21,f,vandy,1,316,audiovisual,250,,1,1.240546000073664,1.2205460000736639,-20.0,973.3437536999118,sj
005,21,f,vandy,1,317,audiovisual,-200,,1,1.2006651000119746,1.1806651000119746,-20.0,975.8917134000221,sj
005,21,f,vandy,1,318,audiovisual,-200,,2,0.8140642999205738,0.7940642999205738,-20.0,978.6263922000071,sj
005,21,f,vandy,1,319,audiovisual,-150,,1,0.8540794999571517,0.8340794999571517,-20.0,981.1733394999756,sj
005,21,f,vandy,1,320,audiovisual,-250,,1,0.6671859000343829,0.6471859000343829,-20.0,983.7213333999971,sj
005,21,f,vandy,1,321,audiovisual,50,,1,0.6802937999600545,0.6602937999600544,-20.0,985.8820707999403,sj
005,21,f,vandy,1,322,audiovisual,-100,,1,0.6705646999180317,0.6505646999180317,-20.0,987.8954388999846,sj
005,21,f,vandy,1,323,audiovisual,-50,,1,0.6384529999922961,0.6184529999922961,-20.0,990.4466718999902,sj
005,21,f,vandy,1,324,audiovisual,100,,1,0.6277031999779865,0.6077031999779865,-20.0,992.5238549999194,sj
005,21,f,vandy,1,325,audiovisual,0,,1,1.6269279000116512,1.6069279000116512,-20.0,995.0588905999903,sj
005,21,f,vandy,1,326,audiovisual,50,,1,0.654875100008212,0.634875100008212,-20.0,997.9392191999359,sj
005,21,f,vandy,1,327,audiovisual,50,,1,0.680632600095123,0.660632600095123,-20.0,1000.4349640000146,sj
005,21,f,vandy,1,328,audiovisual,150,,1,0.7203479999443516,0.7003479999443516,-20.0,1003.1150788000086,sj
005,21,f,vandy,1,329,audiovisual,-200,,1,0.9105243000667542,0.8905243000667542,-20.0,1004.9150401999941,sj
005,21,f,vandy,1,330,audiovisual,-100,,1,0.6403672000160441,0.6203672000160441,-20.0,1006.9857764999615,sj
005,21,f,vandy,1,331,audiovisual,-150,,1,0.814302199985832,0.794302199985832,-20.0,1008.6499451999553,sj
005,21,f,vandy,1,332,audiovisual,-150,,2,0.7343482000287622,0.7143482000287622,-20.0,1010.6911482999567,sj
005,21,f,vandy,1,333,audiovisual,-300,,1,1.2673801000928506,1.2473801000928506,-20.0,1013.3323002000106,sj
005,21,f,vandy,1,334,audiovisual,150,,1,0.933961300062947,0.913961300062947,-20.0,1015.6259489000076,sj
005,21,f,vandy,1,335,audiovisual,-50,,1,0.9878891999833286,0.9678891999833286,-20.0,1018.360554200015,sj
005,21,f,vandy,1,336,audiovisual,150,,1,0.7473943999502808,0.7273943999502808,-20.0,1020.4818584999302,sj
005,21,f,vandy,1,337,audiovisual,-250,,1,1.0676722000353038,1.0476722000353038,-20.0,1022.3352934999857,sj
005,21,f,vandy,1,338,audiovisual,-200,,2,0.8007748000090942,0.7807748000090942,-20.0,1024.548686999944,sj
005,21,f,vandy,1,339,audiovisual,300,,1,1.0527883999748155,1.0327883999748155,-20.0,1027.376840199926,sj
005,21,f,vandy,1,340,audiovisual,-200,,1,1.5881249000085518,1.5681249000085518,-20.0,1029.7384016999276,sj
005,21,f,vandy,1,341,audiovisual,-150,,1,1.0539902000455186,1.0339902000455186,-20.0,1032.4859140999615,sj
005,21,f,vandy,1,342,audiovisual,250,,2,1.7338847999926656,1.7138847999926656,-20.0,1035.4070347999223,sj
005,21,f,vandy,1,343,audiovisual,200,,1,0.7870990000665188,0.7670990000665188,-20.0,1038.7942207999295,sj
005,21,f,vandy,1,344,audiovisual,-100,,1,0.9083190000383183,0.8883190000383183,-20.0,1040.8350419999333,sj
005,21,f,vandy,1,345,audiovisual,200,,1,0.8277740000048652,0.8077740000048652,-20.0,1043.3706500999397,sj
005,21,f,vandy,1,346,audiovisual,-250,,1,1.093576000072062,1.073576000072062,-20.0,1046.037243800005,sj
005,21,f,vandy,1,347,audiovisual,200,,1,1.975067300023511,1.955067300023511,-20.0,1049.0380732999183,sj
005,21,f,vandy,1,348,audiovisual,50,,1,1.4672227000119165,1.4472227000119164,-20.0,1052.1193247999763,sj
005,21,f,vandy,1,349,audiovisual,-250,,1,0.8805755000794306,0.8605755000794306,-20.0,1054.6673684999114,sj
005,21,f,vandy,1,350,audiovisual,0,,1,0.6541180999483913,0.6341180999483913,-20.0,1057.308587800013,sj
005,21,f,vandy,1,351,audiovisual,0,,1,0.6944014999317005,0.6744014999317005,-20.0,1059.4294998999685,sj
005,21,f,vandy,1,352,audiovisual,-300,,1,0.7739572999998927,0.7539572999998927,-20.0,1061.4167210999876,sj
005,21,f,vandy,1,353,audiovisual,0,,1,0.6531193000264466,0.6331193000264466,-20.0,1063.8976835999638,sj
005,21,f,vandy,1,354,audiovisual,250,,1,1.0266049000201747,1.0066049000201747,-20.0,1065.791209799936,sj
005,21,f,vandy,1,355,audiovisual,0,,1,0.7076583999441937,0.6876583999441936,-20.0,1067.8987171999179,sj
005,21,f,vandy,1,356,audiovisual,-250,,2,1.027948800008744,1.007948800008744,-20.0,1069.7795798999723,sj
005,21,f,vandy,1,357,audiovisual,300,,2,1.4017278000246733,1.3817278000246733,-20.0,1072.7141055000247,sj
005,21,f,vandy,1,358,audiovisual,-100,,1,0.8029819000512362,0.7829819000512361,-20.0,1076.021124699968,sj
005,21,f,vandy,1,359,audiovisual,-250,,1,2.387537100003101,2.367537100003101,-20.0,1078.0245768999448,sj
005,21,f,vandy,1,360,audiovisual,-300,,1,1.1867836999008432,1.1667836999008432,-20.0,1082.1301471999614,sj
005,21,f,vandy,1,361,audiovisual,0,,1,1.6404861999908462,1.6204861999908462,-20.0,1084.7722381999483,sj
005,21,f,vandy,1,362,audiovisual,100,,1,0.8816362000070512,0.8616362000070512,-20.0,1087.5058275000192,sj
005,21,f,vandy,1,363,audiovisual,200,,1,0.7721661000978202,0.7521661000978201,-20.0,1089.5347817000002,sj
005,21,f,vandy,1,364,audiovisual,50,,1,0.640753100044094,0.620753100044094,-20.0,1091.5071059999755,sj
005,21,f,vandy,1,365,audiovisual,-300,,1,0.9061947999289259,0.8861947999289259,-20.0,1093.3215953999897,sj
005,21,f,vandy,1,366,audiovisual,150,,1,0.7475416000233963,0.7275416000233963,-20.0,1095.815322499955,sj
005,21,f,vandy,1,367,audiovisual,100,,1,0.82710960006807,0.80710960006807,-20.0,1098.1232220999664,sj
005,21,f,vandy,1,368,audiovisual,250,,1,0.7474030000157654,0.7274030000157654,-20.0,1100.976901200018,sj
005,21,f,vandy,1,369,audiovisual,100,,1,0.46706069994252175,0.44706069994252173,-20.0,1103.1243548999773,sj
005,21,f,vandy,1,370,audiovisual,300,,1,0.9749956999439746,0.9549956999439746,-20.0,1104.9786490999395,sj
005,21,f,vandy,1,371,audiovisual,0,,1,0.7600443999981508,0.7400443999981507,-20.0,1107.1003905999241,sj
005,21,f,vandy,1,372,audiovisual,150,,1,0.7201808000681922,0.7001808000681922,-20.0,1109.8071611999767,sj
005,21,f,vandy,1,373,audiovisual,150,,1,1.0273290999466553,1.0073290999466553,-20.0,1111.6742488999153,sj
005,21,f,vandy,1,374,audiovisual,-50,,1,0.7747098000254482,0.7547098000254482,-20.0,1114.1687771999277,sj
005,21,f,vandy,1,375,audiovisual,-250,,1,0.8113207999849692,0.7913207999849692,-20.0,1116.744314200012,sj
005,21,f,vandy,1,376,audiovisual,150,,1,0.6682691999012604,0.6482691999012604,-20.0,1118.8764668999938,sj
005,21,f,vandy,1,377,audiovisual,200,,1,0.8017675000010058,0.7817675000010058,-20.0,1121.3856280000182,sj
005,21,f,vandy,1,378,audiovisual,150,,1,0.9623938000295311,0.9423938000295311,-20.0,1123.973329899949,sj
005,21,f,vandy,1,379,audiovisual,300,,2,1.0536275999620557,1.0336275999620557,-20.0,1126.4816971999826,sj
005,21,f,vandy,1,380,audiovisual,-200,,1,1.025816599954851,1.005816599954851,-20.0,1128.827504799934,sj
005,21,f,vandy,1,381,audiovisual,50,,1,0.8270198999671265,0.8070198999671265,-20.0,1131.3883271999657,sj
005,21,f,vandy,1,382,audiovisual,-250,,1,0.8811149999964982,0.8611149999964982,-20.0,1134.055452200002,sj
005,21,f,vandy,1,383,audiovisual,50,,1,1.4131311000091955,1.3931311000091955,-20.0,1136.831351300003,sj
005,21,f,vandy,1,384,audiovisual,-150,,1,0.8531146000605077,0.8331146000605076,-20.0,1139.8183939999435,sj
005,21,f,vandy,1,385,audiovisual,250,,1,3.0956428000936285,3.0756428000936284,-20.0,1142.2987693999894,sj
005,21,f,vandy,1,386,audiovisual,50,,1,1.0810315000126138,1.0610315000126138,-20.0,1146.7810166999698,sj
005,21,f,vandy,1,387,audiovisual,-200,,1,1.148054499994032,1.128054499994032,-20.0,1149.7295155000174,sj
005,21,f,vandy,1,388,audiovisual,50,,1,0.694409399991855,0.674409399991855,-20.0,1151.969521699939,sj
005,21,f,vandy,1,389,audiovisual,200,,1,1.000669899978675,0.9806698999786749,-20.0,1153.9305980999488,sj
005,21,f,vandy,1,390,audiovisual,0,,1,0.7198535999050364,0.6998535999050364,-20.0,1156.7712211000035,sj
005,21,f,vandy,2,1,visual,nan,,nan,,,-20.0,1181.8595459000207,srt
005,21,f,vandy,2,2,audio,nan,,nan,0.7445641000522301,0.72456410005223,-20.0,1185.4537169999676,srt
005,21,f,vandy,2,3,visual,nan,,nan,,,-20.0,1188.8538024999434,srt
005,21,f,vandy,2,4,audio,nan,,nan,,,-20.0,1193.2392211999977,srt
005,21,f,vandy,2,5,audio,nan,,nan,0.5884021000238135,0.5684021000238135,-20.0,1198.175252999994,srt
005,21,f,vandy,2,6,audio,nan,,nan,0.3921719999052584,0.3721719999052584,-20.0,1200.2039943999844,srt
005,21,f,vandy,2,7,visual,nan,,nan,,,-20.0,1203.5558929999825,srt
005,21,f,vandy,2,8,visual,nan,,nan,,,-20.0,1206.7511373999296,srt
005,21,f,vandy,2,9,visual,nan,,nan,,,-20.0,1211.2468439999502,srt
005,21,f,vandy,2,10,audio,nan,,nan,0.36034650006331503,0.340346500063315,-20.0,1216.074658999918,srt
005,21,f,vandy,2,11,audiovisual,nan,,nan,0.3383064999943599,0.3183064999943599,-20.0,1218.850346699939,srt
005,21,f,vandy,2,12,audio,nan,,nan,0.25410540006123483,0.23410540006123484,-20.0,1221.1077997999964,srt
005,21,f,vandy,2,13,audiovisual,nan,,nan,0.4143279999261722,0.3943279999261722,-20.0,1223.1709939999273,srt
005,21,f,vandy,2,14,visual,nan,,nan,,,-20.0,1225.0121219999855,srt
005,21,f,vandy,2,15,audio,nan,,nan,0.4004387999884784,0.3804387999884784,-20.0,1229.9588091999758,srt
005,21,f,vandy,2,16,visual,nan,,nan,,,-20.0,1231.6671676000115,srt
005,21,f,vandy,2,17,audio,nan,,nan,0.4137863999931142,0.39378639999311416,-20.0,1236.2415474000154,srt
005,21,f,vandy,2,18,visual,nan,,nan,,,-20.0,1238.215974099934,srt
005,21,f,vandy,2,19,audiovisual,nan,,nan,0.7736274000490084,0.7536274000490084,-20.0,1242.4576519000111,srt
005,21,f,vandy,2,20,visual,nan,,nan,,,-20.0,1246.112061199965,srt
005,21,f,vandy,2,21,visual,nan,,nan,,,-20.0,1249.2734129999299,srt
005,21,f,vandy,2,22,visual,nan,,nan,,,-20.0,1253.5143630999373,srt
005,21,f,vandy,2,23,visual,nan,,nan,,,-20.0,1256.9947553999955,srt
005,21,f,vandy,2,24,visual,nan,,nan,,,-20.0,1260.7706075999886,srt
005,21,f,vandy,2,25,visual,nan,,nan,,,-20.0,1265.0531229999615,srt
005,21,f,vandy,2,26,audiovisual,nan,,nan,,,-20.0,1268.34673869994,srt
005,21,f,vandy,2,27,visual,nan,,nan,,,-20.0,1272.2280041999184,srt
005,21,f,vandy,2,28,audio,nan,,nan,,,-20.0,1276.016675699968,srt
005,21,f,vandy,2,29,audiovisual,nan,,nan,,,-20.0,1279.4070661999285,srt
005,21,f,vandy,2,30,audio,nan,,nan,,,-20.0,1282.7008758999873,srt
005,21,f,vandy,2,31,visual,nan,,nan,,,-20.0,1286.8612633999437,srt
005,21,f,vandy,2,32,audio,nan,,nan,,,-20.0,1290.1285957000218,srt
005,21,f,vandy,2,33,audiovisual,nan,,nan,,,-20.0,1294.6653936000075,srt
005,21,f,vandy,2,34,visual,nan,,nan,,,-20.0,1299.3998223999515,srt
005,21,f,vandy,2,35,visual,nan,,nan,,,-20.0,1304.0950777999824,srt
005,21,f,vandy,2,36,visual,nan,,nan,,,-20.0,1307.243093399913,srt
005,21,f,vandy,2,37,visual,nan,,nan,,,-20.0,1311.4171007999685,srt
005,21,f,vandy,2,38,audio,nan,,nan,,,-20.0,1314.9671515999362,srt
005,21,f,vandy,2,39,audiovisual,nan,,nan,,,-20.0,1318.0872796999756,srt
005,21,f,vandy,2,40,audiovisual,nan,,nan,,,-20.0,1322.5825098999776,srt
005,21,f,vandy,2,41,audio,nan,,nan,,,-20.0,1325.6233920999803,srt
005,21,f,vandy,2,42,audio,nan,,nan,,,-20.0,1329.4644479999552,srt
005,21,f,vandy,2,43,audiovisual,nan,,nan,,,-20.0,1334.3873197999783,srt
005,21,f,vandy,2,44,audiovisual,nan,,nan,,,-20.0,1338.159564099973,srt
005,21,f,vandy,2,45,visual,nan,,nan,,,-20.0,1342.0942065999843,srt
005,21,f,vandy,2,46,audio,nan,,nan,,,-20.0,1347.1233926999848,srt
005,21,f,vandy,2,47,visual,nan,,nan,,,-20.0,1351.5512795000104,srt
005,21,f,vandy,2,48,audio,nan,,nan,,,-20.0,1355.0083687999286,srt
005,21,f,vandy,2,49,audiovisual,nan,,nan,,,-20.0,1358.460084500024,srt
005,21,f,vandy,2,50,audio,nan,,nan,,,-20.0,1363.4617225999245,srt
005,21,f,vandy,2,51,audiovisual,nan,,nan,,,-20.0,1367.6910033000167,srt
005,21,f,vandy,2,52,audiovisual,nan,,nan,,,-20.0,1372.0521238999208,srt
005,21,f,vandy,2,53,audiovisual,nan,,nan,,,-20.0,1376.8936394000193,srt
005,21,f,vandy,2,54,audio,nan,,nan,,,-20.0,1381.322367399931,srt
005,21,f,vandy,2,55,audiovisual,nan,,nan,,,-20.0,1386.0058447999181,srt
005,21,f,vandy,2,56,visual,nan,,nan,,,-20.0,1389.5542117999867,srt
005,21,f,vandy,2,57,audio,nan,,nan,,,-20.0,1393.0990380999865,srt
005,21,f,vandy,2,58,audio,nan,,nan,,,-20.0,1396.567359299981,srt
005,21,f,vandy,2,59,audio,nan,,nan,,,-20.0,1400.621703099925,srt
005,21,f,vandy,2,60,audio,nan,,nan,,,-20.0,1405.623955499963,srt
005,21,f,vandy,2,61,audiovisual,nan,,nan,,,-20.0,1410.1470937000122,srt
005,21,f,vandy,2,62,audio,nan,,nan,,,-20.0,1413.4938020999543,srt
005,21,f,vandy,2,63,visual,nan,,nan,,,-20.0,1417.8155629999237,srt
005,21,f,vandy,2,64,visual,nan,,nan,,,-20.0,1422.2697713000234,srt
005,21,f,vandy,2,65,visual,nan,,nan,,,-20.0,1426.2869260999141,srt
005,21,f,vandy,2,66,audio,nan,,nan,,,-20.0,1430.6474249999737,srt
005,21,f,vandy,2,67,audio,nan,,nan,,,-20.0,1434.1285951000173,srt
005,21,f,vandy,2,68,audio,nan,,nan,,,-20.0,1438.6907081999816,srt
005,21,f,vandy,2,69,audiovisual,nan,,nan,,,-20.0,1442.746017999947,srt
005,21,f,vandy,2,70,visual,nan,,nan,,,-20.0,1446.5328238999937,srt
005,21,f,vandy,2,71,audiovisual,nan,,nan,,,-20.0,1451.5210182999726,srt
005,21,f,vandy,2,72,audiovisual,nan,,nan,,,-20.0,1455.2163031999953,srt
005,21,f,vandy,2,73,audiovisual,nan,,nan,,,-20.0,1459.7244693000102,srt
005,21,f,vandy,2,74,audio,nan,,nan,,,-20.0,1464.4322901999112,srt
005,21,f,vandy,2,75,visual,nan,,nan,,,-20.0,1468.6079010999529,srt
005,21,f,vandy,2,76,visual,nan,,nan,,,-20.0,1472.141522699967,srt
005,21,f,vandy,2,77,audiovisual,nan,,nan,,,-20.0,1475.6240721999202,srt
005,21,f,vandy,2,78,audiovisual,nan,,nan,,,-20.0,1479.6518344000215,srt
005,21,f,vandy,2,79,audiovisual,nan,,nan,,,-20.0,1484.1868386999704,srt
005,21,f,vandy,2,80,audio,nan,,nan,,,-20.0,1488.6411731999833,srt
005,21,f,vandy,2,81,visual,nan,,nan,,,-20.0,1492.3223198999185,srt
005,21,f,vandy,2,82,visual,nan,,nan,,,-20.0,1496.6470295999898,srt
005,21,f,vandy,2,83,audiovisual,nan,,nan,,,-20.0,1500.8723758999258,srt
005,21,f,vandy,2,84,visual,nan,,nan,,,-20.0,1505.315286399913,srt
005,21,f,vandy,2,85,audio,nan,,nan,,,-20.0,1509.636974300025,srt
005,21,f,vandy,2,86,audiovisual,nan,,nan,,,-20.0,1513.9046625000192,srt
005,21,f,vandy,2,87,audio,nan,,nan,,,-20.0,1517.8383195999777,srt
005,21,f,vandy,2,88,visual,nan,,nan,,,-20.0,1522.6404417000012,srt
005,21,f,vandy,2,89,audiovisual,nan,,nan,,,-20.0,1527.1085559999337,srt
005,21,f,vandy,2,90,visual,nan,,nan,,,-20.0,1532.047032799921,srt
005,21,f,vandy,2,91,visual,nan,,nan,,,-20.0,1536.2188633999322,srt
005,21,f,vandy,2,92,audiovisual,nan,,nan,,,-20.0,1540.435775400023,srt
005,21,f,vandy,2,93,audiovisual,nan,,nan,,,-20.0,1544.3148759999312,srt
005,21,f,vandy,2,94,visual,nan,,nan,,,-20.0,1548.0101787999738,srt
005,21,f,vandy,2,95,visual,nan,,nan,,,-20.0,1551.971562599996,srt
005,21,f,vandy,2,96,audio,nan,,nan,,,-20.0,1555.7067755999742,srt
005,21,f,vandy,2,97,audiovisual,nan,,nan,,,-20.0,1560.3213707999093,srt
005,21,f,vandy,2,98,audio,nan,,nan,,,-20.0,1563.6168657999951,srt
005,21,f,vandy,2,99,visual,nan,,nan,,,-20.0,1567.8713750999887,srt
005,21,f,vandy,2,100,visual,nan,,nan,,,-20.0,1571.9515183999902,srt
005,21,f,vandy,2,101,audiovisual,nan,,nan,,,-20.0,1575.9532803000184,srt
005,21,f,vandy,2,102,visual,nan,,nan,,,-20.0,1579.060665500001,srt
005,21,f,vandy,2,103,audio,nan,,nan,,,-20.0,1582.6084346999414,srt
005,21,f,vandy,2,104,audio,nan,,nan,,,-20.0,1586.850841699983,srt
005,21,f,vandy,2,105,audio,nan,,nan,,,-20.0,1590.4912210999755,srt
005,21,f,vandy,2,106,audio,nan,,nan,,,-20.0,1594.4130781999556,srt
005,21,f,vandy,2,107,visual,nan,,nan,,,-20.0,1597.8673044999596,srt
005,21,f,vandy,2,108,visual,nan,,nan,,,-20.0,1601.762528299936,srt
005,21,f,vandy,2,109,audio,nan,,nan,,,-20.0,1606.6969042000128,srt
005,21,f,vandy,2,110,visual,nan,,nan,,,-20.0,1611.1395572000183,srt
005,21,f,vandy,2,111,audio,nan,,nan,,,-20.0,1615.4758594000014,srt
005,21,f,vandy,2,112,audiovisual,nan,,nan,,,-20.0,1620.4669911999954,srt
005,21,f,vandy,2,113,audio,nan,,nan,,,-20.0,1625.0254766999278,srt
005,21,f,vandy,2,114,audiovisual,nan,,nan,,,-20.0,1629.2531235999195,srt
005,21,f,vandy,2,115,audiovisual,nan,,nan,,,-20.0,1634.0538871999597,srt
005,21,f,vandy,2,116,visual,nan,,nan,,,-20.0,1638.5902150999755,srt
005,21,f,vandy,2,117,audio,nan,,nan,,,-20.0,1642.1520930000115,srt
005,21,f,vandy,2,118,audio,nan,,nan,,,-20.0,1646.698640699964,srt
005,21,f,vandy,2,119,audio,nan,,nan,,,-20.0,1651.3950605000136,srt
005,21,f,vandy,2,120,audio,nan,,nan,,,-20.0,1655.9688623999245,srt
005,21,f,vandy,2,121,audio,nan,,nan,,,-20.0,1659.1972979999846,srt
005,21,f,vandy,2,122,audiovisual,nan,,nan,,,-20.0,1664.2125422999961,srt
005,21,f,vandy,2,123,audiovisual,nan,,nan,,,-20.0,1667.8667447000043,srt
005,21,f,vandy,2,124,visual,nan,,nan,,,-20.0,1671.627774399938,srt
005,21,f,vandy,2,125,audiovisual,nan,,nan,,,-20.0,1674.7623643999686,srt
005,21,f,vandy,2,126,audiovisual,nan,,nan,,,-20.0,1678.5105900999624,srt
005,21,f,vandy,2,127,visual,nan,,nan,,,-20.0,1683.2584592999192,srt
005,21,f,vandy,2,128,audio,nan,,nan,,,-20.0,1687.5401228999253,srt
005,21,f,vandy,2,129,audio,nan,,nan,,,-20.0,1690.6371534999926,srt
005,21,f,vandy,2,130,visual,nan,,nan,,,-20.0,1694.4231177999172,srt
005,21,f,vandy,2,131,visual,nan,,nan,,,-20.0,1699.037616299931,srt
005,21,f,vandy,2,132,audio,nan,,nan,,,-20.0,1703.9070088999579,srt
005,21,f,vandy,2,133,audio,nan,,nan,,,-20.0,1707.2680609999225,srt
005,21,f,vandy,2,134,audio,nan,,nan,,,-20.0,1710.3764028999722,srt
005,21,f,vandy,2,135,visual,nan,,nan,,,-20.0,1714.6708258999279,srt
005,21,f,vandy,2,136,audio,nan,,nan,,,-20.0,1719.0322858999716,srt
005,21,f,vandy,2,137,visual,nan,,nan,,,-20.0,1723.7415861999616,srt
005,21,f,vandy,2,138,visual,nan,,nan,,,-20.0,1728.6370032000123,srt
005,21,f,vandy,2,139,audiovisual,nan,,nan,,,-20.0,1732.3302203000057,srt
005,21,f,vandy,2,140,audiovisual,nan,,nan,,,-20.0,1735.4383986999746,srt
005,21,f,vandy,2,141,audio,nan,,nan,,,-20.0,1738.5468133999966,srt
005,21,f,vandy,2,142,audiovisual,nan,,nan,,,-20.0,1743.1618306000018,srt
005,21,f,vandy,2,143,audio,nan,,nan,,,-20.0,1747.7092530999798,srt
005,21,f,vandy,2,144,audio,nan,,nan,,,-20.0,1751.9390792999184,srt
005,21,f,vandy,2,145,audio,nan,,nan,,,-20.0,1755.6341585000046,srt
005,21,f,vandy,2,146,audio,nan,,nan,,,-20.0,1759.394986399915,srt
005,21,f,vandy,2,147,audiovisual,nan,,nan,,,-20.0,1763.8480735999765,srt
005,21,f,vandy,2,148,visual,nan,,nan,,,-20.0,1768.5066056000069,srt
005,21,f,vandy,2,149,audiovisual,nan,,nan,,,-20.0,1772.9726578999544,srt
005,21,f,vandy,2,150,audiovisual,nan,,nan,,,-20.0,1776.9202717000153,srt
005,21,f,vandy,2,151,audio,nan,,nan,,,-20.0,1780.481806900003,srt
005,21,f,vandy,2,152,audiovisual,nan,,nan,,,-20.0,1784.2957706999732,srt
005,21,f,vandy,2,153,audio,nan,,nan,,,-20.0,1787.6975088999607,srt
005,21,f,vandy,2,154,visual,nan,,nan,,,-20.0,1792.2984889999498,srt
005,21,f,vandy,2,155,audiovisual,nan,,nan,,,-20.0,1797.2754435000243,srt
005,21,f,vandy,2,156,visual,nan,,nan,,,-20.0,1801.7154519999167,srt
005,21,f,vandy,2,157,visual,nan,,nan,,,-20.0,1804.9561283999356,srt
005,21,f,vandy,2,158,audiovisual,nan,,nan,,,-20.0,1808.7074096999131,srt
005,21,f,vandy,2,159,audio,nan,,nan,,,-20.0,1813.0002189999213,srt
005,21,f,vandy,2,160,audiovisual,nan,,nan,,,-20.0,1816.2957343999296,srt
005,21,f,vandy,2,161,audiovisual,nan,,nan,,,-20.0,1820.148757499992,srt
005,21,f,vandy,2,162,audiovisual,nan,,nan,,,-20.0,1823.7101922999136,srt
005,21,f,vandy,2,163,audio,nan,,nan,,,-20.0,1827.4193165999604,srt
005,21,f,vandy,2,164,audiovisual,nan,,nan,,,-20.0,1831.2465459000086,srt
005,21,f,vandy,2,165,audiovisual,nan,,nan,,,-20.0,1835.1142754999455,srt
005,21,f,vandy,2,166,visual,nan,,nan,,,-20.0,1838.9699005999137,srt
005,21,f,vandy,2,167,visual,nan,,nan,,,-20.0,1843.0666538999649,srt
005,21,f,vandy,2,168,audiovisual,nan,,nan,,,-20.0,1848.0794876000145,srt
005,21,f,vandy,2,169,visual,nan,,nan,,,-20.0,1851.960525900009,srt
005,21,f,vandy,2,170,visual,nan,,nan,,,-20.0,1855.3217475999845,srt
005,21,f,vandy,2,171,visual,nan,,nan,,,-20.0,1859.176696499926,srt
005,21,f,vandy,2,172,audiovisual,nan,,nan,,,-20.0,1863.726747400011,srt
005,21,f,vandy,2,173,audiovisual,nan,,nan,,,-20.0,1866.8058092999272,srt
005,21,f,vandy,2,174,audiovisual,nan,,nan,,,-20.0,1870.007529699942,srt
005,21,f,vandy,2,175,visual,nan,,nan,,,-20.0,1873.0754840999143,srt
005,21,f,vandy,2,176,visual,nan,,nan,,,-20.0,1878.0508870999329,srt
005,21,f,vandy,2,177,audiovisual,nan,,nan,,,-20.0,1882.4378909999505,srt
005,21,f,vandy,2,178,audiovisual,nan,,nan,,,-20.0,1885.8535740999505,srt
005,21,f,vandy,2,179,visual,nan,,nan,,,-20.0,1889.1473826000001,srt
005,21,f,vandy,2,180,audio,nan,,nan,,,-20.0,1892.3664561000187,srt
005,21,f,vandy,2,181,audio,nan,,nan,,,-20.0,1896.4477294000098,srt
005,21,f,vandy,2,182,audiovisual,nan,,nan,,,-20.0,1900.8057723999955,srt
005,21,f,vandy,2,183,audiovisual,nan,,nan,,,-20.0,1905.4473689999431,srt
005,21,f,vandy,2,184,visual,nan,,nan,,,-20.0,1909.7865901999176,srt
005,21,f,vandy,2,185,audiovisual,nan,,nan,,,-20.0,1913.72972329997,srt
005,21,f,vandy,2,186,audio,nan,,nan,,,-20.0,1918.6789137999294,srt
005,21,f,vandy,2,187,visual,nan,,nan,,,-20.0,1922.6396663999185,srt
005,21,f,vandy,2,188,audiovisual,nan,,nan,,,-20.0,1926.3078453999478,srt
005,21,f,vandy,2,189,audio,nan,,nan,,,-20.0,1929.8154683000175,srt
005,21,f,vandy,2,190,audiovisual,nan,,nan,,,-20.0,1934.7250836999156,srt
005,21,f,vandy,2,191,visual,nan,,nan,,,-20.0,1938.0583396999864,srt
005,21,f,vandy,2,192,audiovisual,nan,,nan,,,-20.0,1942.7677638999885,srt
005,21,f,vandy,2,193,visual,nan,,nan,,,-20.0,1947.635328699951,srt
005,21,f,vandy,2,194,audio,nan,,nan,,,-20.0,1952.6109674000181,srt
005,21,f,vandy,2,195,audio,nan,,nan,,,-20.0,1956.79872099997,srt
005,21,f,vandy,2,196,audio,nan,,nan,,,-20.0,1960.466775799985,srt
005,21,f,vandy,2,197,audio,nan,,nan,,,-20.0,1965.4285954999505,srt
005,21,f,vandy,2,198,audio,nan,,nan,,,-20.0,1968.9499370999401,srt
005,21,f,vandy,2,199,visual,nan,,nan,,,-20.0,1973.1128665999277,srt
005,21,f,vandy,2,200,audiovisual,nan,,nan,,,-20.0,1976.1525596999563,srt
005,21,f,vandy,2,201,audiovisual,nan,,nan,,,-20.0,1979.221783899935,srt
005,21,f,vandy,2,202,audiovisual,nan,,nan,,,-20.0,1982.4088929999853,srt
005,21,f,vandy,2,203,audiovisual,nan,,nan,,,-20.0,1985.8499758999096,srt
005,21,f,vandy,2,204,audio,nan,,nan,,,-20.0,1990.2244185999734,srt
005,21,f,vandy,2,205,audio,nan,,nan,,,-20.0,1995.0126885999925,srt
005,21,f,vandy,2,206,audiovisual,nan,,nan,,,-20.0,1998.681780999992,srt
005,21,f,vandy,2,207,audiovisual,nan,,nan,,,-20.0,2002.766179899918,srt
005,21,f,vandy,2,208,visual,nan,,nan,,,-20.0,2006.3499718999956,srt
005,21,f,vandy,2,209,audio,nan,,nan,,,-20.0,2009.93954079994,srt
005,21,f,vandy,2,210,visual,nan,,nan,,,-20.0,2013.0475683999248,srt
005,21,f,vandy,2,211,audio,nan,,nan,,,-20.0,2016.6739435999189,srt
005,21,f,vandy,2,212,audio,nan,,nan,,,-20.0,2021.1964467000216,srt
005,21,f,vandy,2,213,audio,nan,,nan,,,-20.0,2024.3304995999206,srt
005,21,f,vandy,2,214,visual,nan,,nan,,,-20.0,2029.1464606999652,srt
005,21,f,vandy,2,215,visual,nan,,nan,,,-20.0,2032.5470965999411,srt
005,21,f,vandy,2,216,audio,nan,,nan,,,-20.0,2036.6019879999803,srt
005,21,f,vandy,2,217,audio,nan,,nan,,,-20.0,2040.0058650999563,srt
005,21,f,vandy,2,218,audiovisual,nan,,nan,,,-20.0,2044.979255400016,srt
005,21,f,vandy,2,219,visual,nan,,nan,,,-20.0,2048.565899399924,srt
005,21,f,vandy,2,220,audiovisual,nan,,nan,,,-20.0,2052.5007618999807,srt
005,21,f,vandy,2,221,audio,nan,,nan,,,-20.0,2057.355562199955,srt
005,21,f,vandy,2,222,visual,nan,,nan,,,-20.0,2061.187091699918,srt
005,21,f,vandy,2,223,audio,nan,,nan,,,-20.0,2065.5996734999353,srt
005,21,f,vandy,2,224,audiovisual,nan,,nan,,,-20.0,2069.8266542999772,srt
005,21,f,vandy,2,225,audio,nan,,nan,,,-20.0,2074.749588400009,srt
005,21,f,vandy,2,226,audiovisual,nan,,nan,,,-20.0,2079.590524500003,srt
005,21,f,vandy,2,227,visual,nan,,nan,,,-20.0,2083.5789789999835,srt
005,21,f,vandy,2,228,audio,nan,,nan,,,-20.0,2087.2735441999976,srt
005,21,f,vandy,2,229,audiovisual,nan,,nan,,,-20.0,2092.2483731999528,srt
005,21,f,vandy,2,230,audio,nan,,nan,,,-20.0,2096.650153399911,srt
005,21,f,vandy,2,231,audiovisual,nan,,nan,,,-20.0,2100.158436400001,srt
005,21,f,vandy,2,232,audiovisual,nan,,nan,,,-20.0,2104.2660320999566,srt
005,21,f,vandy,2,233,audio,nan,,nan,,,-20.0,2108.1762233999325,srt
005,21,f,vandy,2,234,audiovisual,nan,,nan,,,-20.0,2112.8692433999386,srt
005,21,f,vandy,2,235,audiovisual,nan,,nan,,,-20.0,2116.0861989000114,srt
005,21,f,vandy,2,236,audiovisual,nan,,nan,,,-20.0,2119.6327084000222,srt
005,21,f,vandy,2,237,audio,nan,,nan,,,-20.0,2122.9668097000103,srt
005,21,f,vandy,2,238,audio,nan,,nan,,,-20.0,2127.8661954000127,srt
005,21,f,vandy,2,239,visual,nan,,nan,,,-20.0,2132.6658524000086,srt
005,21,f,vandy,2,240,audio,nan,,nan,,,-20.0,2137.1475621999707,srt
005,21,f,vandy,2,241,visual,nan,,nan,,,-20.0,2140.7746408999665,srt
005,21,f,vandy,2,242,audiovisual,nan,,nan,,,-20.0,2145.0817156999838,srt
005,21,f,vandy,2,243,visual,nan,,nan,,,-20.0,2148.975707100006,srt
005,21,f,vandy,2,244,visual,nan,,nan,,,-20.0,2153.3910547000123,srt
005,21,f,vandy,2,245,visual,nan,,nan,,,-20.0,2156.872305399971,srt
005,21,f,vandy,2,246,visual,nan,,nan,,,-20.0,2160.7802388999844,srt
005,21,f,vandy,2,247,audiovisual,nan,,nan,,,-20.0,2164.185331900022,srt
005,21,f,vandy,2,248,visual,nan,,nan,,,-20.0,2167.7964244999457,srt
005,21,f,vandy,2,249,audiovisual,nan,,nan,,,-20.0,2171.02376599994,srt
005,21,f,vandy,2,250,audiovisual,nan,,nan,,,-20.0,2175.38619999995,srt
005,21,f,vandy,2,251,visual,nan,,nan,,,-20.0,2179.119983599987,srt
005,21,f,vandy,2,252,audio,nan,,nan,,,-20.0,2182.496182499919,srt
005,21,f,vandy,2,253,visual,nan,,nan,,,-20.0,2186.709967199946,srt
005,21,f,vandy,2,254,visual,nan,,nan,,,-20.0,2190.737151499954,srt
005,21,f,vandy,2,255,audio,nan,,nan,,,-20.0,2195.0191261,srt
005,21,f,vandy,2,256,audio,nan,,nan,,,-20.0,2198.9006423000246,srt
005,21,f,vandy,2,257,audiovisual,nan,,nan,,,-20.0,2203.9168042999227,srt
005,21,f,vandy,2,258,audio,nan,,nan,,,-20.0,2208.917781399912,srt
005,21,f,vandy,2,259,audiovisual,nan,,nan,,,-20.0,2212.7202068999177,srt
005,21,f,vandy,2,260,audio,nan,,nan,,,-20.0,2216.280584599939,srt
005,21,f,vandy,2,261,audio,nan,,nan,,,-20.0,2220.686061399989,srt
005,21,f,vandy,2,262,audio,nan,,nan,,,-20.0,2223.7914012999972,srt
005,21,f,vandy,2,263,visual,nan,,nan,,,-20.0,2228.1924119999167,srt
005,21,f,vandy,2,264,audiovisual,nan,,nan,,,-20.0,2232.941098299925,srt
005,21,f,vandy,2,265,audio,nan,,nan,,,-20.0,2237.0484477999853,srt
005,21,f,vandy,2,266,visual,nan,,nan,,,-20.0,2242.076214200002,srt
005,21,f,vandy,2,267,visual,nan,,nan,,,-20.0,2246.090955300024,srt
005,21,f,vandy,2,268,visual,nan,,nan,,,-20.0,2251.026725600008,srt
005,21,f,vandy,2,269,audiovisual,nan,,nan,,,-20.0,2255.8679432999343,srt
005,21,f,vandy,2,270,audio,nan,,nan,,,-20.0,2259.789681599941,srt
005,21,f,vandy,2,271,audiovisual,nan,,nan,,,-20.0,2262.885801999946,srt
005,21,f,vandy,2,272,audiovisual,nan,,nan,,,-20.0,2267.674061400001,srt
005,21,f,vandy,2,273,audiovisual,nan,,nan,,,-20.0,2271.020538199926,srt
005,21,f,vandy,2,274,visual,nan,,nan,,,-20.0,2275.1685450000223,srt
005,21,f,vandy,2,275,audiovisual,nan,,nan,,,-20.0,2278.8232109999517,srt
005,21,f,vandy,2,276,audiovisual,nan,,nan,,,-20.0,2283.7181345999707,srt
005,21,f,vandy,2,277,visual,nan,,nan,,,-20.0,2287.6942872999934,srt
005,21,f,vandy,2,278,visual,nan,,nan,,,-20.0,2292.3359811999835,srt
005,21,f,vandy,2,279,audiovisual,nan,,nan,,,-20.0,2295.5758503999095,srt
005,21,f,vandy,2,280,visual,nan,,nan,,,-20.0,2299.79204249999,srt
005,21,f,vandy,2,281,audio,nan,,nan,,,-20.0,2304.7154259999515,srt
005,21,f,vandy,2,282,audio,nan,,nan,,,-20.0,2308.528736999957,srt
005,21,f,vandy,2,283,audiovisual,nan,,nan,,,-20.0,2311.8368287999183,srt
005,21,f,vandy,2,284,audiovisual,nan,,nan,,,-20.0,2315.9171480999794,srt
005,21,f,vandy,2,285,visual,nan,,nan,,,-20.0,2319.824692599941,srt
005,21,f,vandy,2,286,visual,nan,,nan,,,-20.0,2324.014265900012,srt
005,21,f,vandy,2,287,audiovisual,nan,,nan,,,-20.0,2328.4701561999973,srt
005,21,f,vandy,2,288,audio,nan,,nan,,,-20.0,2332.056070499937,srt
005,21,f,vandy,2,289,audio,nan,,nan,,,-20.0,2336.0455499999225,srt
005,21,f,vandy,2,290,audio,nan,,nan,,,-20.0,2341.005881899968,srt
005,21,f,vandy,2,291,visual,nan,,nan,,,-20.0,2344.794114099932,srt
005,21,f,vandy,2,292,visual,nan,,nan,,,-20.0,2348.9296763999155,srt
005,21,f,vandy,2,293,audio,nan,,nan,,,-20.0,2353.2903201999143,srt
005,21,f,vandy,2,294,visual,nan,,nan,,,-20.0,2358.133249199949,srt
005,21,f,vandy,2,295,audiovisual,nan,,nan,,,-20.0,2362.000054699951,srt
005,21,f,vandy,2,296,audiovisual,nan,,nan,,,-20.0,2365.5886987999547,srt
005,21,f,vandy,2,297,visual,nan,,nan,,,-20.0,2369.4564500999404,srt
005,21,f,vandy,2,298,audiovisual,nan,,nan,,,-20.0,2372.897530899965,srt
005,21,f,vandy,2,299,visual,nan,,nan,,,-20.0,2376.165771799977,srt
005,21,f,vandy,2,300,audiovisual,nan,,nan,,,-20.0,2379.7670167000033,srt
005,21,f,vandy,3,1,audiovisual,200,,1,2.122132199932821,2.102132199932821,-20.0,2521.122855899972,toj
005,21,f,vandy,3,2,audiovisual,250,,2,1.1479407000588253,1.1279407000588253,-20.0,2525.138870799914,toj
005,21,f,vandy,3,3,audiovisual,100,,1,3.016462500090711,2.996462500090711,-20.0,2528.0462392999325,toj
005,21,f,vandy,3,4,audiovisual,-250,,1,0.8660824000835419,0.8460824000835419,-20.0,2532.9832563999807,toj
005,21,f,vandy,3,5,audiovisual,-50,,2,3.041164799942635,3.021164799942635,-20.0,2535.248717300012,toj
005,21,f,vandy,3,6,audiovisual,-50,,1,1.5467979999957606,1.5267979999957606,-20.0,2540.0233252999606,toj
005,21,f,vandy,3,7,audiovisual,-200,,2,0.885351000004448,0.865351000004448,-20.0,2542.944441200001,toj
005,21,f,vandy,3,8,audiovisual,-200,,1,1.063087199931033,1.043087199931033,-20.0,2545.403348300024,toj
005,21,f,vandy,3,9,audiovisual,-200,,1,1.1737208999693394,1.1537208999693394,-20.0,2547.706055299961,toj
005,21,f,vandy,3,10,audiovisual,-100,,2,0.9089090999914333,0.8889090999914333,-20.0,2550.907032500021,toj
005,21,f,vandy,3,11,audiovisual,200,,1,0.9745736999902874,0.9545736999902874,-20.0,2553.6033262999263,toj
005,21,f,vandy,3,12,audiovisual,50,,1,1.000914099975489,0.9809140999754891,-20.0,2555.949888699921,toj
005,21,f,vandy,3,13,audiovisual,200,,1,0.9724486999912187,0.9524486999912187,-20.0,2558.0836667999392,toj
005,21,f,vandy,3,14,audiovisual,300,,2,0.9211370000848547,0.9011370000848546,-20.0,2560.617213999969,toj
005,21,f,vandy,3,15,audiovisual,300,,1,1.2283167999703437,1.2083167999703437,-20.0,2562.804567000014,toj
005,21,f,vandy,3,16,audiovisual,100,,1,1.123287900001742,1.103287900001742,-20.0,2565.9138379999204,toj
005,21,f,vandy,3,17,audiovisual,200,,2,0.8537723999470472,0.8337723999470472,-20.0,2568.4631321999477,toj
005,21,f,vandy,3,18,audiovisual,-300,,1,1.0140948999905959,0.9940948999905959,-20.0,2570.92812279996,toj
005,21,f,vandy,3,19,audiovisual,150,,1,0.8149191000266001,0.7949191000266,-20.0,2573.4359544999897,toj
005,21,f,vandy,3,20,audiovisual,50,,1,0.814523599925451,0.794523599925451,-20.0,2575.6107429999392,toj
005,21,f,vandy,3,21,audiovisual,150,,2,1.2274169999873266,1.2074169999873265,-20.0,2577.904712199932,toj
005,21,f,vandy,3,22,audiovisual,-250,,2,1.0803566999966279,1.0603566999966278,-20.0,2581.144746499951,toj
005,21,f,vandy,3,23,audiovisual,-250,,1,1.6409115999704227,1.6209115999704227,-20.0,2583.373108699918,toj
005,21,f,vandy,3,24,audiovisual,-300,,1,1.2541886999970302,1.2341886999970302,-20.0,2587.0272158000153,toj
005,21,f,vandy,3,25,audiovisual,-300,,1,1.200369599973783,1.1803695999737829,-20.0,2589.3220476999413,toj
005,21,f,vandy,3,26,audiovisual,-250,,1,1.0006076999707147,0.9806076999707147,-20.0,2592.0155367999105,toj
005,21,f,vandy,3,27,audiovisual,-200,,1,0.9341329999733716,0.9141329999733716,-20.0,2594.456313499948,toj
005,21,f,vandy,3,28,audiovisual,-100,,1,0.6271238999906927,0.6071238999906927,-20.0,2597.017610399984,toj
005,21,f,vandy,3,29,audiovisual,-100,,1,0.5732293000910431,0.5532293000910431,-20.0,2599.5648443999235,toj
005,21,f,vandy,3,30,audiovisual,300,,1,1.643066499964334,1.623066499964334,-20.0,2601.6591434999136,toj
005,21,f,vandy,3,31,audiovisual,-300,,1,1.9084192999871448,1.8884192999871448,-20.0,2604.902798099909,toj
005,21,f,vandy,3,32,audiovisual,150,,1,1.0525419999612495,1.0325419999612495,-20.0,2608.2758801999735,toj
005,21,f,vandy,3,33,audiovisual,100,,1,0.5207808000268415,0.5007808000268414,-20.0,2610.435321499943,toj
005,21,f,vandy,3,34,audiovisual,300,,2,0.5603264000965282,0.5403264000965282,-20.0,2612.2766071999213,toj
005,21,f,vandy,3,35,audiovisual,300,,2,0.799727899953723,0.7797278999537229,-20.0,2614.8112387999427,toj
005,21,f,vandy,3,36,audiovisual,200,,2,0.8440139000304043,0.8240139000304043,-20.0,2617.3179185999325,toj
005,21,f,vandy,3,37,audiovisual,-250,,1,0.8672079000389203,0.8472079000389203,-20.0,2619.802938299952,toj
005,21,f,vandy,3,38,audiovisual,-250,,1,2.0159544999478385,1.9959544999478385,-20.0,2622.320231599966,toj
005,21,f,vandy,3,39,audiovisual,250,,2,0.5339705999940634,0.5139705999940634,-20.0,2626.0832115999656,toj
005,21,f,vandy,3,40,audiovisual,0,,1,0.8945490999612957,0.8745490999612957,-20.0,2628.002924399916,toj
005,21,f,vandy,3,41,audiovisual,100,,1,1.135773399961181,1.115773399961181,-20.0,2630.10993019992,toj
005,21,f,vandy,3,42,audiovisual,-200,,1,1.3745368999661878,1.3545368999661878,-20.0,2632.3629943999695,toj
005,21,f,vandy,3,43,audiovisual,-150,,1,1.0678570000454783,1.0478570000454783,-20.0,2635.418362499913,toj
005,21,f,vandy,3,44,audiovisual,-150,,1,1.0432935999706388,1.0232935999706387,-20.0,2638.0466971999267,toj
005,21,f,vandy,3,45,audiovisual,-300,,1,1.6676156999310479,1.6476156999310478,-20.0,2640.9031781000085,toj
005,21,f,vandy,3,46,audiovisual,-150,,1,0.82835129997693,0.80835129997693,-20.0,2643.6209946000017,toj
005,21,f,vandy,3,47,audiovisual,0,,1,2.05331660003867,2.03331660003867,-20.0,2646.4630759999854,toj
005,21,f,vandy,3,48,audiovisual,-150,,1,1.0544051999459043,1.0344051999459043,-20.0,2649.956839599996,toj
005,21,f,vandy,3,49,audiovisual,-300,,1,0.8531919000670314,0.8331919000670314,-20.0,2652.2513380999444,toj
005,21,f,vandy,3,50,audiovisual,-300,,1,0.9738418000051752,0.9538418000051752,-20.0,2654.424690500018,toj
005,21,f,vandy,3,51,audiovisual,-300,,1,1.0267908999230713,1.0067908999230712,-20.0,2656.6393513999647,toj
005,21,f,vandy,3,52,audiovisual,-300,,1,1.0266300000948831,1.0066300000948831,-20.0,2658.773311499972,toj
005,21,f,vandy,3,53,audiovisual,100,,1,0.9346038999501616,0.9146038999501616,-20.0,2661.5074081999483,toj
005,21,f,vandy,3,54,audiovisual,100,,1,1.0537672999780625,1.0337672999780625,-20.0,2664.4433411000064,toj
005,21,f,vandy,3,55,audiovisual,150,,1,1.1614569999510422,1.1414569999510422,-20.0,2667.257014199975,toj
005,21,f,vandy,3,56,audiovisual,250,,1,0.9743039000313729,0.9543039000313729,-20.0,2669.684446899919,toj
005,21,f,vandy,3,57,audiovisual,200,,2,1.0800806001061574,1.0600806001061573,-20.0,2672.498848499963,toj
005,21,f,vandy,3,58,audiovisual,50,,2,0.6810980000300333,0.6610980000300333,-20.0,2674.98285089992,toj
005,21,f,vandy,3,59,audiovisual,-300,,1,0.9203324998961762,0.9003324998961761,-20.0,2676.7139813000103,toj
005,21,f,vandy,3,60,audiovisual,-300,,1,1.106169500038959,1.086169500038959,-20.0,2678.7829975999193,toj
005,21,f,vandy,3,61,audiovisual,200,,1,1.0538718000752851,1.0338718000752851,-20.0,2681.8090851999586,toj
005,21,f,vandy,3,62,audiovisual,300,,1,1.26763919997029,1.24763919997029,-20.0,2684.303409899934,toj
005,21,f,vandy,3,63,audiovisual,250,,2,1.3523840999696404,1.3323840999696404,-20.0,2687.42385989998,toj
005,21,f,vandy,3,64,audiovisual,0,,2,1.1871403000550345,1.1671403000550344,-20.0,2690.4829463999486,toj
005,21,f,vandy,3,65,audiovisual,-50,,1,0.9464428999926895,0.9264428999926895,-20.0,2693.425831199973,toj
005,21,f,vandy,3,66,audiovisual,100,,1,0.8536065999651328,0.8336065999651328,-20.0,2696.2932466999628,toj
005,21,f,vandy,3,67,audiovisual,200,,1,0.6813277000328526,0.6613277000328526,-20.0,2698.7746333999094,toj
005,21,f,vandy,3,68,audiovisual,150,,2,1.0273318000836298,1.0073318000836298,-20.0,2700.802836099989,toj
005,21,f,vandy,3,69,audiovisual,0,,1,0.45468500000424683,0.4346850000042468,-20.0,2703.803060099948,toj
005,21,f,vandy,3,70,audiovisual,-250,,1,0.5208765000570565,0.5008765000570565,-20.0,2706.111977200024,toj
005,21,f,vandy,3,71,audiovisual,-300,,1,0.7375659999670461,0.7175659999670461,-20.0,2708.512198899989,toj
005,21,f,vandy,3,72,audiovisual,50,,1,1.5461611000355333,1.5261611000355333,-20.0,2710.902827700018,toj
005,21,f,vandy,3,73,audiovisual,200,,2,0.4782348999287933,0.4582348999287933,-20.0,2713.993060800014,toj
005,21,f,vandy,3,74,audiovisual,-100,,2,0.6937995000043884,0.6737995000043884,-20.0,2715.8207183999475,toj
005,21,f,vandy,3,75,audiovisual,-100,,2,0.8402173999929801,0.82021739999298,-20.0,2718.355212699971,toj
005,21,f,vandy,3,76,audiovisual,-100,,2,0.6933838999830186,0.6733838999830186,-20.0,2720.450084900018,toj
005,21,f,vandy,3,77,audiovisual,250,,2,0.9347364000277594,0.9147364000277594,-20.0,2722.610718699987,toj
005,21,f,vandy,3,78,audiovisual,250,,2,1.0542914000106975,1.0342914000106975,-20.0,2725.492507899995,toj
005,21,f,vandy,3,79,audiovisual,200,,2,1.2036504000425339,1.1836504000425339,-20.0,2728.345972399926,toj
005,21,f,vandy,3,80,audiovisual,-250,,1,2.0159771000035107,1.9959771000035107,-20.0,2731.242850099923,toj
005,21,f,vandy,3,81,audiovisual,-100,,1,1.8014231000561267,1.7814231000561267,-20.0,2735.1228343999246,toj
005,21,f,vandy,3,82,audiovisual,-100,,1,2.5204440999077633,2.5004440999077633,-20.0,2738.417710599955,toj
005,21,f,vandy,3,83,audiovisual,-50,,1,1.4547735000960529,1.4347735000960529,-20.0,2742.138033199939,toj
005,21,f,vandy,3,84,audiovisual,150,,2,3.0667131999507546,3.0467131999507546,-20.0,2745.272086599958,toj
005,21,f,vandy,3,85,audiovisual,100,,2,1.439912399975583,1.419912399975583,-20.0,2749.513243599911,toj
005,21,f,vandy,3,86,audiovisual,200,,2,0.9614485000493005,0.9414485000493005,-20.0,2752.327719099936,toj
005,21,f,vandy,3,87,audiovisual,150,,2,1.227089099935256,1.207089099935256,-20.0,2755.090633600019,toj
005,21,f,vandy,3,88,audiovisual,150,,2,1.4810843999730423,1.4610843999730423,-20.0,2757.8907105999533,toj
005,21,f,vandy,3,89,audiovisual,-200,,2,1.213059899979271,1.193059899979271,-20.0,2760.54514079995,toj
005,21,f,vandy,3,90,audiovisual,-50,,2,1.703631200012751,1.683631200012751,-20.0,2762.9055851999437,toj
005,21,f,vandy,3,91,audiovisual,-100,,1,0.8800343000330031,0.8600343000330031,-20.0,2766.10706770001,toj
005,21,f,vandy,3,92,audiovisual,-50,,1,1.095800600014627,1.075800600014627,-20.0,2768.6139175000135,toj
005,21,f,vandy,3,93,audiovisual,0,,1,1.1332532000960782,1.1132532000960782,-20.0,2771.403439900023,toj
005,21,f,vandy,3,94,audiovisual,0,,1,0.8666899000527337,0.8466899000527337,-20.0,2773.802842999925,toj
005,21,f,vandy,3,95,audiovisual,-200,,1,0.9740680000977591,0.954068000097759,-20.0,2776.5231102999533,toj
005,21,f,vandy,3,96,audiovisual,300,,1,1.5209344000322744,1.5009344000322744,-20.0,2779.3378014999907,toj
005,21,f,vandy,3,97,audiovisual,100,,2,0.8788805000949651,0.8588805000949651,-20.0,2782.7799278999446,toj
005,21,f,vandy,3,98,audiovisual,0,,1,1.1709974999539554,1.1509974999539554,-20.0,2785.3265131999506,toj
005,21,f,vandy,3,99,audiovisual,-250,,1,1.1851131999865174,1.1651131999865174,-20.0,2788.034530999954,toj
005,21,f,vandy,3,100,audiovisual,-200,,1,0.8122959000756964,0.7922959000756964,-20.0,2790.289186400012,toj
005,21,f,vandy,3,101,audiovisual,0,,2,1.2926728000165895,1.2726728000165894,-20.0,2792.3954541999847,toj
005,21,f,vandy,3,102,audiovisual,-250,,1,1.1862421999685466,1.1662421999685466,-20.0,2794.9167662999826,toj
005,21,f,vandy,3,103,audiovisual,-150,,2,1.2272642999887466,1.2072642999887466,-20.0,2797.451564399991,toj
005,21,f,vandy,3,104,audiovisual,300,,1,0.747161400038749,0.727161400038749,-20.0,2800.6652859000023,toj
005,21,f,vandy,3,105,audiovisual,150,,2,1.1061381999170408,1.0861381999170407,-20.0,2802.6669474999653,toj
005,21,f,vandy,3,106,audiovisual,150,,2,0.9086220000172034,0.8886220000172034,-20.0,2805.2935398999834,toj
005,21,f,vandy,3,107,audiovisual,-100,,2,0.8262231999542564,0.8062231999542564,-20.0,2807.6037069999147,toj
005,21,f,vandy,3,108,audiovisual,300,,2,0.5337498999433592,0.5137498999433592,-20.0,2809.469973200001,toj
005,21,f,vandy,3,109,audiovisual,-100,,2,0.5728848000289872,0.5528848000289872,-20.0,2811.043803800014,toj
005,21,f,vandy,3,110,audiovisual,150,,2,0.506107599940151,0.48610759994015096,-20.0,2813.203571100021,toj
005,21,f,vandy,3,111,audiovisual,-200,,1,1.6397466999478638,1.6197466999478638,-20.0,2815.2174959999975,toj
005,21,f,vandy,3,112,audiovisual,200,,1,0.972746100043878,0.9527461000438779,-20.0,2818.365316499956,toj
005,21,f,vandy,3,113,audiovisual,50,,1,0.7490567000349984,0.7290567000349983,-20.0,2820.566345499945,toj
005,21,f,vandy,3,114,audiovisual,300,,2,0.5463326999451965,0.5263326999451965,-20.0,2822.9028577000136,toj
005,21,f,vandy,3,115,audiovisual,0,,1,1.827189499977976,1.807189499977976,-20.0,2824.8746059999103,toj
005,21,f,vandy,3,116,audiovisual,-50,,1,0.8658241999801248,0.8458241999801248,-20.0,2827.7557817000197,toj
005,21,f,vandy,3,117,audiovisual,-200,,1,1.295351600041613,1.275351600041613,-20.0,2830.196070499951,toj
005,21,f,vandy,3,118,audiovisual,250,,1,1.039670699974522,1.019670699974522,-20.0,2833.212068699999,toj
005,21,f,vandy,3,119,audiovisual,-100,,1,1.4276241000043228,1.4076241000043228,-20.0,2835.70527019992,toj
005,21,f,vandy,3,120,audiovisual,-100,,2,0.9216211000457406,0.9016211000457406,-20.0,2839.065931799938,toj
005,21,f,vandy,3,121,audiovisual,-300,,2,1.1065614999970421,1.086561499997042,-20.0,2841.042653899989,toj
005,21,f,vandy,3,122,audiovisual,0,,2,1.3084453999763355,1.2884453999763354,-20.0,2843.7347481999313,toj
005,21,f,vandy,3,123,audiovisual,300,,1,1.7188265000004321,1.6988265000004321,-20.0,2846.683316499926,toj
005,21,f,vandy,3,124,audiovisual,-200,,1,0.800279299961403,0.780279299961403,-20.0,2849.523725599982,toj
005,21,f,vandy,3,125,audiovisual,-300,,1,3.6441529999719933,3.6241529999719932,-20.0,2852.257551699993,toj
005,21,f,vandy,3,126,audiovisual,250,,1,1.0275841999100521,1.007584199910052,-20.0,2857.6626108000055,toj
005,21,f,vandy,3,127,audiovisual,300,,2,1.521065599983558,1.501065599983558,-20.0,2860.6339191999286,toj
005,21,f,vandy,3,128,audiovisual,200,,2,0.7605447999667376,0.7405447999667376,-20.0,2864.129691099981,toj
005,21,f,vandy,3,129,audiovisual,250,,2,0.5582767999731004,0.5382767999731004,-20.0,2866.090576599934,toj
005,21,f,vandy,3,130,audiovisual,-200,,2,0.8531483000842854,0.8331483000842854,-20.0,2868.303403500002,toj
005,21,f,vandy,3,131,audiovisual,150,,2,2.120302699971944,2.100302699971944,-20.0,2870.43814079999,toj
005,21,f,vandy,3,132,audiovisual,50,,1,0.9876625000033528,0.9676625000033527,-20.0,2873.6928506999975,toj
005,21,f,vandy,3,133,audiovisual,250,,1,0.9096871000947431,0.889687100094743,-20.0,2876.320771300001,toj
005,21,f,vandy,3,134,audiovisual,50,,1,0.6931520000798628,0.6731520000798628,-20.0,2879.203047899995,toj
005,21,f,vandy,3,135,audiovisual,-200,,1,0.974497799994424,0.954497799994424,-20.0,2881.7081041999627,toj
005,21,f,vandy,3,136,audiovisual,-50,,1,1.0142177999950945,0.9942177999950945,-20.0,2884.4436244999524,toj
005,21,f,vandy,3,137,audiovisual,50,,1,0.8799141000490636,0.8599141000490635,-20.0,2887.430205199984,toj
005,21,f,vandy,3,138,audiovisual,300,,2,0.4925364999799058,0.47253649997990577,-20.0,2889.4583682999946,toj
005,21,f,vandy,3,139,audiovisual,0,,2,1.0130369000835344,0.9930369000835344,-20.0,2891.68524339993,toj
005,21,f,vandy,3,140,audiovisual,-150,,1,0.9058745999354869,0.8858745999354869,-20.0,2893.7398560999427,toj
005,21,f,vandy,3,141,audiovisual,-150,,1,0.9595937000121921,0.9395937000121921,-20.0,2896.1266397999134,toj
005,21,f,vandy,3,142,audiovisual,250,,1,0.8128407999174669,0.7928407999174669,-20.0,2898.7675818999996,toj
005,21,f,vandy,3,143,audiovisual,-50,,1,0.9191850000061095,0.8991850000061095,-20.0,2901.088927799952,toj
005,21,f,vandy,3,144,audiovisual,-250,,2,1.7064840999664739,1.6864840999664739,-20.0,2903.396197999944,toj
005,21,f,vandy,3,145,audiovisual,100,,1,0.8144919000333175,0.7944919000333175,-20.0,2906.398001799942,toj
005,21,f,vandy,3,146,audiovisual,-150,,1,1.3900639000348747,1.3700639000348747,-20.0,2908.852438599919,toj
005,21,f,vandy,3,147,audiovisual,100,,1,0.7486749000381678,0.7286749000381678,-20.0,2911.482558800024,toj
005,21,f,vandy,3,148,audiovisual,-200,,1,1.1331985000288114,1.1131985000288114,-20.0,2913.683276899974,toj
005,21,f,vandy,3,149,audiovisual,0,,1,1.480169799993746,1.460169799993746,-20.0,2916.2544478999916,toj
005,21,f,vandy,3,150,audiovisual,50,,2,1.1331049000145867,1.1131049000145867,-20.0,2919.2031138999155,toj
005,21,f,vandy,3,151,audiovisual,100,,2,0.9734376000706106,0.9534376000706106,-20.0,2921.6969867999433,toj
005,21,f,vandy,3,152,audiovisual,-200,,2,0.8670746999559924,0.8470746999559924,-20.0,2923.977224799921,toj
005,21,f,vandy,3,153,audiovisual,150,,1,0.97137120005209,0.95137120005209,-20.0,2926.738062600023,toj
005,21,f,vandy,3,154,audiovisual,200,,1,1.3076338999671862,1.2876338999671861,-20.0,2929.434038599953,toj
005,21,f,vandy,3,155,audiovisual,-150,,1,1.2268818999873474,1.2068818999873474,-20.0,2932.7673518999945,toj
005,21,f,vandy,3,156,audiovisual,250,,1,1.2009554000105709,1.1809554000105709,-20.0,2935.0482138999505,toj
005,21,f,vandy,3,157,audiovisual,-200,,1,1.001835300005041,0.981835300005041,-20.0,2937.9030208999757,toj
005,21,f,vandy,3,158,audiovisual,50,,1,0.8657856000354514,0.8457856000354513,-20.0,2940.8110679999227,toj
005,21,f,vandy,3,159,audiovisual,200,,1,0.8979895000811666,0.8779895000811666,-20.0,2942.730559299933,toj
005,21,f,vandy,3,160,audiovisual,-50,,1,0.6409605999942869,0.6209605999942869,-20.0,2945.6027863000054,toj
005,21,f,vandy,3,161,audiovisual,0,,1,0.5359572999877855,0.5159572999877855,-20.0,2947.8926986999577,toj
005,21,f,vandy,3,162,audiovisual,50,,1,0.7208956000395119,0.7008956000395119,-20.0,2949.483261000016,toj
005,21,f,vandy,3,163,audiovisual,-50,,1,0.6416780999861658,0.6216780999861657,-20.0,2951.9205898999935,toj
005,21,f,vandy,3,164,audiovisual,-250,,1,1.3457141999388114,1.3257141999388113,-20.0,2954.388813999947,toj
005,21,f,vandy,3,165,audiovisual,150,,1,1.3073657000204548,1.2873657000204548,-20.0,2957.055585299968,toj
005,21,f,vandy,3,166,audiovisual,0,,1,0.8128649001009762,0.7928649001009762,-20.0,2959.684080799925,toj
005,21,f,vandy,3,167,audiovisual,-300,,1,0.759693400003016,0.739693400003016,-20.0,2962.0041033999296,toj
005,21,f,vandy,3,168,audiovisual,-150,,1,1.0155770999845117,0.9955770999845117,-20.0,2964.285797199933,toj
005,21,f,vandy,3,169,audiovisual,-100,,1,0.9862862000009045,0.9662862000009045,-20.0,2966.462463199976,toj
005,21,f,vandy,3,170,audiovisual,100,,1,0.9078811999643221,0.8878811999643221,-20.0,2968.993704699911,toj
005,21,f,vandy,3,171,audiovisual,-100,,1,0.8813360999338329,0.8613360999338329,-20.0,2971.543399499962,toj
005,21,f,vandy,3,172,audiovisual,150,,1,1.0134263000218198,0.9934263000218198,-20.0,2974.3162786000175,toj
005,21,f,vandy,3,173,audiovisual,50,,1,0.7743112999014556,0.7543112999014556,-20.0,2976.5301915999735,toj
005,21,f,vandy,3,174,audiovisual,100,,1,0.9568445000331849,0.9368445000331849,-20.0,2979.1709297000198,toj
005,21,f,vandy,3,175,audiovisual,200,,1,1.0263643999351189,1.0063643999351188,-20.0,2981.8388244999805,toj
005,21,f,vandy,3,176,audiovisual,-50,,1,0.935822399915196,0.915822399915196,-20.0,2984.346265799948,toj
005,21,f,vandy,3,177,audiovisual,-250,,1,0.9204389000078663,0.9004389000078663,-20.0,2986.6828416999197,toj
005,21,f,vandy,3,178,audiovisual,-200,,1,0.8000875000143424,0.7800875000143423,-20.0,2989.5748400000157,toj
005,21,f,vandy,3,179,audiovisual,-100,,1,0.9072635999182239,0.8872635999182239,-20.0,2992.3357953999657,toj
005,21,f,vandy,3,180,audiovisual,0,,1,0.8673211999703199,0.8473211999703198,-20.0,2994.9366687999573,toj
005,21,f,vandy,3,181,audiovisual,-250,,1,0.8668588999425992,0.8468588999425992,-20.0,2997.4574480999727,toj
005,21,f,vandy,3,182,audiovisual,100,,1,2.841117199975997,2.821117199975997,-20.0,2999.978508699918,toj
005,21,f,vandy,3,183,audiovisual,-100,,1,2.0798145999433473,2.0598145999433473,-20.0,3004.1942341999384,toj
005,21,f,vandy,3,184,audiovisual,-200,,1,1.0680747999576852,1.0480747999576852,-20.0,3007.6747262999415,toj
005,21,f,vandy,3,185,audiovisual,0,,1,1.1325584000442177,1.1125584000442177,-20.0,3010.6234559000004,toj
005,21,f,vandy,3,186,audiovisual,-250,,2,0.9609471999574453,0.9409471999574452,-20.0,3013.1163637000136,toj
005,21,f,vandy,3,187,audiovisual,-50,,1,1.2659706000704318,1.2459706000704318,-20.0,3015.2641013999237,toj
005,21,f,vandy,3,188,audiovisual,-100,,1,0.840747700072825,0.8207477000728249,-20.0,3017.6779244999634,toj
005,21,f,vandy,3,189,audiovisual,-300,,1,0.7748129999963567,0.7548129999963566,-20.0,3020.5324631999247,toj
005,21,f,vandy,3,190,audiovisual,100,,1,0.7337922999868169,0.7137922999868169,-20.0,3022.442516100011,toj
005,21,f,vandy,3,191,audiovisual,50,,2,0.7623244000133127,0.7423244000133127,-20.0,3024.5071830999805,toj
005,21,f,vandy,3,192,audiovisual,-250,,1,0.931572400033474,0.911572400033474,-20.0,3027.0828319999855,toj
005,21,f,vandy,3,193,audiovisual,250,,2,0.8409501999849454,0.8209501999849453,-20.0,3029.3625256000087,toj
005,21,f,vandy,3,194,audiovisual,50,,2,0.5483493999345228,0.5283493999345228,-20.0,3031.644722199999,toj
005,21,f,vandy,3,195,audiovisual,200,,2,0.5337616000324488,0.5137616000324488,-20.0,3034.111813799944,toj
005,21,f,vandy,3,196,audiovisual,300,,2,0.9324660999700427,0.9124660999700427,-20.0,3036.232310399995,toj
005,21,f,vandy,3,197,audiovisual,-50,,2,0.8142492000479251,0.7942492000479251,-20.0,3038.418762999936,toj
005,21,f,vandy,3,198,audiovisual,-100,,1,0.7442871999228373,0.7242871999228373,-20.0,3041.2200084999204,toj
005,21,f,vandy,3,199,audiovisual,-250,,2,1.4814782999455929,1.4614782999455929,-20.0,3043.00725159992,toj
005,21,f,vandy,3,200,audiovisual,-50,,1,0.9461898999288678,0.9261898999288678,-20.0,3046.142665399937,toj
005,21,f,vandy,3,201,audiovisual,150,,2,0.8947388000087813,0.8747388000087812,-20.0,3048.2894854999613,toj
005,21,f,vandy,3,202,audiovisual,-100,,2,0.7458912999136373,0.7258912999136373,-20.0,3050.9166061999276,toj
005,21,f,vandy,3,203,audiovisual,50,,1,1.0663639000849798,1.0463639000849798,-20.0,3052.7576849999605,toj
005,21,f,vandy,3,204,audiovisual,50,,1,0.7206583999795839,0.7006583999795839,-20.0,3055.4251846999396,toj
005,21,f,vandy,3,205,audiovisual,-250,,2,0.8639186000218615,0.8439186000218615,-20.0,3058.1192680000095,toj
005,21,f,vandy,3,206,audiovisual,0,,2,0.8791114999912679,0.8591114999912679,-20.0,3060.347272999934,toj
005,21,f,vandy,3,207,audiovisual,-200,,2,0.7213180999970064,0.7013180999970063,-20.0,3062.2827787999995,toj
005,21,f,vandy,3,208,audiovisual,150,,1,0.627383999992162,0.607383999992162,-20.0,3064.842689299956,toj
005,21,f,vandy,3,209,audiovisual,-100,,1,0.6130928000202402,0.5930928000202402,-20.0,3066.6837064999854,toj
005,21,f,vandy,3,210,audiovisual,-300,,1,0.8529030999634415,0.8329030999634415,-20.0,3068.4167236000067,toj
005,21,f,vandy,3,211,audiovisual,-50,,2,0.4525730999885127,0.4325730999885127,-20.0,3070.5775895999977,toj
005,21,f,vandy,3,212,audiovisual,-150,,2,0.5200870000990108,0.5000870000990107,-20.0,3072.377889399999,toj
005,21,f,vandy,3,213,audiovisual,-150,,1,0.5858737999806181,0.565873799980618,-20.0,3074.018798099947,toj
005,21,f,vandy,3,214,audiovisual,-200,,1,0.6030256000813097,0.5830256000813097,-20.0,3076.4193429999286,toj
005,21,f,vandy,3,215,audiovisual,0,,1,0.6405567999463528,0.6205567999463528,-20.0,3078.702399199945,toj
005,21,f,vandy,3,216,audiovisual,50,,2,0.5463565000100061,0.5263565000100061,-20.0,3081.2077753000194,toj
005,21,f,vandy,3,217,audiovisual,100,,1,0.6682199999922886,0.6482199999922886,-20.0,3083.355443699984,toj
005,21,f,vandy,3,218,audiovisual,300,,2,0.5188289999496192,0.49882899994961916,-20.0,3085.703991999966,toj
005,21,f,vandy,3,219,audiovisual,-50,,1,0.6005297000519931,0.5805297000519931,-20.0,3087.4634667999344,toj
005,21,f,vandy,3,220,audiovisual,300,,1,0.6793216000078246,0.6593216000078246,-20.0,3089.35892769997,toj
005,21,f,vandy,3,221,audiovisual,300,,2,0.4412292999913916,0.4212292999913916,-20.0,3091.9320939999307,toj
005,21,f,vandy,3,222,audiovisual,-100,,2,0.41381459997501224,0.3938145999750122,-20.0,3094.186864599935,toj
005,21,f,vandy,3,223,audiovisual,-250,,1,0.7850366999628022,0.7650366999628022,-20.0,3096.081814199919,toj
005,21,f,vandy,3,224,audiovisual,300,,1,0.6271840000990778,0.6071840000990778,-20.0,3097.9881084000226,toj
005,21,f,vandy,3,225,audiovisual,250,,1,0.7064532999647781,0.6864532999647781,-20.0,3100.202478399966,toj
005,21,f,vandy,3,226,audiovisual,-150,,2,0.3070328999310732,0.28703289993107317,-20.0,3102.082980499952,toj
005,21,f,vandy,3,227,audiovisual,150,,2,2.13393879996147,2.11393879996147,-20.0,3103.8971290999325,toj
005,21,f,vandy,3,228,audiovisual,200,,2,0.4398057999787852,0.4198057999787852,-20.0,3107.9242158000125,toj
005,21,f,vandy,3,229,audiovisual,0,,2,0.3876309000188485,0.36763090001884846,-20.0,3109.433771400014,toj
005,21,f,vandy,3,230,audiovisual,250,,2,0.30727710004430264,0.2872771000443026,-20.0,3111.033255700022,toj
005,21,f,vandy,3,231,audiovisual,200,,2,0.3338903000112623,0.3138903000112623,-20.0,3112.831428000005,toj
005,21,f,vandy,3,232,audiovisual,-50,,2,0.2810016000876203,0.2610016000876203,-20.0,3114.246273699915,toj
005,21,f,vandy,3,233,audiovisual,-100,,2,0.7212167999241501,0.7012167999241501,-20.0,3115.927994299913,toj
005,21,f,vandy,3,234,audiovisual,300,,2,0.49322549998760223,0.4732254999876022,-20.0,3118.368925299961,toj
005,21,f,vandy,3,235,audiovisual,-50,,2,0.32057480001822114,0.3005748000182211,-20.0,3120.1692914000014,toj
005,21,f,vandy,3,236,audiovisual,-200,,2,0.45360280002932996,0.43360280002932994,-20.0,3122.1297658999683,toj
005,21,f,vandy,3,237,audiovisual,-100,,2,0.3993086999980733,0.37930869999807326,-20.0,3124.1312604999403,toj
005,21,f,vandy,3,238,audiovisual,250,,2,0.533188300090842,0.5131883000908419,-20.0,3126.0646350999596,toj
005,21,f,vandy,3,239,audiovisual,100,,2,0.5758972000330687,0.5558972000330686,-20.0,3127.7716121999547,toj
005,21,f,vandy,3,240,audiovisual,-200,,2,0.6279024999821559,0.6079024999821558,-20.0,3129.6021085999673,toj
005,21,f,vandy,3,241,audiovisual,150,,2,0.7050365000031888,0.6850365000031888,-20.0,3132.053827499971,toj
005,21,f,vandy,3,242,audiovisual,200,,2,0.5734856000635773,0.5534856000635773,-20.0,3133.948048799997,toj
005,21,f,vandy,3,243,audiovisual,200,,2,1.079355499939993,1.059355499939993,-20.0,3136.148129599984,toj
005,21,f,vandy,3,244,audiovisual,50,,2,1.0674884000327438,1.0474884000327438,-20.0,3138.4424887999194,toj
005,21,f,vandy,3,245,audiovisual,-300,,2,0.8255151000339538,0.8055151000339538,-20.0,3141.2966464000056,toj
005,21,f,vandy,3,246,audiovisual,300,,2,0.6972831999883056,0.6772831999883056,-20.0,3143.4173069000244,toj
005,21,f,vandy,3,247,audiovisual,150,,1,1.1366888000629842,1.1166888000629842,-20.0,3145.462436700007,toj
005,21,f,vandy,3,248,audiovisual,-250,,1,0.7068667999701574,0.6868667999701574,-20.0,3147.6625423999503,toj
005,21,f,vandy,3,249,audiovisual,300,,1,1.0257610999979079,1.0057610999979079,-20.0,3149.833899099962,toj
005,21,f,vandy,3,250,audiovisual,0,,1,1.145534300012514,1.125534300012514,-20.0,3152.113567100023,toj
005,21,f,vandy,3,251,audiovisual,-150,,1,0.8414007999235764,0.8214007999235764,-20.0,3154.6082381999586,toj
005,21,f,vandy,3,252,audiovisual,50,,1,0.5733153999317437,0.5533153999317437,-20.0,3157.2099118999904,toj
005,21,f,vandy,3,253,audiovisual,-50,,1,0.5869037000229582,0.5669037000229582,-20.0,3159.796665099915,toj
005,21,f,vandy,3,254,audiovisual,-250,,1,0.7990344999125227,0.7790344999125227,-20.0,3161.8651155999396,toj
005,21,f,vandy,3,255,audiovisual,-150,,2,0.9779078999999911,0.957907899999991,-20.0,3164.397426599986,toj
005,21,f,vandy,3,256,audiovisual,0,,2,1.7075002000201494,1.6875002000201493,-20.0,3166.7632082999917,toj
005,21,f,vandy,3,257,audiovisual,-150,,1,1.2020638000685722,1.1820638000685721,-20.0,3169.520579300006,toj
005,21,f,vandy,3,258,audiovisual,50,,2,0.7346405000425875,0.7146405000425875,-20.0,3172.0424053999595,toj
005,21,f,vandy,3,259,audiovisual,-50,,1,0.5208377999952063,0.5008377999952063,-20.0,3174.2830322999507,toj
005,21,f,vandy,3,260,audiovisual,150,,1,0.9605774999363348,0.9405774999363348,-20.0,3176.00254399993,toj
005,21,f,vandy,3,261,audiovisual,-150,,1,0.8003856999566779,0.7803856999566778,-20.0,3178.123477999936,toj
005,21,f,vandy,3,262,audiovisual,-150,,1,1.0675441999919713,1.0475441999919712,-20.0,3180.496837100014,toj
005,21,f,vandy,3,263,audiovisual,100,,1,3.2550677000544965,3.2350677000544965,-20.0,3182.79164099996,toj
005,21,f,vandy,3,264,audiovisual,300,,1,1.5207696999423206,1.5007696999423206,-20.0,3187.766928399913,toj
005,21,f,vandy,3,265,audiovisual,-200,,1,0.8141184999840334,0.7941184999840334,-20.0,3190.434526799945,toj
005,21,f,vandy,3,266,audiovisual,250,,1,1.2545468000462279,1.2345468000462279,-20.0,3192.3018776000245,toj
005,21,f,vandy,3,267,audiovisual,-250,,1,0.6537229000823572,0.6337229000823572,-20.0,3194.889780299971,toj
005,21,f,vandy,3,268,audiovisual,250,,2,0.7605082000372931,0.7405082000372931,-20.0,3197.5705725000007,toj
005,21,f,vandy,3,269,audiovisual,50,,1,0.7467995999613777,0.7267995999613777,-20.0,3199.944356599939,toj
005,21,f,vandy,3,270,audiovisual,250,,1,0.9345056000165641,0.9145056000165641,-20.0,3202.17186100001,toj
005,21,f,vandy,3,271,audiovisual,0,,1,0.4940013999585062,0.4740013999585062,-20.0,3204.706657700008,toj
005,21,f,vandy,3,272,audiovisual,100,,2,0.4799078000942245,0.4599078000942245,-20.0,3206.5206447999226,toj
005,21,f,vandy,3,273,audiovisual,200,,2,0.7476319000124931,0.7276319000124931,-20.0,3208.7475864000153,toj
005,21,f,vandy,3,274,audiovisual,-150,,2,0.667118199984543,0.647118199984543,-20.0,3210.8824221999384,toj
005,21,f,vandy,3,275,audiovisual,-100,,2,0.7205903000431135,0.7005903000431135,-20.0,3212.989710499998,toj
005,21,f,vandy,3,276,audiovisual,-150,,2,0.5866227999795228,0.5666227999795228,-20.0,3215.377094399999,toj
005,21,f,vandy,3,277,audiovisual,-50,,2,0.311042100074701,0.291042100074701,-20.0,3217.0170434999745,toj
005,21,f,vandy,3,278,audiovisual,-100,,2,0.37645330000668764,0.3564533000066876,-20.0,3219.2619038999546,toj
005,21,f,vandy,3,279,audiovisual,250,,2,0.2803200000198558,0.2603200000198558,-20.0,3220.862004800001,toj
005,21,f,vandy,3,280,audiovisual,-200,,1,0.7758889999240637,0.7558889999240637,-20.0,3222.7050623999676,toj
005,21,f,vandy,3,281,audiovisual,300,,2,0.7857499000383541,0.7657499000383541,-20.0,3225.3423077999614,toj
005,21,f,vandy,3,282,audiovisual,-100,,2,0.8001195999095216,0.7801195999095216,-20.0,3227.2078137999633,toj
005,21,f,vandy,3,283,audiovisual,0,,2,0.5473490000003949,0.5273490000003949,-20.0,3230.035244999919,toj
005,21,f,vandy,3,284,audiovisual,-150,,2,0.6405025999993086,0.6205025999993086,-20.0,3232.0366645000177,toj
005,21,f,vandy,3,285,audiovisual,50,,2,0.506323599955067,0.486323599955067,-20.0,3234.6639878000133,toj
005,21,f,vandy,3,286,audiovisual,0,,2,0.6272051999112591,0.6072051999112591,-20.0,3236.7842903999845,toj
005,21,f,vandy,3,287,audiovisual,-50,,1,0.6803660000441596,0.6603660000441596,-20.0,3239.132261699997,toj
005,21,f,vandy,3,288,audiovisual,-150,,2,0.4809147999621928,0.46091479996219276,-20.0,3241.642033500015,toj
005,21,f,vandy,3,289,audiovisual,300,,2,0.8006689000176266,0.7806689000176266,-20.0,3243.4680111999623,toj
005,21,f,vandy,3,290,audiovisual,150,,1,0.5737189000938088,0.5537189000938088,-20.0,3245.602238100022,toj
005,21,f,vandy,3,291,audiovisual,50,,2,0.38782679999712855,0.36782679999712853,-20.0,3247.9756291999947,toj
005,21,f,vandy,3,292,audiovisual,-50,,2,0.5473504000110552,0.5273504000110552,-20.0,3250.31055179995,toj
005,21,f,vandy,3,293,audiovisual,-200,,1,0.810019199969247,0.790019199969247,-20.0,3252.817540399963,toj
005,21,f,vandy,3,294,audiovisual,150,,2,1.0102987999562174,0.9902987999562174,-20.0,3255.1246518999105,toj
005,21,f,vandy,3,295,audiovisual,100,,2,0.6671795999864116,0.6471795999864116,-20.0,3257.47208899993,toj
005,21,f,vandy,3,296,audiovisual,-250,,1,0.975196999963373,0.9551969999633729,-20.0,3259.713683799957,toj
005,21,f,vandy,3,297,audiovisual,-50,,2,1.2410516999661922,1.2210516999661922,-20.0,3262.3019577999366,toj
005,21,f,vandy,3,298,audiovisual,200,,1,0.6401483999798074,0.6201483999798074,-20.0,3265.048865000019,toj
005,21,f,vandy,3,299,audiovisual,150,,2,0.40102449990808964,0.3810244999080896,-20.0,3267.1156275999965,toj
005,21,f,vandy,3,300,audiovisual,-50,,2,0.6540444000856951,0.6340444000856951,-20.0,3269.29113909998,toj
005,21,f,vandy,3,301,audiovisual,-150,,2,0.6176884999731556,0.5976884999731555,-20.0,3271.477270399919,toj
005,21,f,vandy,3,302,audiovisual,100,,1,0.5899588000029325,0.5699588000029325,-20.0,3273.282137500006,toj
005,21,f,vandy,3,303,audiovisual,-250,,1,0.6409318000078201,0.6209318000078201,-20.0,3275.4015047999565,toj
005,21,f,vandy,3,304,audiovisual,100,,2,0.5756678999168798,0.5556678999168798,-20.0,3277.266649600002,toj
005,21,f,vandy,3,305,audiovisual,-250,,2,0.7200241000391543,0.7000241000391543,-20.0,3279.241958300001,toj
005,21,f,vandy,3,306,audiovisual,-200,,1,0.5736777000129223,0.5536777000129223,-20.0,3281.3474435999524,toj
005,21,f,vandy,3,307,audiovisual,-150,,1,0.6943909999681637,0.6743909999681637,-20.0,3283.121830799966,toj
005,21,f,vandy,3,308,audiovisual,200,,1,0.5336014999775216,0.5136014999775216,-20.0,3284.8829098999267,toj
005,21,f,vandy,3,309,audiovisual,100,,1,0.4940655999816954,0.4740655999816954,-20.0,3287.3366977999685,toj
005,21,f,vandy,3,310,audiovisual,-300,,2,0.5248726999852806,0.5048726999852806,-20.0,3288.9638697999762,toj
005,21,f,vandy,3,311,audiovisual,50,,2,0.5735250000143424,0.5535250000143423,-20.0,3291.262742999941,toj
005,21,f,vandy,3,312,audiovisual,250,,1,0.18749439995735884,0.16749439995735885,-20.0,3293.671735699987,toj
005,21,f,vandy,3,313,audiovisual,-100,,2,0.40009979996830225,0.38009979996830223,-20.0,3295.963858800009,toj
005,21,f,vandy,3,314,audiovisual,300,,1,0.9066604000981897,0.8866604000981897,-20.0,3298.3271842999384,toj
005,21,f,vandy,3,315,audiovisual,-150,,2,1.1468905999790877,1.1268905999790877,-20.0,3301.1946018999442,toj
005,21,f,vandy,3,316,audiovisual,-300,,2,1.1470924000022933,1.1270924000022933,-20.0,3304.3296589999227,toj
005,21,f,vandy,3,317,audiovisual,250,,2,1.3480305999983102,1.3280305999983102,-20.0,3306.5968446999323,toj
005,21,f,vandy,3,318,audiovisual,-300,,1,1.7740057000191882,1.7540057000191882,-20.0,3309.091005199938,toj
005,21,f,vandy,3,319,audiovisual,-250,,1,0.9211173000512645,0.9011173000512644,-20.0,3312.5460491999984,toj
005,21,f,vandy,3,320,audiovisual,-300,,2,3.0807964999694377,3.0607964999694377,-20.0,3314.6015222999267,toj
005,21,f,vandy,3,321,audiovisual,300,,2,0.8799986999947578,0.8599986999947578,-20.0,3319.5744891000213,toj
005,21,f,vandy,3,322,audiovisual,200,,2,0.38658759999088943,0.3665875999908894,-20.0,3322.135814899928,toj
005,21,f,vandy,3,323,audiovisual,100,,2,0.5733920000493526,0.5533920000493526,-20.0,3323.842746099923,toj
005,21,f,vandy,3,324,audiovisual,0,,2,0.960509299999103,0.9405092999991029,-20.0,3325.963496299926,toj
005,21,f,vandy,3,325,audiovisual,200,,2,0.562294700066559,0.542294700066559,-20.0,3328.3525626999326,toj
005,21,f,vandy,3,326,audiovisual,50,,2,0.5348399999784306,0.5148399999784306,-20.0,3330.701969399932,toj
005,21,f,vandy,3,327,audiovisual,100,,2,0.5860733999870718,0.5660733999870717,-20.0,3332.727781799971,toj
005,21,f,vandy,3,328,audiovisual,-200,,2,0.681423700065352,0.661423700065352,-20.0,3335.0619204000104,toj
005,21,f,vandy,3,329,audiovisual,250,,2,0.733313100063242,0.713313100063242,-20.0,3336.795102200005,toj
005,21,f,vandy,3,330,audiovisual,-150,,2,0.6271801999537274,0.6071801999537274,-20.0,3339.341763900011,toj
005,21,f,vandy,3,331,audiovisual,-200,,1,0.8003216000506654,0.7803216000506654,-20.0,3341.7569517999655,toj
005,21,f,vandy,3,332,audiovisual,150,,2,0.5349072000244632,0.5149072000244632,-20.0,3344.2905556999613,toj
005,21,f,vandy,3,333,audiovisual,200,,2,0.5607848999788985,0.5407848999788984,-20.0,3346.0393710000208,toj
005,21,f,vandy,3,334,audiovisual,0,,2,0.28025469998829067,0.26025469998829065,-20.0,3348.585446799989,toj
005,21,f,vandy,3,335,audiovisual,150,,2,0.4538087999681011,0.43380879996810107,-20.0,3350.626331700012,toj
005,21,f,vandy,3,336,audiovisual,150,,2,0.4264682000502944,0.4064682000502944,-20.0,3352.346738299937,toj
005,21,f,vandy,3,337,audiovisual,200,,2,0.30662030004896224,0.2866203000489622,-20.0,3354.1884255999466,toj
005,21,f,vandy,3,338,audiovisual,-150,,2,0.40040329995099455,0.38040329995099453,-20.0,3355.7304985999363,toj
005,21,f,vandy,3,339,audiovisual,-50,,2,0.32025590003468096,0.30025590003468094,-20.0,3357.562517800019,toj
005,21,f,vandy,3,340,audiovisual,250,,2,0.6401495999889448,0.6201495999889448,-20.0,3359.109594099922,toj
005,21,f,vandy,3,341,audiovisual,300,,2,1.0180944999447092,0.9980944999447092,-20.0,3360.8163894999307,toj
005,21,f,vandy,3,342,audiovisual,-300,,2,0.5997546000871807,0.5797546000871807,-20.0,3363.741853000014,toj
005,21,f,vandy,3,343,audiovisual,300,,2,0.3585181999951601,0.3385181999951601,-20.0,3366.0185593999922,toj
005,21,f,vandy,3,344,audiovisual,-250,,2,0.3475709999911487,0.3275709999911487,-20.0,3367.681111700018,toj
005,21,f,vandy,3,345,audiovisual,250,,2,0.30612309998832643,0.2861230999883264,-20.0,3369.7662992000114,toj
005,21,f,vandy,3,346,audiovisual,100,,2,0.4265033000847325,0.40650330008473246,-20.0,3372.0244832999306,toj
005,21,f,vandy,3,347,audiovisual,-300,,1,0.5349559000460431,0.5149559000460431,-20.0,3373.5545581999468,toj
005,21,f,vandy,3,348,audiovisual,50,,2,0.599806199898012,0.579806199898012,-20.0,3375.3304620999843,toj
005,21,f,vandy,3,349,audiovisual,150,,2,0.6816357000498101,0.6616357000498101,-20.0,3377.0086549000116,toj
005,21,f,vandy,3,350,audiovisual,250,,2,0.8405340999597684,0.8205340999597683,-20.0,3379.344791600015,toj
005,21,f,vandy,3,351,audiovisual,150,,2,0.7370000999653712,0.7170000999653712,-20.0,3381.5440652999096,toj
005,21,f,vandy,3,352,audiovisual,-300,,1,0.6004076000535861,0.580407600053586,-20.0,3383.761860699975,toj
005,21,f,vandy,3,353,audiovisual,250,,1,0.9072954999282956,0.8872954999282956,-20.0,3385.5618697999744,toj
005,21,f,vandy,3,354,audiovisual,-200,,1,1.388655599905178,1.368655599905178,-20.0,3388.0669278999558,toj
005,21,f,vandy,3,355,audiovisual,-300,,1,1.0267889000242576,1.0067889000242576,-20.0,3390.842559300014,toj
005,21,f,vandy,3,356,audiovisual,0,,1,0.9330494999885559,0.9130494999885559,-20.0,3392.89495909994,toj
005,21,f,vandy,3,357,audiovisual,250,,2,0.6809365999652073,0.6609365999652073,-20.0,3395.0423692999175,toj
005,21,f,vandy,3,358,audiovisual,100,,2,0.4122131000040099,0.3922131000040099,-20.0,3397.216679999954,toj
005,21,f,vandy,3,359,audiovisual,0,,2,0.45410719991195947,0.43410719991195945,-20.0,3399.563748699962,toj
005,21,f,vandy,3,360,audiovisual,0,,1,0.4299538000486791,0.4099538000486791,-20.0,3401.2188329999335,toj
005,21,f,vandy,3,361,audiovisual,-300,,1,0.8934621000662446,0.8734621000662446,-20.0,3402.861824100022,toj
005,21,f,vandy,3,362,audiovisual,150,,1,3.028284900006838,3.008284900006838,-20.0,3405.5127445999533,toj
005,21,f,vandy,3,363,audiovisual,-100,,1,1.0538562999572605,1.0338562999572605,-20.0,3409.981927899993,toj
005,21,f,vandy,3,364,audiovisual,-300,,1,1.2933697999687865,1.2733697999687865,-20.0,3412.808927999926,toj
005,21,f,vandy,3,365,audiovisual,-100,,2,0.8942594000836834,0.8742594000836834,-20.0,3416.1032506999327,toj
005,21,f,vandy,3,366,audiovisual,300,,2,0.8435318999690935,0.8235318999690935,-20.0,3418.6117222999455,toj
005,21,f,vandy,3,367,audiovisual,-50,,1,0.7885380999650806,0.7685380999650806,-20.0,3420.761761499918,toj
005,21,f,vandy,3,368,audiovisual,50,,2,0.7460884000174701,0.7260884000174701,-20.0,3422.641670999932,toj
005,21,f,vandy,3,369,audiovisual,-300,,2,1.3204482999863103,1.3004482999863103,-20.0,3424.5063485999126,toj
005,21,f,vandy,3,370,audiovisual,-50,,2,0.5084142000414431,0.4884142000414431,-20.0,3427.082121199928,toj
005,21,f,vandy,3,371,audiovisual,-150,,1,0.5204862999962643,0.5004862999962643,-20.0,3428.9227708999533,toj
005,21,f,vandy,3,372,audiovisual,250,,2,0.5875423999968916,0.5675423999968916,-20.0,3430.535814599949,toj
005,21,f,vandy,3,373,audiovisual,-300,,2,0.6272866999497637,0.6072866999497637,-20.0,3432.4032732999185,toj
005,21,f,vandy,3,374,audiovisual,100,,1,0.4539554000366479,0.4339554000366479,-20.0,3434.243366800016,toj
005,21,f,vandy,3,375,audiovisual,50,,2,0.5866318000480533,0.5666318000480532,-20.0,3435.7639418999897,toj
005,21,f,vandy,3,376,audiovisual,300,,2,0.5439648000756279,0.5239648000756278,-20.0,3437.8314177999273,toj
005,21,f,vandy,3,377,audiovisual,100,,2,0.5336126999463886,0.5136126999463886,-20.0,3439.6853108999785,toj
005,21,f,vandy,3,378,audiovisual,-200,,2,0.5205426999600604,0.5005426999600604,-20.0,3442.0061034000246,toj
005,21,f,vandy,3,379,audiovisual,200,,1,0.5866491999477148,0.5666491999477148,-20.0,3444.0337237999775,toj
005,21,f,vandy,3,380,audiovisual,0,,2,0.49387360003311187,0.47387360003311185,-20.0,3445.7936348000076,toj
005,21,f,vandy,3,381,audiovisual,-150,,2,0.44012459996156394,0.4201245999615639,-20.0,3447.6890621000202,toj
005,21,f,vandy,3,382,audiovisual,-150,,2,0.787013900000602,0.767013900000602,-20.0,3449.7294366999995,toj
005,21,f,vandy,3,383,audiovisual,50,,2,0.6187123000854626,0.5987123000854626,-20.0,3451.7566247999202,toj
005,21,f,vandy,3,384,audiovisual,200,,2,0.7601699999067932,0.7401699999067932,-20.0,3453.681722600013,toj
005,21,f,vandy,3,385,audiovisual,-250,,1,1.0933748000534251,1.0733748000534251,-20.0,3456.0418230999494,toj
005,21,f,vandy,3,386,audiovisual,250,,2,1.8005340999225155,1.7805340999225154,-20.0,3458.4918524000095,toj
005,21,f,vandy,3,387,audiovisual,50,,1,0.7608314999379218,0.7408314999379217,-20.0,3461.8931485000066,toj
005,21,f,vandy,3,388,audiovisual,-250,,1,1.9073264000471681,1.8873264000471681,-20.0,3464.2277674999787,toj
005,21,f,vandy,3,389,audiovisual,-50,,1,1.2681315999943763,1.2481315999943763,-20.0,3468.0958366999403,toj
005,21,f,vandy,3,390,audiovisual,-250,,2,2.028230300056748,2.008230300056748,-20.0,3470.484202099964,toj
